"Code","Class","SourceStatus","DescriptionPreferred","DescriptionBase","DescriptionApp"
"B0004","B","app-only","Блок управления двигателем Discrete Вход Скорость Сигнал Not Present",,"Блок управления двигателем Discrete Вход Скорость Сигнал Not Present"
"B0005","B","app-only","In Park Switch Цепь Неисправность",,"In Park Switch Цепь Неисправность"
"B0016","B","app-only","RF/Пассажир Фронтальный Срабатывание Контур (Single Ступень or Ступень 1) Сопротивление Низкий",,"RF/Пассажир Фронтальный Срабатывание Контур (Single Ступень or Ступень 1) Сопротивление Низкий"
"B0017","B","app-only","RF/Пассажир Фронтальный Срабатывание Контур (Single Ступень or Ступень 1) Обрыв",,"RF/Пассажир Фронтальный Срабатывание Контур (Single Ступень or Ступень 1) Обрыв"
"B0018","B","app-only","RF/Пассажир Фронтальный Срабатывание Контур (Single Ступень or Ступень 1) Короткое замыкание на массу/Напряжение Out of Range",,"RF/Пассажир Фронтальный Срабатывание Контур (Single Ступень or Ступень 1) Короткое замыкание на массу/Напряжение Out of Range"
"B0022","B","app-only","LF/Водитель Фронтальный Срабатывание Контур (Single Ступень or Ступень 1) Сопротивление Низкий",,"LF/Водитель Фронтальный Срабатывание Контур (Single Ступень or Ступень 1) Сопротивление Низкий"
"B0024","B","app-only","LF/Водитель Фронтальный Срабатывание Контур (Single Ступень or Ступень 1) Короткое замыкание на массу/Напряжение Out of Range",,"LF/Водитель Фронтальный Срабатывание Контур (Single Ступень or Ступень 1) Короткое замыкание на массу/Напряжение Out of Range"
"B0026","B","app-only","LF/Водитель Фронтальный Срабатывание Контур (Single Ступень or Ступень 1) Обрыв",,"LF/Водитель Фронтальный Срабатывание Контур (Single Ступень or Ступень 1) Обрыв"
"B0028","B","both","Right Front Пассажир Side Срабатывание Контур Сопротивление Низкий","Right Front Пассажир Side Срабатывание Контур Сопротивление Низкий","RF/Пассажир Side Срабатывание Контур Сопротивление Низкий"
"B0029","B","app-only","RF/Пассажир Side Срабатывание Контур Обрыв",,"RF/Пассажир Side Срабатывание Контур Обрыв"
"B0030","B","app-only","RF/Пассажир Side Срабатывание Контур Короткое замыкание на массу/Напряжение Out of Range",,"RF/Пассажир Side Срабатывание Контур Короткое замыкание на массу/Напряжение Out of Range"
"B0035","B","app-only","ADS Closed/Shorted to Масса",,"ADS Closed/Shorted to Масса"
"B0036","B","app-only","ADS Обрыв/Missing/Shorted to Батарея",,"ADS Обрыв/Missing/Shorted to Батарея"
"B0037","B","both","Auxiliary Discriminating Sensor Switch Closed or Shorted to Ground","Auxiliary Discriminating Sensor Switch Closed or Shorted to Ground","AUX switch closed/shorted to Масса"
"B0038","B","app-only","AUX switch Обрыв/shorted to Батарея",,"AUX switch Обрыв/shorted to Батарея"
"B0040","B","app-only","LF/Водитель Side Срабатывание Контур Сопротивление Низкий",,"LF/Водитель Side Срабатывание Контур Сопротивление Низкий"
"B0041","B","app-only","LF/Водитель Side Срабатывание Контур Обрыв",,"LF/Водитель Side Срабатывание Контур Обрыв"
"B0045","B","app-only","LF Side Deploy Контур Короткое замыкание на массу/Напряжение Out of Range",,"LF Side Deploy Контур Короткое замыкание на массу/Напряжение Out of Range"
"B0051","B","app-only","Срабатывание Запрошенный",,"Срабатывание Запрошенный"
"B0053","B","app-only","Срабатывание Запрошенный with Контур Malfunctions Present",,"Срабатывание Запрошенный with Контур Malfunctions Present"
"B0057","B","app-only","RF/Пассажир Pretensioner Срабатывание Контур Сопротивление Низкий",,"RF/Пассажир Pretensioner Срабатывание Контур Сопротивление Низкий"
"B0058","B","app-only","RF/Пассажир Pretensioner Срабатывание Контур Обрыв",,"RF/Пассажир Pretensioner Срабатывание Контур Обрыв"
"B0059","B","app-only","RF/Пассажир Pretensioner Срабатывание Контур Короткое замыкание на массу/Напряжение Out of Range",,"RF/Пассажир Pretensioner Срабатывание Контур Короткое замыкание на массу/Напряжение Out of Range"
"B0064","B","app-only","LF/Водитель Pretensioner Срабатывание Контур Сопротивление Низкий",,"LF/Водитель Pretensioner Срабатывание Контур Сопротивление Низкий"
"B0065","B","app-only","LF/Водитель Pretensioner Срабатывание Контур Обрыв",,"LF/Водитель Pretensioner Срабатывание Контур Обрыв"
"B0066","B","app-only","LF/Водитель Pretensioner Срабатывание Контур Короткое замыкание на массу/Напряжение Out of Range",,"LF/Водитель Pretensioner Срабатывание Контур Короткое замыкание на массу/Напряжение Out of Range"
"B0073","B","app-only","Supplemental Срабатывание Контур #1 Сопротивление Низкий",,"Supplemental Срабатывание Контур #1 Сопротивление Низкий"
"B0074","B","app-only","Supplemental Срабатывание Контур #1 Обрыв",,"Supplemental Срабатывание Контур #1 Обрыв"
"B0075","B","app-only","Supplemental Срабатывание Контур #1 Короткое замыкание на массу/Напряжение Out of Range",,"Supplemental Срабатывание Контур #1 Короткое замыкание на массу/Напряжение Out of Range"
"B0077","B","app-only","LF/Водитель SIS Неисправность",,"LF/Водитель SIS Неисправность"
"B0078","B","app-only","RF/Пассажир SIS Неисправность",,"RF/Пассажир SIS Неисправность"
"B0079","B","app-only","Incorrect LF/Водитель SIS Installed",,"Incorrect LF/Водитель SIS Installed"
"B0080","B","app-only","Discard LF/Водитель SIS",,"Discard LF/Водитель SIS"
"B0081","B","app-only","Incorrect RF/Пассажир SIS Installed",,"Incorrect RF/Пассажир SIS Installed"
"B0082","B","app-only","Discard RF/Пассажир SIS",,"Discard RF/Пассажир SIS"
"B0086","B","app-only","Supplemental Срабатывание Контур #2 Сопротивление Низкий",,"Supplemental Срабатывание Контур #2 Сопротивление Низкий"
"B0087","B","app-only","Supplemental Срабатывание Контур #2 Обрыв",,"Supplemental Срабатывание Контур #2 Обрыв"
"B0088","B","app-only","Supplemental Срабатывание Контур #2 Короткое замыкание на массу/Напряжение Out of Range",,"Supplemental Срабатывание Контур #2 Короткое замыкание на массу/Напряжение Out of Range"
"B0090","B","app-only","Active switch Напряжение out of range",,"Active switch Напряжение out of range"
"B0091","B","app-only","Active switch: wrong state",,"Active switch: wrong state"
"B0092","B","app-only","PPS Пассажир detection error",,"PPS Пассажир detection error"
"B0093","B","app-only","PPS/CPS self-test Неисправность",,"PPS/CPS self-test Неисправность"
"B0094","B","app-only","CPS childseat detection error",,"CPS childseat detection error"
"B0095","B","app-only","SDM-PPS/CPS mismatch Неисправность",,"SDM-PPS/CPS mismatch Неисправность"
"B0126","B","app-only","Right Panel Discharge Температура Fault",,"Right Panel Discharge Температура Fault"
"B0131","B","app-only","Right Нагреватель Discharge Температура Fault",,"Right Нагреватель Discharge Температура Fault"
"B0159","B","app-only","Outside Воздух Температура Датчик Цепь Диапазон/Производительность",,"Outside Воздух Температура Датчик Цепь Диапазон/Производительность"
"B0164","B","app-only","Пассажир Compartment Температура Датчик #1 (Single Датчик or LH) Цепь Диапазон/Производительность",,"Пассажир Compartment Температура Датчик #1 (Single Датчик or LH) Цепь Диапазон/Производительность"
"B0169","B","both","Passenger Compartment In-Car Temperature Sensor Failure","Passenger Compartment In-Car Temperature Sensor Failure","In-car Temp Датчик Failure (Пассажир -not used)"
"B0174","B","app-only","Выход Воздух Температура Датчик #1 (Upper; Single or LH) Цепь Диапазон/Производительность",,"Выход Воздух Температура Датчик #1 (Upper; Single or LH) Цепь Диапазон/Производительность"
"B0179","B","app-only","Выход Воздух Температура Датчик #2 (Lower; Single or LH) Цепь Диапазон/Производительность",,"Выход Воздух Температура Датчик #2 (Lower; Single or LH) Цепь Диапазон/Производительность"
"B0184","B","app-only","Solar Нагрузка Датчик #1 CKT Range",,"Solar Нагрузка Датчик #1 CKT Range"
"B0189","B","app-only","Solar Нагрузка Датчик #2 CKT Range",,"Solar Нагрузка Датчик #2 CKT Range"
"B0248","B","app-only","Mode Door Inoperative Error",,"Mode Door Inoperative Error"
"B0249","B","app-only","Нагреватель/Defrost/AC Door Range Error",,"Нагреватель/Defrost/AC Door Range Error"
"B0268","B","app-only","A/I Door Inoperative Error",,"A/I Door Inoperative Error"
"B0269","B","app-only","Воздух Inlet Door Range Error",,"Воздух Inlet Door Range Error"
"B0408","B","app-only","Температура Управление #1 (Main/Front) Цепь Неисправность",,"Температура Управление #1 (Main/Front) Цепь Неисправность"
"B0409","B","app-only","Воздух Mix Door #1 Range Error",,"Воздух Mix Door #1 Range Error"
"B0419","B","app-only","Воздух Mix Door #2 Range Error",,"Воздух Mix Door #2 Range Error"
"B0423","B","app-only","Воздух Mix Door #2 Inoperative Error",,"Воздух Mix Door #2 Inoperative Error"
"B0428","B","app-only","Воздух Mix Door #3 Inoperative Error",,"Воздух Mix Door #3 Inoperative Error"
"B0429","B","app-only","Температура Управление #3 Rear Цепь Диапазон/Производительность",,"Температура Управление #3 Rear Цепь Диапазон/Производительность"
"B0510","B","app-only","RH Panel Discharge Temp Датчик Failure",,"RH Panel Discharge Temp Датчик Failure"
"B0515","B","app-only","RH Нагреватель Discharge Temp Датчик Failure",,"RH Нагреватель Discharge Temp Датчик Failure"
"B0520","B","both","Rear Discharge Air Temperature Sensor Failure","Rear Discharge Air Temperature Sensor Failure","Rear Discharge Temp Датчик Failure"
"B0530","B","app-only","Топливо Level Датчик Заклинило",,"Топливо Level Датчик Заклинило"
"B0532","B","app-only","Топливо Датчик Shorted To Масса",,"Топливо Датчик Shorted To Масса"
"B0533","B","app-only","Топливо Датчик Обрыв/Shorted To B+",,"Топливо Датчик Обрыв/Shorted To B+"
"B0688","B","app-only","Security Система Индикатор Цепь Высокий",,"Security Система Индикатор Цепь Высокий"
"B0768","B","both","Service Indicator Circuit High","Service Indicator Circuit High","Service Индикатор Цепь Высокий"
"B0846","B","app-only","+5 Volt Reference Out of Range",,"+5 Volt Reference Out of Range"
"B0856","B","app-only","Батарея 2 Out of Range",,"Батарея 2 Out of Range"
"B1200","B","base-only","Climate Управление Pushbutton Цепь Failure","Climate Управление Pushbutton Цепь Failure",
"B1201","B","base-only","Топливо Sender Цепь Failure","Топливо Sender Цепь Failure",
"B1202","B","base-only","Топливо Sender Цепь Обрыв","Топливо Sender Цепь Обрыв",
"B1203","B","base-only","Топливо Sender Цепь Короткое замыкание на батарею","Топливо Sender Цепь Короткое замыкание на батарею",
"B1204","B","base-only","Топливо Sender Цепь Короткое замыкание на массу","Топливо Sender Цепь Короткое замыкание на массу",
"B1205","B","base-only","EIC Switch-1 Assembly Цепь Failure","EIC Switch-1 Assembly Цепь Failure",
"B1206","B","base-only","EIC Switch-1 Assembly Цепь Обрыв","EIC Switch-1 Assembly Цепь Обрыв",
"B1207","B","base-only","EIC Switch-1 Assembly Цепь Короткое замыкание на батарею","EIC Switch-1 Assembly Цепь Короткое замыкание на батарею",
"B1208","B","base-only","EIC Switch-1 Assembly Цепь Короткое замыкание на массу","EIC Switch-1 Assembly Цепь Короткое замыкание на массу",
"B1209","B","base-only","EIC Switch-2 Assembly Цепь Failure","EIC Switch-2 Assembly Цепь Failure",
"B1210","B","base-only","EIC Switch-2 Assembly Цепь Обрыв","EIC Switch-2 Assembly Цепь Обрыв",
"B1211","B","base-only","EIC Switch-2 Assembly Цепь Короткое замыкание на батарею","EIC Switch-2 Assembly Цепь Короткое замыкание на батарею",
"B1212","B","base-only","EIC Switch-2 Assembly Цепь Короткое замыкание на массу","EIC Switch-2 Assembly Цепь Короткое замыкание на массу",
"B1213","B","base-only","Anti-Theft Number of Programmed Keys Is Below Minimum","Anti-Theft Number of Programmed Keys Is Below Minimum",
"B1214","B","base-only","Running Board Лампа Цепь Failure","Running Board Лампа Цепь Failure",
"B1215","B","base-only","Running Board Лампа Цепь Короткое замыкание на батарею","Running Board Лампа Цепь Короткое замыкание на батарею",
"B1216","B","base-only","Emergency & Road Side Assistance Switch Цепь Короткое замыкание на массу","Emergency & Road Side Assistance Switch Цепь Короткое замыкание на массу",
"B1217","B","base-only","Horn Relay Катушка Цепь Failure","Horn Relay Катушка Цепь Failure",
"B1218","B","base-only","Horn Relay Катушка Цепь Короткое замыкание to Vbatt","Horn Relay Катушка Цепь Короткое замыкание to Vbatt",
"B1219","B","base-only","Топливо Tank Давление Датчик Цепь Failure","Топливо Tank Давление Датчик Цепь Failure",
"B1220","B","base-only","Топливо Tank Давление Датчик Цепь Обрыв","Топливо Tank Давление Датчик Цепь Обрыв",
"B1222","B","base-only","Топливо Температура Датчик #1 Цепь Failure","Топливо Температура Датчик #1 Цепь Failure",
"B1223","B","base-only","Топливо Температура Датчик #1 Цепь Обрыв","Топливо Температура Датчик #1 Цепь Обрыв",
"B1224","B","base-only","Топливо Температура Датчик #1 Цепь Короткое замыкание на батарею","Топливо Температура Датчик #1 Цепь Короткое замыкание на батарею",
"B1225","B","base-only","Топливо Температура Датчик #1 Цепь Короткое замыкание на массу","Топливо Температура Датчик #1 Цепь Короткое замыкание на массу",
"B1226","B","base-only","Топливо Температура Датчик #2 Цепь Failure","Топливо Температура Датчик #2 Цепь Failure",
"B1227","B","base-only","Топливо Температура Датчик #2 Цепь Обрыв","Топливо Температура Датчик #2 Цепь Обрыв",
"B1228","B","base-only","Топливо Температура Датчик #2 Цепь Короткое замыкание на батарею","Топливо Температура Датчик #2 Цепь Короткое замыкание на батарею",
"B1229","B","base-only","Топливо Температура Датчик #2 Цепь Короткое замыкание на массу","Топливо Температура Датчик #2 Цепь Короткое замыкание на массу",
"B1231","B","base-only","Longitudinal Acceleration Порог Exceeded","Longitudinal Acceleration Порог Exceeded",
"B1232","B","base-only","See Manufacturer","See Manufacturer",
"B1233","B","base-only","Glass Break Датчик Failure","Glass Break Датчик Failure",
"B1234","B","base-only","Mirror Switch Неверный Code","Mirror Switch Неверный Code",
"B1235","B","base-only","Window Feedback Failure","Window Feedback Failure",
"B1236","B","base-only","Window Feedback Loss of Сигнал","Window Feedback Loss of Сигнал",
"B1237","B","base-only","Window Feedback Out of Range","Window Feedback Out of Range",
"B1238","B","base-only","Over Температура Fault","Over Температура Fault",
"B1239","B","base-only","Воздух Поток Blend Door Водитель Цепь Failure","Воздух Поток Blend Door Водитель Цепь Failure",
"B1240","B","base-only","Wiper Washer Rear Насос Relay Цепь Failure","Wiper Washer Rear Насос Relay Цепь Failure",
"B1241","B","base-only","Wiper Washer Rear Насос Relay Цепь Короткое замыкание на батарею","Wiper Washer Rear Насос Relay Цепь Короткое замыкание на батарею",
"B1242","B","base-only","Воздух Поток Recirculation Door Водитель Цепь Failure","Воздух Поток Recirculation Door Водитель Цепь Failure",
"B1243","B","base-only","Express Window Down Switch Цепь Короткое замыкание на батарею","Express Window Down Switch Цепь Короткое замыкание на батарею",
"B1244","B","base-only","Wiper Rear Motor Run Relay Цепь Failure","Wiper Rear Motor Run Relay Цепь Failure",
"B1245","B","base-only","Wiper Rear Motor Run Relay Цепь Короткое замыкание на батарею","Wiper Rear Motor Run Relay Цепь Короткое замыкание на батарею",
"B1246","B","base-only","Dim Panel Potentiometer Switch Цепь Failure","Dim Panel Potentiometer Switch Цепь Failure",
"B1247","B","base-only","Panel Dim Switch Цепь Обрыв","Panel Dim Switch Цепь Обрыв",
"B1248","B","base-only","Пассажир's Seatback Autoglide Rearward Switch Цепь Короткое замыкание на массу","Пассажир's Seatback Autoglide Rearward Switch Цепь Короткое замыкание на массу",
"B1249","B","base-only","Blend Door Failure","Blend Door Failure",
"B1250","B","base-only","Воздух Температура Internal Датчик Цепь Failure","Воздух Температура Internal Датчик Цепь Failure",
"B1251","B","base-only","Воздух Температура Internal Датчик Цепь Обрыв","Воздух Температура Internal Датчик Цепь Обрыв",
"B1252","B","base-only","Воздух Температура Internal Датчик Цепь Короткое замыкание на батарею","Воздух Температура Internal Датчик Цепь Короткое замыкание на батарею",
"B1253","B","base-only","Воздух Температура Internal Датчик Цепь Короткое замыкание на массу","Воздух Температура Internal Датчик Цепь Короткое замыкание на массу",
"B1254","B","base-only","Воздух Температура External Датчик Цепь Failure","Воздух Температура External Датчик Цепь Failure",
"B1255","B","base-only","Воздух Температура External Датчик Цепь Обрыв","Воздух Температура External Датчик Цепь Обрыв",
"B1256","B","base-only","Воздух Температура External Датчик Цепь Короткое замыкание на батарею","Воздух Температура External Датчик Цепь Короткое замыкание на батарею",
"B1257","B","base-only","Воздух Температура External Датчик Цепь Короткое замыкание на массу","Воздух Температура External Датчик Цепь Короткое замыкание на массу",
"B1258","B","base-only","Solar Radiation Датчик Цепь Failure","Solar Radiation Датчик Цепь Failure",
"B1259","B","base-only","Solar Radiation Датчик Цепь Обрыв","Solar Radiation Датчик Цепь Обрыв",
"B1260","B","base-only","Solar Radiation Датчик Цепь Короткое замыкание на батарею","Solar Radiation Датчик Цепь Короткое замыкание на батарею",
"B1261","B","base-only","Solar Radiation Датчик Цепь Короткое замыкание на массу","Solar Radiation Датчик Цепь Короткое замыкание на массу",
"B1262","B","base-only","Servo Motor Defrost Цепь Failure","Servo Motor Defrost Цепь Failure",
"B1263","B","base-only","Servo Motor Вентиляция Цепь Failure","Servo Motor Вентиляция Цепь Failure",
"B1264","B","base-only","Servo Motor Foot Цепь Failure","Servo Motor Foot Цепь Failure",
"B1265","B","base-only","Servo Motor Coolair Байпас Цепь Failure","Servo Motor Coolair Байпас Цепь Failure",
"B1266","B","base-only","Servo Motor Airintake Left Цепь Failure","Servo Motor Airintake Left Цепь Failure",
"B1267","B","base-only","Servo Motor Airintake Right Цепь Failure","Servo Motor Airintake Right Цепь Failure",
"B1268","B","base-only","Servo Motor Potentiometer Defrost Цепь Failure","Servo Motor Potentiometer Defrost Цепь Failure",
"B1269","B","base-only","Servo Motor Potentiometer Defrost Цепь Обрыв","Servo Motor Potentiometer Defrost Цепь Обрыв",
"B1270","B","base-only","Servo Motor Potentiometer Defrost Цепь Короткое замыкание на батарею","Servo Motor Potentiometer Defrost Цепь Короткое замыкание на батарею",
"B1271","B","base-only","Servo Motor Potentiometer Defrost Цепь Короткое замыкание на массу","Servo Motor Potentiometer Defrost Цепь Короткое замыкание на массу",
"B1272","B","base-only","Servo Motor Potentiometer Вентиляция Цепь Failure","Servo Motor Potentiometer Вентиляция Цепь Failure",
"B1273","B","base-only","Servo Motor Potentiometer Вентиляция Цепь Обрыв","Servo Motor Potentiometer Вентиляция Цепь Обрыв",
"B1274","B","base-only","Servo Motor Potentiometer Вентиляция Цепь Короткое замыкание на батарею","Servo Motor Potentiometer Вентиляция Цепь Короткое замыкание на батарею",
"B1275","B","base-only","Servo Motor Potentiometer Вентиляция Цепь Короткое замыкание на массу","Servo Motor Potentiometer Вентиляция Цепь Короткое замыкание на массу",
"B1276","B","base-only","Servo Motor Potentiometer Foot Цепь Failure","Servo Motor Potentiometer Foot Цепь Failure",
"B1277","B","base-only","Servo Motor Potentiometer Foot Цепь Обрыв","Servo Motor Potentiometer Foot Цепь Обрыв",
"B1278","B","base-only","Servo Motor Potentiometer Foot Цепь Короткое замыкание на батарею","Servo Motor Potentiometer Foot Цепь Короткое замыкание на батарею",
"B1279","B","base-only","Servo Motor Potentiometer Foot Цепь Короткое замыкание на массу","Servo Motor Potentiometer Foot Цепь Короткое замыкание на массу",
"B1280","B","base-only","Servo Motor Potentiometer Coolair Цепь Failure","Servo Motor Potentiometer Coolair Цепь Failure",
"B1281","B","base-only","Servo Motor Potentiometer Coolair Цепь Обрыв","Servo Motor Potentiometer Coolair Цепь Обрыв",
"B1282","B","base-only","Servo Motor Potentiometer Coolair Цепь Короткое замыкание на батарею","Servo Motor Potentiometer Coolair Цепь Короткое замыкание на батарею",
"B1283","B","base-only","Servo Motor Potentiometer Coolair Цепь Короткое замыкание на массу","Servo Motor Potentiometer Coolair Цепь Короткое замыкание на массу",
"B1284","B","base-only","Servo Motor Potentiometer Airintake Left Цепь Failure","Servo Motor Potentiometer Airintake Left Цепь Failure",
"B1285","B","base-only","Servo Motor Potentiometer Airintake Left Цепь Обрыв","Servo Motor Potentiometer Airintake Left Цепь Обрыв",
"B1286","B","base-only","Servo Motor Potentiometer Airintake Left Цепь Короткое замыкание на батарею","Servo Motor Potentiometer Airintake Left Цепь Короткое замыкание на батарею",
"B1287","B","base-only","Servo Motor Potentiometer Airintake Left Цепь Короткое замыкание на массу","Servo Motor Potentiometer Airintake Left Цепь Короткое замыкание на массу",
"B1288","B","base-only","Servo Motor Potentiometer Airintake Right Цепь Failure","Servo Motor Potentiometer Airintake Right Цепь Failure",
"B1289","B","base-only","Servo Motor Potentiometer Airintake Right Цепь Обрыв","Servo Motor Potentiometer Airintake Right Цепь Обрыв",
"B1290","B","base-only","Servo Motor Potentiometer Airintake Right Цепь Короткое замыкание на батарею","Servo Motor Potentiometer Airintake Right Цепь Короткое замыкание на батарею",
"B1291","B","base-only","Servo Motor Potentiometer Airintake Right Цепь Короткое замыкание на массу","Servo Motor Potentiometer Airintake Right Цепь Короткое замыкание на массу",
"B1292","B","base-only","Батарея Power Relay Цепь Failure","Батарея Power Relay Цепь Failure",
"B1293","B","base-only","Батарея Power Relay Цепь Обрыв","Батарея Power Relay Цепь Обрыв",
"B1294","B","base-only","Батарея Power Relay Цепь Короткое замыкание на батарею","Батарея Power Relay Цепь Короткое замыкание на батарею",
"B1295","B","base-only","Батарея Power Relay Цепь Короткое замыкание на массу","Батарея Power Relay Цепь Короткое замыкание на массу",
"B1296","B","base-only","Power Supply Датчик Цепь Failure","Power Supply Датчик Цепь Failure",
"B1297","B","base-only","Power Supply Датчик Цепь Обрыв","Power Supply Датчик Цепь Обрыв",
"B1298","B","base-only","Power Supply Датчик Цепь Короткое замыкание на батарею","Power Supply Датчик Цепь Короткое замыкание на батарею",
"B1299","B","base-only","Power Supply Датчик Цепь Короткое замыкание на массу","Power Supply Датчик Цепь Короткое замыкание на массу",
"B1300","B","base-only","Power Door Lock Цепь Failure","Power Door Lock Цепь Failure",
"B1301","B","base-only","Power Door Lock Цепь Обрыв","Power Door Lock Цепь Обрыв",
"B1302","B","base-only","Accessory Delay Relay Катушка Цепь Failure","Accessory Delay Relay Катушка Цепь Failure",
"B1303","B","base-only","Accessory Delay Relay Катушка Цепь Обрыв","Accessory Delay Relay Катушка Цепь Обрыв",
"B1304","B","base-only","Accessory Delay Relay Катушка Цепь Короткое замыкание на батарею","Accessory Delay Relay Катушка Цепь Короткое замыкание на батарею",
"B1305","B","base-only","Accessory Delay Relay Катушка Цепь Короткое замыкание на массу","Accessory Delay Relay Катушка Цепь Короткое замыкание на массу",
"B1306","B","base-only","Oil Level Switch Цепь Обрыв","Oil Level Switch Цепь Обрыв",
"B1307","B","base-only","Oil Level Switch Цепь Короткое замыкание на батарею","Oil Level Switch Цепь Короткое замыкание на батарею",
"B1308","B","base-only","Oil Level Switch Цепь Короткое замыкание на массу","Oil Level Switch Цепь Короткое замыкание на массу",
"B1309","B","base-only","Power Door Lock Цепь Короткое замыкание на массу","Power Door Lock Цепь Короткое замыкание на массу",
"B1310","B","base-only","Power Door Unlock Цепь Failure","Power Door Unlock Цепь Failure",
"B1311","B","base-only","Power Door Unlock Цепь Обрыв","Power Door Unlock Цепь Обрыв",
"B1312","B","base-only","Лампа Headlamp Вход Цепь Короткое замыкание на батарею","Лампа Headlamp Вход Цепь Короткое замыкание на батарею",
"B1313","B","base-only","Батарея Saver Relay Катушка Цепь Failure","Батарея Saver Relay Катушка Цепь Failure",
"B1314","B","base-only","Батарея Saver Relay Катушка Цепь Обрыв","Батарея Saver Relay Катушка Цепь Обрыв",
"B1315","B","base-only","Батарея Saver Relay Катушка Цепь Короткое замыкание на батарею","Батарея Saver Relay Катушка Цепь Короткое замыкание на батарею",
"B1316","B","base-only","Батарея Saver Relay Катушка Цепь Короткое замыкание на массу","Батарея Saver Relay Катушка Цепь Короткое замыкание на массу",
"B1317","B","base-only","Батарея Напряжение Высокий","Батарея Напряжение Высокий",
"B1318","B","base-only","Батарея Напряжение Низкий","Батарея Напряжение Низкий",
"B1319","B","base-only","Водитель Door Ajar Цепь Failure","Водитель Door Ajar Цепь Failure",
"B1320","B","base-only","Водитель Door Ajar Цепь Обрыв","Водитель Door Ajar Цепь Обрыв",
"B1321","B","base-only","Водитель Door Ajar Цепь Короткое замыкание на батарею","Водитель Door Ajar Цепь Короткое замыкание на батарею",
"B1322","B","base-only","Водитель Door Ajar Цепь Короткое замыкание на массу","Водитель Door Ajar Цепь Короткое замыкание на массу",
"B1323","B","base-only","Door Ajar Лампа Цепь Failure","Door Ajar Лампа Цепь Failure",
"B1324","B","base-only","Door Ajar Лампа Цепь Обрыв","Door Ajar Лампа Цепь Обрыв",
"B1325","B","base-only","Door Ajar Лампа Цепь Короткое замыкание на батарею","Door Ajar Лампа Цепь Короткое замыкание на батарею",
"B1326","B","base-only","Door Ajar Лампа Цепь Короткое замыкание на массу","Door Ajar Лампа Цепь Короткое замыкание на массу",
"B1327","B","base-only","Пассажир Door Ajar Цепь Failure","Пассажир Door Ajar Цепь Failure",
"B1328","B","base-only","Пассажир Door Ajar Цепь Обрыв","Пассажир Door Ajar Цепь Обрыв",
"B1329","B","base-only","Пассажир Door Ajar Цепь Короткое замыкание на батарею","Пассажир Door Ajar Цепь Короткое замыкание на батарею",
"B1330","B","base-only","Пассажир Door Ajar Цепь Короткое замыкание на массу","Пассажир Door Ajar Цепь Короткое замыкание на массу",
"B1331","B","base-only","Decklid Ajar Rear Door Цепь Failure","Decklid Ajar Rear Door Цепь Failure",
"B1332","B","base-only","Decklid Ajar Rear Door Цепь Обрыв","Decklid Ajar Rear Door Цепь Обрыв",
"B1333","B","base-only","Decklid Ajar Rear Door Цепь Короткое замыкание на батарею","Decklid Ajar Rear Door Цепь Короткое замыкание на батарею",
"B1334","B","base-only","Decklid Ajar Rear Door Цепь Короткое замыкание на массу","Decklid Ajar Rear Door Цепь Короткое замыкание на массу",
"B1335","B","base-only","Door Ajar RR Цепь Failure","Door Ajar RR Цепь Failure",
"B1336","B","base-only","Door Ajar RR Цепь Обрыв","Door Ajar RR Цепь Обрыв",
"B1337","B","base-only","Door Ajar RR Цепь Короткое замыкание на батарею","Door Ajar RR Цепь Короткое замыкание на батарею",
"B1338","B","base-only","Door Ajar RR Цепь Короткое замыкание на массу","Door Ajar RR Цепь Короткое замыкание на массу",
"B1339","B","base-only","Chime Вход Запрос Цепь Короткое замыкание на батарею","Chime Вход Запрос Цепь Короткое замыкание на батарею",
"B1340","B","base-only","Chime Вход Запрос Цепь Короткое замыкание на массу","Chime Вход Запрос Цепь Короткое замыкание на массу",
"B1341","B","base-only","Power Door Unlock Цепь Короткое замыкание на массу","Power Door Unlock Цепь Короткое замыкание на массу",
"B1342","B","base-only","ECU Is Defective","ECU Is Defective",
"B1343","B","base-only","Heated Backlite Вход Цепь Failure","Heated Backlite Вход Цепь Failure",
"B1344","B","base-only","Heated Backlite Вход Цепь Обрыв","Heated Backlite Вход Цепь Обрыв",
"B1345","B","base-only","Heated Backlite Вход Цепь Короткое замыкание на массу","Heated Backlite Вход Цепь Короткое замыкание на массу",
"B1346","B","base-only","Heated Backlite Вход Цепь Короткое замыкание на батарею","Heated Backlite Вход Цепь Короткое замыкание на батарею",
"B1347","B","base-only","Heated Backlite Relay Цепь Failure","Heated Backlite Relay Цепь Failure",
"B1348","B","base-only","Heated Backlite Relay Цепь Обрыв","Heated Backlite Relay Цепь Обрыв",
"B1349","B","base-only","Heated Backlite Relay Короткое замыкание на батарею","Heated Backlite Relay Короткое замыкание на батарею",
"B1350","B","base-only","Heated Backlite Relay Короткое замыкание на массу","Heated Backlite Relay Короткое замыкание на массу",
"B1351","B","base-only","Зажигание Key-In Цепь Короткое замыкание на батарею","Зажигание Key-In Цепь Короткое замыкание на батарею",
"B1352","B","base-only","Зажигание Key-In Цепь Failure","Зажигание Key-In Цепь Failure",
"B1353","B","base-only","Зажигание Key-In Цепь Обрыв","Зажигание Key-In Цепь Обрыв",
"B1354","B","base-only","Зажигание Key-In Цепь Короткое замыкание на массу","Зажигание Key-In Цепь Короткое замыкание на массу",
"B1355","B","base-only","Зажигание Run Цепь Failure","Зажигание Run Цепь Failure",
"B1356","B","base-only","Зажигание Run Цепь Обрыв","Зажигание Run Цепь Обрыв",
"B1357","B","base-only","Зажигание Run Цепь Короткое замыкание на батарею","Зажигание Run Цепь Короткое замыкание на батарею",
"B1358","B","base-only","Зажигание Run Цепь Короткое замыкание на массу","Зажигание Run Цепь Короткое замыкание на массу",
"B1359","B","base-only","Зажигание Run/Acc Цепь Failure","Зажигание Run/Acc Цепь Failure",
"B1360","B","base-only","Зажигание Run/Acc Цепь Обрыв","Зажигание Run/Acc Цепь Обрыв",
"B1361","B","base-only","Зажигание Run/Acc Цепь Короткое замыкание на батарею","Зажигание Run/Acc Цепь Короткое замыкание на батарею",
"B1362","B","base-only","Зажигание Run/Acc Цепь Короткое замыкание на массу","Зажигание Run/Acc Цепь Короткое замыкание на массу",
"B1363","B","base-only","Зажигание Start Цепь Failure","Зажигание Start Цепь Failure",
"B1364","B","base-only","Зажигание Start Цепь Обрыв","Зажигание Start Цепь Обрыв",
"B1365","B","base-only","Зажигание Start Цепь Короткое замыкание на батарею","Зажигание Start Цепь Короткое замыкание на батарею",
"B1366","B","base-only","Зажигание Start Цепь Короткое замыкание на массу","Зажигание Start Цепь Короткое замыкание на массу",
"B1367","B","base-only","Зажигание Tach Цепь Failure","Зажигание Tach Цепь Failure",
"B1368","B","base-only","Зажигание Tach Цепь Обрыв","Зажигание Tach Цепь Обрыв",
"B1369","B","base-only","Зажигание Tach Цепь Короткое замыкание на батарею","Зажигание Tach Цепь Короткое замыкание на батарею",
"B1370","B","base-only","Зажигание Tach Цепь Короткое замыкание на массу","Зажигание Tach Цепь Короткое замыкание на массу",
"B1371","B","base-only","Illuminated Entry Relay Цепь Failure","Illuminated Entry Relay Цепь Failure",
"B1372","B","base-only","Illuminated Entry Relay Цепь Обрыв","Illuminated Entry Relay Цепь Обрыв",
"B1373","B","base-only","Illuminated Entry Relay Короткое замыкание на батарею","Illuminated Entry Relay Короткое замыкание на батарею",
"B1374","B","base-only","Illuminated Entry Relay Короткое замыкание на массу","Illuminated Entry Relay Короткое замыкание на массу",
"B1375","B","base-only","Oil Change Лампа Цепь Обрыв","Oil Change Лампа Цепь Обрыв",
"B1376","B","base-only","Oil Change Лампа Цепь Короткое замыкание на батарею","Oil Change Лампа Цепь Короткое замыкание на батарею",
"B1377","B","base-only","Oil Change Лампа Цепь Failure","Oil Change Лампа Цепь Failure",
"B1378","B","base-only","Oil Change Лампа Цепь Короткое замыкание на массу","Oil Change Лампа Цепь Короткое замыкание на массу",
"B1379","B","base-only","Oil Change Reset Button Цепь Короткое замыкание на массу","Oil Change Reset Button Цепь Короткое замыкание на массу",
"B1380","B","base-only","Oil Change Reset Button Цепь Failure","Oil Change Reset Button Цепь Failure",
"B1381","B","base-only","Oil Change Reset Button Цепь Обрыв","Oil Change Reset Button Цепь Обрыв",
"B1382","B","base-only","Oil Change Reset Button Цепь Короткое замыкание на батарею","Oil Change Reset Button Цепь Короткое замыкание на батарею",
"B1383","B","base-only","Oil Level Лампа Цепь Короткое замыкание на батарею","Oil Level Лампа Цепь Короткое замыкание на батарею",
"B1384","B","base-only","Oil Level Лампа Цепь Failure","Oil Level Лампа Цепь Failure",
"B1385","B","base-only","Oil Level Лампа Цепь Обрыв","Oil Level Лампа Цепь Обрыв",
"B1386","B","base-only","Oil Level Лампа Цепь Короткое замыкание на массу","Oil Level Лампа Цепь Короткое замыкание на массу",
"B1387","B","base-only","Oil Температура Датчик Цепь Обрыв","Oil Температура Датчик Цепь Обрыв",
"B1388","B","base-only","Oil Температура Датчик Цепь Короткое замыкание на батарею","Oil Температура Датчик Цепь Короткое замыкание на батарею",
"B1389","B","base-only","Oil Температура Датчик Цепь Failure","Oil Температура Датчик Цепь Failure",
"B1390","B","base-only","Oil Температура Датчик Цепь Короткое замыкание на массу","Oil Температура Датчик Цепь Короткое замыкание на массу",
"B1391","B","base-only","Oil Level Switch Цепь Failure","Oil Level Switch Цепь Failure",
"B1392","B","base-only","Power Door Memory Lock Relay Цепь Failure","Power Door Memory Lock Relay Цепь Failure",
"B1393","B","base-only","Power Door Memory Lock Relay Цепь Обрыв","Power Door Memory Lock Relay Цепь Обрыв",
"B1394","B","base-only","Power Door Memory Lock Relay Цепь Короткое замыкание на батарею","Power Door Memory Lock Relay Цепь Короткое замыкание на батарею",
"B1395","B","base-only","Power Door Memory Lock Relay Цепь Короткое замыкание на массу","Power Door Memory Lock Relay Цепь Короткое замыкание на массу",
"B1396","B","base-only","Power Door Lock Цепь Короткое замыкание на батарею","Power Door Lock Цепь Короткое замыкание на батарею",
"B1397","B","base-only","Power Door Unlock Цепь Короткое замыкание на батарею","Power Door Unlock Цепь Короткое замыкание на батарею",
"B1398","B","base-only","Водитель Power Window One Touch Window Relay Цепь Failure","Водитель Power Window One Touch Window Relay Цепь Failure",
"B1399","B","base-only","Водитель Power Window One Touch Window Relay Цепь Обрыв","Водитель Power Window One Touch Window Relay Цепь Обрыв",
"B1400","B","base-only","Водитель Power Window One Touch Window Relay Цепь Короткое замыкание на батарею","Водитель Power Window One Touch Window Relay Цепь Короткое замыкание на батарею",
"B1401","B","base-only","Водитель Power Window One Touch Window Relay Цепь Короткое замыкание на массу","Водитель Power Window One Touch Window Relay Цепь Короткое замыкание на массу",
"B1402","B","base-only","Водитель Power Window Down Switch Цепь Failure","Водитель Power Window Down Switch Цепь Failure",
"B1403","B","base-only","Водитель Power Window Up Switch Цепь Failure","Водитель Power Window Up Switch Цепь Failure",
"B1404","B","base-only","Водитель Power Window Down Цепь Обрыв","Водитель Power Window Down Цепь Обрыв",
"B1405","B","base-only","Водитель Power Window Down Цепь Короткое замыкание на батарею","Водитель Power Window Down Цепь Короткое замыкание на батарею",
"B1406","B","base-only","Водитель Power Window Down Цепь Короткое замыкание на массу","Водитель Power Window Down Цепь Короткое замыкание на массу",
"B1407","B","base-only","Водитель Power Window Up Цепь Обрыв","Водитель Power Window Up Цепь Обрыв",
"B1408","B","base-only","Водитель Power Window Up Цепь Короткое замыкание на батарею","Водитель Power Window Up Цепь Короткое замыкание на батарею",
"B1409","B","base-only","Водитель Power Window Up Цепь Короткое замыкание на массу","Водитель Power Window Up Цепь Короткое замыкание на массу",
"B1410","B","base-only","Водитель Power Window Motor Цепь Failure","Водитель Power Window Motor Цепь Failure",
"B1411","B","base-only","Водитель Power Window Motor Цепь Обрыв","Водитель Power Window Motor Цепь Обрыв",
"B1412","B","base-only","Водитель Power Window Motor Цепь Короткое замыкание на батарею","Водитель Power Window Motor Цепь Короткое замыкание на батарею",
"B1413","B","base-only","Водитель Power Window Motor Цепь Короткое замыкание на массу","Водитель Power Window Motor Цепь Короткое замыкание на массу",
"B1414","B","base-only","Power Window LR Motor Цепь Failure","Power Window LR Motor Цепь Failure",
"B1415","B","base-only","Power Window LR Motor Цепь Обрыв","Power Window LR Motor Цепь Обрыв",
"B1416","B","base-only","Power Window LR Motor Цепь Короткое замыкание на батарею","Power Window LR Motor Цепь Короткое замыкание на батарею",
"B1417","B","base-only","Power Window LR Motor Цепь Короткое замыкание на массу","Power Window LR Motor Цепь Короткое замыкание на массу",
"B1418","B","base-only","Пассажир Power Window Motor Цепь Failure","Пассажир Power Window Motor Цепь Failure",
"B1419","B","base-only","Пассажир Power Window Motor Цепь Обрыв","Пассажир Power Window Motor Цепь Обрыв",
"B1420","B","base-only","Пассажир Power Window Motor Цепь Короткое замыкание на батарею","Пассажир Power Window Motor Цепь Короткое замыкание на батарею",
"B1421","B","base-only","Пассажир Power Window Motor Цепь Короткое замыкание на массу","Пассажир Power Window Motor Цепь Короткое замыкание на массу",
"B1422","B","base-only","Power Window RR Motor Цепь Failure","Power Window RR Motor Цепь Failure",
"B1423","B","base-only","Power Window RR Motor Цепь Обрыв","Power Window RR Motor Цепь Обрыв",
"B1424","B","base-only","Power Window RR Motor Цепь Короткое замыкание на батарею","Power Window RR Motor Цепь Короткое замыкание на батарею",
"B1425","B","base-only","Power Window RR Motor Цепь Короткое замыкание на массу","Power Window RR Motor Цепь Короткое замыкание на массу",
"B1426","B","base-only","Лампа Сиденье Belt Цепь Короткое замыкание на батарею","Лампа Сиденье Belt Цепь Короткое замыкание на батарею",
"B1427","B","base-only","Лампа Сиденье Belt Цепь Обрыв","Лампа Сиденье Belt Цепь Обрыв",
"B1428","B","base-only","Лампа Сиденье Belt Цепь Failure","Лампа Сиденье Belt Цепь Failure",
"B1429","B","base-only","Лампа Сиденье Belt Цепь Короткое замыкание на массу","Лампа Сиденье Belt Цепь Короткое замыкание на массу",
"B1430","B","base-only","Сиденье Belt Switch Цепь Короткое замыкание на массу","Сиденье Belt Switch Цепь Короткое замыкание на массу",
"B1431","B","base-only","Wiper Brake/Run Relay Цепь Failure","Wiper Brake/Run Relay Цепь Failure",
"B1432","B","base-only","Wiper Brake/Run Relay Цепь Короткое замыкание на батарею","Wiper Brake/Run Relay Цепь Короткое замыкание на батарею",
"B1433","B","base-only","Wiper Brake/Run Relay Цепь Короткое замыкание на массу","Wiper Brake/Run Relay Цепь Короткое замыкание на массу",
"B1434","B","base-only","Wiper Hi/Низкий Скорость Relay Катушка Цепь Failure","Wiper Hi/Низкий Скорость Relay Катушка Цепь Failure",
"B1435","B","base-only","Wiper Hi/Низкий Скорость Relay Катушка Цепь Обрыв","Wiper Hi/Низкий Скорость Relay Катушка Цепь Обрыв",
"B1436","B","base-only","Wiper Hi/Низкий Скорость Relay Катушка Цепь Короткое замыкание на батарею","Wiper Hi/Низкий Скорость Relay Катушка Цепь Короткое замыкание на батарею",
"B1437","B","base-only","Wiper Hi/Низкий Скорость Relay Катушка Цепь Короткое замыкание на массу","Wiper Hi/Низкий Скорость Relay Катушка Цепь Короткое замыкание на массу",
"B1438","B","base-only","Wiper Mode Select Switch Цепь Failure","Wiper Mode Select Switch Цепь Failure",
"B1439","B","base-only","Wiper Mode Select Switch Цепь Обрыв","Wiper Mode Select Switch Цепь Обрыв",
"B1440","B","base-only","Wiper Mode Select Switch Цепь Короткое замыкание на батарею","Wiper Mode Select Switch Цепь Короткое замыкание на батарею",
"B1441","B","base-only","Wiper Mode Select Switch Цепь Короткое замыкание на массу","Wiper Mode Select Switch Цепь Короткое замыкание на массу",
"B1442","B","base-only","Door Handle Switch Цепь Failure","Door Handle Switch Цепь Failure",
"B1443","B","base-only","Door Handle Switch Цепь Обрыв","Door Handle Switch Цепь Обрыв",
"B1444","B","base-only","Door Handle Switch Цепь Короткое замыкание на батарею","Door Handle Switch Цепь Короткое замыкание на батарею",
"B1445","B","base-only","Door Handle Switch Цепь Короткое замыкание на массу","Door Handle Switch Цепь Короткое замыкание на массу",
"B1446","B","base-only","Wiper Park Sense Цепь Failure","Wiper Park Sense Цепь Failure",
"B1447","B","base-only","Wiper Park Sense Цепь Обрыв","Wiper Park Sense Цепь Обрыв",
"B1448","B","base-only","Wiper Park Sense Цепь Короткое замыкание на батарею","Wiper Park Sense Цепь Короткое замыкание на батарею",
"B1449","B","base-only","Wiper Park Sense Цепь Короткое замыкание на массу","Wiper Park Sense Цепь Короткое замыкание на массу",
"B1450","B","base-only","Wiper Wash/Delay Switch Цепь Failure","Wiper Wash/Delay Switch Цепь Failure",
"B1451","B","base-only","Wiper Wash/Delay Switch Цепь Обрыв","Wiper Wash/Delay Switch Цепь Обрыв",
"B1452","B","base-only","Wiper Wash/Delay Switch Цепь Короткое замыкание на батарею","Wiper Wash/Delay Switch Цепь Короткое замыкание на батарею",
"B1453","B","base-only","Wiper Wash/Delay Switch Цепь Короткое замыкание на массу","Wiper Wash/Delay Switch Цепь Короткое замыкание на массу",
"B1454","B","base-only","Wiper Washer Fluid Лампа Цепь Failure","Wiper Washer Fluid Лампа Цепь Failure",
"B1455","B","base-only","Wiper Washer Fluid Лампа Цепь Обрыв","Wiper Washer Fluid Лампа Цепь Обрыв",
"B1456","B","base-only","Wiper Washer Fluid Лампа Цепь Короткое замыкание на батарею","Wiper Washer Fluid Лампа Цепь Короткое замыкание на батарею",
"B1457","B","base-only","Wiper Washer Fluid Лампа Цепь Короткое замыкание на массу","Wiper Washer Fluid Лампа Цепь Короткое замыкание на массу",
"B1458","B","base-only","Wiper Washer Насос Motor Relay Цепь Failure","Wiper Washer Насос Motor Relay Цепь Failure",
"B1459","B","base-only","Wiper Washer Насос Motor Relay Катушка Цепь Обрыв","Wiper Washer Насос Motor Relay Катушка Цепь Обрыв",
"B1460","B","base-only","Wiper Washer Насос Motor Relay Катушка Цепь Короткое замыкание на батарею","Wiper Washer Насос Motor Relay Катушка Цепь Короткое замыкание на батарею",
"B1461","B","base-only","Wiper Washer Насос Motor Relay Катушка Цепь Короткое замыкание на массу","Wiper Washer Насос Motor Relay Катушка Цепь Короткое замыкание на массу",
"B1462","B","base-only","Сиденье Belt Switch Цепь Failure","Сиденье Belt Switch Цепь Failure",
"B1463","B","base-only","Сиденье Belt Switch Цепь Обрыв","Сиденье Belt Switch Цепь Обрыв",
"B1464","B","base-only","Сиденье Belt Switch Цепь Короткое замыкание на батарею","Сиденье Belt Switch Цепь Короткое замыкание на батарею",
"B1465","B","base-only","Wiper Brake/Run Relay Цепь Обрыв","Wiper Brake/Run Relay Цепь Обрыв",
"B1466","B","base-only","Wiper Hi/Низкий Скорость Not Switching","Wiper Hi/Низкий Скорость Not Switching",
"B1467","B","base-only","Wiper Hi/Низкий Скорость Цепь Motor Короткое замыкание на батарею","Wiper Hi/Низкий Скорость Цепь Motor Короткое замыкание на батарею",
"B1468","B","base-only","Chime Вход Запрос Цепь Failure","Chime Вход Запрос Цепь Failure",
"B1469","B","base-only","Chime Вход Запрос Цепь Обрыв","Chime Вход Запрос Цепь Обрыв",
"B1470","B","base-only","Лампа Headlamp Вход Цепь Failure","Лампа Headlamp Вход Цепь Failure",
"B1471","B","base-only","Лампа Headlamp Вход Цепь Обрыв","Лампа Headlamp Вход Цепь Обрыв",
"B1472","B","base-only","Лампа Headlamp Вход Цепь Короткое замыкание на массу","Лампа Headlamp Вход Цепь Короткое замыкание на массу",
"B1473","B","base-only","Wiper Низкий Скорость Цепь Motor Failure","Wiper Низкий Скорость Цепь Motor Failure",
"B1474","B","base-only","Батарея Saver Power Relay Цепь Короткое замыкание на батарею","Батарея Saver Power Relay Цепь Короткое замыкание на батарею",
"B1475","B","base-only","Accessory Delay Relay Contact Короткое замыкание на батарею","Accessory Delay Relay Contact Короткое замыкание на батарею",
"B1476","B","base-only","Wiper Высокий Скорость Цепь Motor Failure","Wiper Высокий Скорость Цепь Motor Failure",
"B1477","B","base-only","Wiper Hi/Низкий Цепь Motor Короткое замыкание на массу","Wiper Hi/Низкий Цепь Motor Короткое замыкание на массу",
"B1478","B","base-only","Power Window One Touch Up/Down Activated Simultaneously","Power Window One Touch Up/Down Activated Simultaneously",
"B1479","B","base-only","Wiper Washer Fluid Level Датчик Цепь Failure","Wiper Washer Fluid Level Датчик Цепь Failure",
"B1480","B","base-only","Wiper Washer Fluid Level Датчик Цепь Обрыв","Wiper Washer Fluid Level Датчик Цепь Обрыв",
"B1481","B","base-only","Wiper Washer Fluid Level Датчик Цепь Короткое замыкание на батарею","Wiper Washer Fluid Level Датчик Цепь Короткое замыкание на батарею",
"B1482","B","base-only","Wiper Washer Fluid Level Датчик Цепь Короткое замыкание на массу","Wiper Washer Fluid Level Датчик Цепь Короткое замыкание на массу",
"B1483","B","base-only","Brake Педаль Вход Цепь Failure","Brake Педаль Вход Цепь Failure",
"B1484","B","base-only","Brake Педаль Вход Обрыв Цепь","Brake Педаль Вход Обрыв Цепь",
"B1485","B","base-only","Brake Педаль Вход Цепь Батарея Короткое замыкание","Brake Педаль Вход Цепь Батарея Короткое замыкание",
"B1486","B","base-only","Brake Педаль Вход Цепь Масса Короткое замыкание","Brake Педаль Вход Цепь Масса Короткое замыкание",
"B1487","B","base-only","Door Handle Right Front Цепь Failure","Door Handle Right Front Цепь Failure",
"B1488","B","base-only","Door Handle Right Front Цепь Обрыв","Door Handle Right Front Цепь Обрыв",
"B1489","B","base-only","Door Handle Right Front Короткое замыкание на батарею","Door Handle Right Front Короткое замыкание на батарею",
"B1490","B","base-only","Door Handle Right Front Короткое замыкание на массу","Door Handle Right Front Короткое замыкание на массу",
"B1491","B","base-only","Зажигание Цилиндр Датчик Цепь Failure","Зажигание Цилиндр Датчик Цепь Failure",
"B1492","B","base-only","Зажигание Цилиндр Датчик Обрыв Цепь","Зажигание Цилиндр Датчик Обрыв Цепь",
"B1493","B","base-only","Зажигание Цилиндр Датчик Батарея Короткое замыкание","Зажигание Цилиндр Датчик Батарея Короткое замыкание",
"B1494","B","base-only","Зажигание Цилиндр Датчик Масса Короткое замыкание","Зажигание Цилиндр Датчик Масса Короткое замыкание",
"B1495","B","base-only","Decklid Punch-Out Датчик Цепь Failure","Decklid Punch-Out Датчик Цепь Failure",
"B1496","B","base-only","Decklid Punch-Out Датчик Обрыв Цепь","Decklid Punch-Out Датчик Обрыв Цепь",
"B1497","B","base-only","Decklid Punch-Out Датчик Батарея Короткое замыкание","Decklid Punch-Out Датчик Батарея Короткое замыкание",
"B1498","B","base-only","Decklid Punch-Out Датчик Масса Короткое замыкание","Decklid Punch-Out Датчик Масса Короткое замыкание",
"B1499","B","base-only","Лампа Turn Сигнал Left Цепь Failure","Лампа Turn Сигнал Left Цепь Failure",
"B1500","B","base-only","Лампа Turn Сигнал Left Цепь Обрыв","Лампа Turn Сигнал Left Цепь Обрыв",
"B1501","B","base-only","Лампа Turn Сигнал Left Цепь Короткое замыкание на батарею","Лампа Turn Сигнал Left Цепь Короткое замыкание на батарею",
"B1502","B","base-only","Лампа Turn Сигнал Left Цепь Короткое замыкание на массу","Лампа Turn Сигнал Left Цепь Короткое замыкание на массу",
"B1503","B","base-only","Лампа Turn Сигнал Right Цепь Failure","Лампа Turn Сигнал Right Цепь Failure",
"B1504","B","base-only","Лампа Turn Сигнал Right Цепь Обрыв","Лампа Turn Сигнал Right Цепь Обрыв",
"B1505","B","base-only","Лампа Turn Сигнал Right Цепь Короткое замыкание на батарею","Лампа Turn Сигнал Right Цепь Короткое замыкание на батарею",
"B1506","B","base-only","Лампа Turn Сигнал Right Цепь Короткое замыкание на массу","Лампа Turn Сигнал Right Цепь Короткое замыкание на массу",
"B1507","B","base-only","Flash To Pass Switch Цепь Failure","Flash To Pass Switch Цепь Failure",
"B1508","B","base-only","Flash To Pass Switch Цепь Обрыв","Flash To Pass Switch Цепь Обрыв",
"B1509","B","base-only","Flash To Pass Switch Цепь Короткое замыкание на батарею","Flash To Pass Switch Цепь Короткое замыкание на батарею",
"B1510","B","base-only","Flash To Pass Switch Цепь Короткое замыкание на массу","Flash To Pass Switch Цепь Короткое замыкание на массу",
"B1511","B","base-only","Водитель Door Handle Цепь Failure","Водитель Door Handle Цепь Failure",
"B1512","B","base-only","Водитель Door Handle Цепь Обрыв","Водитель Door Handle Цепь Обрыв",
"B1513","B","base-only","Водитель Door Handle Цепь Короткое замыкание на батарею","Водитель Door Handle Цепь Короткое замыкание на батарею",
"B1514","B","base-only","Водитель Door Handle Цепь Короткое замыкание на массу","Водитель Door Handle Цепь Короткое замыкание на массу",
"B1515","B","base-only","Сиденье Водитель Occupied Switch Цепь Failure","Сиденье Водитель Occupied Switch Цепь Failure",
"B1516","B","base-only","Сиденье Водитель Occupied Switch Цепь Обрыв","Сиденье Водитель Occupied Switch Цепь Обрыв",
"B1517","B","base-only","Сиденье Водитель Occupied Switch Цепь Короткое замыкание на батарею","Сиденье Водитель Occupied Switch Цепь Короткое замыкание на батарею",
"B1518","B","base-only","Сиденье Водитель Occupied Switch Цепь Короткое замыкание на массу","Сиденье Водитель Occupied Switch Цепь Короткое замыкание на массу",
"B1519","B","base-only","Hood Switch Цепь Failure","Hood Switch Цепь Failure",
"B1520","B","base-only","Hood Switch Цепь Обрыв","Hood Switch Цепь Обрыв",
"B1521","B","base-only","Hood Switch Цепь Короткое замыкание на батарею","Hood Switch Цепь Короткое замыкание на батарею",
"B1522","B","base-only","Hood Switch Цепь Короткое замыкание на массу","Hood Switch Цепь Короткое замыкание на массу",
"B1523","B","base-only","Keyless Entry Цепь Failure","Keyless Entry Цепь Failure",
"B1524","B","base-only","Keyless Entry Цепь Обрыв","Keyless Entry Цепь Обрыв",
"B1525","B","base-only","Keyless Entry Цепь Короткое замыкание на батарею","Keyless Entry Цепь Короткое замыкание на батарею",
"B1526","B","base-only","Keyless Entry Цепь Короткое замыкание на массу","Keyless Entry Цепь Короткое замыкание на массу",
"B1527","B","base-only","Memory Set Switch Цепь Failure","Memory Set Switch Цепь Failure",
"B1528","B","base-only","Memory Set Switch Цепь Обрыв","Memory Set Switch Цепь Обрыв",
"B1529","B","base-only","Memory Set Switch Цепь Короткое замыкание на батарею","Memory Set Switch Цепь Короткое замыкание на батарею",
"B1530","B","base-only","Memory Set Switch Цепь Короткое замыкание на массу","Memory Set Switch Цепь Короткое замыкание на массу",
"B1531","B","base-only","Memory 1 Switch Цепь Failure","Memory 1 Switch Цепь Failure",
"B1532","B","base-only","Memory 1 Switch Цепь Обрыв","Memory 1 Switch Цепь Обрыв",
"B1533","B","base-only","Memory 1 Switch Цепь Короткое замыкание на батарею","Memory 1 Switch Цепь Короткое замыкание на батарею",
"B1534","B","base-only","Memory 1 Switch Цепь Короткое замыкание на массу","Memory 1 Switch Цепь Короткое замыкание на массу",
"B1535","B","base-only","Memory 2 Switch Цепь Failure","Memory 2 Switch Цепь Failure",
"B1536","B","base-only","Memory 2 Switch Цепь Обрыв","Memory 2 Switch Цепь Обрыв",
"B1537","B","base-only","Memory 2 Switch Цепь Короткое замыкание на батарею","Memory 2 Switch Цепь Короткое замыкание на батарею",
"B1538","B","base-only","Memory 2 Switch Цепь Короткое замыкание на массу","Memory 2 Switch Цепь Короткое замыкание на массу",
"B1539","B","base-only","Mirror Водитель Switch Assembly Цепь Failure","Mirror Водитель Switch Assembly Цепь Failure",
"B1540","B","base-only","Mirror Водитель Switch Assembly Цепь Обрыв","Mirror Водитель Switch Assembly Цепь Обрыв",
"B1541","B","base-only","Mirror Водитель Switch Assembly Цепь Короткое замыкание на батарею","Mirror Водитель Switch Assembly Цепь Короткое замыкание на батарею",
"B1542","B","base-only","Mirror Водитель Switch Assembly Цепь Короткое замыкание на массу","Mirror Водитель Switch Assembly Цепь Короткое замыкание на массу",
"B1543","B","base-only","Сиденье Direction Switch Assembly Цепь Failure","Сиденье Direction Switch Assembly Цепь Failure",
"B1544","B","base-only","Сиденье Direction Switch Assembly Цепь Обрыв","Сиденье Direction Switch Assembly Цепь Обрыв",
"B1545","B","base-only","Сиденье Direction Switch Assembly Цепь Короткое замыкание на батарею","Сиденье Direction Switch Assembly Цепь Короткое замыкание на батарею",
"B1546","B","base-only","Сиденье Direction Switch Assembly Цепь Короткое замыкание на массу","Сиденье Direction Switch Assembly Цепь Короткое замыкание на массу",
"B1547","B","base-only","Power Window Master Цепь Failure","Power Window Master Цепь Failure",
"B1548","B","base-only","Power Window Master Цепь Обрыв","Power Window Master Цепь Обрыв",
"B1549","B","base-only","Power Window Master Цепь Короткое замыкание на батарею","Power Window Master Цепь Короткое замыкание на батарею",
"B1550","B","base-only","Power Window Master Цепь Короткое замыкание на массу","Power Window Master Цепь Короткое замыкание на массу",
"B1551","B","base-only","Decklid Release Цепь Failure","Decklid Release Цепь Failure",
"B1552","B","base-only","Decklid Release Цепь Обрыв","Decklid Release Цепь Обрыв",
"B1553","B","base-only","Decklid Release Цепь Короткое замыкание на батарею","Decklid Release Цепь Короткое замыкание на батарею",
"B1554","B","base-only","Decklid Release Цепь Короткое замыкание на массу","Decklid Release Цепь Короткое замыкание на массу",
"B1555","B","base-only","Зажигание Run/Start Цепь Failure","Зажигание Run/Start Цепь Failure",
"B1556","B","base-only","Зажигание Run/Start Цепь Обрыв","Зажигание Run/Start Цепь Обрыв",
"B1557","B","base-only","Зажигание Run/Start Цепь Короткое замыкание на батарею","Зажигание Run/Start Цепь Короткое замыкание на батарею",
"B1558","B","base-only","Зажигание Run/Start Цепь Короткое замыкание на массу","Зажигание Run/Start Цепь Короткое замыкание на массу",
"B1559","B","base-only","Door Lock Цилиндр Цепь Failure","Door Lock Цилиндр Цепь Failure",
"B1560","B","base-only","Door Lock Цилиндр Цепь Обрыв","Door Lock Цилиндр Цепь Обрыв",
"B1561","B","base-only","Door Lock Цилиндр Цепь Короткое замыкание на батарею","Door Lock Цилиндр Цепь Короткое замыкание на батарею",
"B1562","B","base-only","Door Lock Цилиндр Цепь Короткое замыкание на массу","Door Lock Цилиндр Цепь Короткое замыкание на массу",
"B1563","B","base-only","Door Ajar Цепь Failure","Door Ajar Цепь Failure",
"B1564","B","base-only","Door Ajar Цепь Обрыв","Door Ajar Цепь Обрыв",
"B1565","B","base-only","Door Ajar Цепь Короткое замыкание на батарею","Door Ajar Цепь Короткое замыкание на батарею",
"B1566","B","base-only","Door Ajar Цепь Короткое замыкание на массу","Door Ajar Цепь Короткое замыкание на массу",
"B1567","B","base-only","Лампа Headlamp Высокий-Beam Цепь Failure","Лампа Headlamp Высокий-Beam Цепь Failure",
"B1568","B","base-only","Лампа Headlamp Высокий-Beam Цепь Обрыв","Лампа Headlamp Высокий-Beam Цепь Обрыв",
"B1569","B","base-only","Лампа Headlamp Высокий-Beam Цепь Короткое замыкание на батарею","Лампа Headlamp Высокий-Beam Цепь Короткое замыкание на батарею",
"B1570","B","base-only","Лампа Headlamp Высокий-Beam Цепь Короткое замыкание на массу","Лампа Headlamp Высокий-Beam Цепь Короткое замыкание на массу",
"B1571","B","base-only","Door Ajar LR Цепь Failure","Door Ajar LR Цепь Failure",
"B1572","B","base-only","Door Ajar LR Цепь Обрыв","Door Ajar LR Цепь Обрыв",
"B1573","B","base-only","Door Ajar LR Цепь Короткое замыкание на батарею","Door Ajar LR Цепь Короткое замыкание на батарею",
"B1574","B","base-only","Door Ajar LR Цепь Короткое замыкание на массу","Door Ajar LR Цепь Короткое замыкание на массу",
"B1575","B","base-only","Лампа Park Вход Цепь Failure","Лампа Park Вход Цепь Failure",
"B1576","B","base-only","Лампа Park Вход Цепь Обрыв","Лампа Park Вход Цепь Обрыв",
"B1577","B","base-only","Лампа Park Вход Цепь Короткое замыкание на батарею","Лампа Park Вход Цепь Короткое замыкание на батарею",
"B1578","B","base-only","Лампа Park Вход Цепь Короткое замыкание на массу","Лампа Park Вход Цепь Короткое замыкание на массу",
"B1579","B","base-only","Dim Panel Increase Вход Цепь Failure","Dim Panel Increase Вход Цепь Failure",
"B1580","B","base-only","Dim Panel Increase Вход Цепь Обрыв","Dim Panel Increase Вход Цепь Обрыв",
"B1581","B","base-only","Dim Panel Increase Вход Цепь Короткое замыкание на батарею","Dim Panel Increase Вход Цепь Короткое замыкание на батарею",
"B1582","B","base-only","Dim Panel Increase Вход Цепь Короткое замыкание на массу","Dim Panel Increase Вход Цепь Короткое замыкание на массу",
"B1583","B","base-only","Dim Panel Decrease Вход Цепь Failure","Dim Panel Decrease Вход Цепь Failure",
"B1584","B","base-only","Dim Panel Decrease Вход Цепь Обрыв","Dim Panel Decrease Вход Цепь Обрыв",
"B1585","B","base-only","Dim Panel Decrease Вход Цепь Короткое замыкание на батарею","Dim Panel Decrease Вход Цепь Короткое замыкание на батарею",
"B1586","B","base-only","Dim Panel Decrease Вход Цепь Короткое замыкание на массу","Dim Panel Decrease Вход Цепь Короткое замыкание на массу",
"B1587","B","base-only","Autolamp Delay Increase Цепь Failure","Autolamp Delay Increase Цепь Failure",
"B1588","B","base-only","Autolamp Delay Increase Цепь Обрыв","Autolamp Delay Increase Цепь Обрыв",
"B1589","B","base-only","Autolamp Delay Increase Цепь Короткое замыкание на батарею","Autolamp Delay Increase Цепь Короткое замыкание на батарею",
"B1590","B","base-only","Autolamp Delay Increase Цепь Короткое замыкание на массу","Autolamp Delay Increase Цепь Короткое замыкание на массу",
"B1591","B","base-only","Autolamp Delay Decrease Цепь Failure","Autolamp Delay Decrease Цепь Failure",
"B1592","B","base-only","Autolamp Delay Decrease Цепь Обрыв","Autolamp Delay Decrease Цепь Обрыв",
"B1593","B","base-only","Autolamp Delay Decrease Цепь Короткое замыкание на батарею","Autolamp Delay Decrease Цепь Короткое замыкание на батарею",
"B1594","B","base-only","Autolamp Delay Decrease Цепь Короткое замыкание на массу","Autolamp Delay Decrease Цепь Короткое замыкание на массу",
"B1595","B","base-only","Зажигание Switch Illegal Вход Code","Зажигание Switch Illegal Вход Code",
"B1596","B","base-only","Service Continuous Codes","Service Continuous Codes",
"B1597","B","base-only","Водитель's Сиденье Seatback Autoglide Forward Switch Цепь Короткое замыкание на массу","Водитель's Сиденье Seatback Autoglide Forward Switch Цепь Короткое замыкание на массу",
"B1598","B","base-only","Водитель's Сиденье Seatback Autoglide Rearward Switch Цепь Короткое замыкание на массу","Водитель's Сиденье Seatback Autoglide Rearward Switch Цепь Короткое замыкание на массу",
"B1599","B","base-only","Пассажир's Seatback Autoglide Forward Switch Цепь Короткое замыкание на массу","Пассажир's Seatback Autoglide Forward Switch Цепь Короткое замыкание на массу",
"B1600","B","base-only","PATS Зажигание Key Transponder Сигнал Is Not Received","PATS Зажигание Key Transponder Сигнал Is Not Received",
"B1601","B","base-only","PATS Received Incorrect Key-Code From Зажигание Key Transponder","PATS Received Incorrect Key-Code From Зажигание Key Transponder",
"B1602","B","base-only","PATS Received Неверный Format Of Key-Code From Зажигание Key Transponder","PATS Received Неверный Format Of Key-Code From Зажигание Key Transponder",
"B1603","B","base-only","Лампа Anti-Theft Индикатор Цепь Failure","Лампа Anti-Theft Индикатор Цепь Failure",
"B1604","B","base-only","Лампа Anti-Theft Индикатор Цепь Обрыв","Лампа Anti-Theft Индикатор Цепь Обрыв",
"B1605","B","base-only","Лампа Anti-Theft Индикатор Цепь Короткое замыкание на батарею","Лампа Anti-Theft Индикатор Цепь Короткое замыкание на батарею",
"B1606","B","base-only","Лампа Anti-Theft Индикатор Цепь Короткое замыкание на массу","Лампа Anti-Theft Индикатор Цепь Короткое замыкание на массу",
"B1607","B","base-only","Illuminated Entry Вход Цепь Failure","Illuminated Entry Вход Цепь Failure",
"B1608","B","base-only","Illuminated Entry Вход Обрыв Цепь","Illuminated Entry Вход Обрыв Цепь",
"B1609","B","base-only","Illuminated Entry Вход Короткое замыкание Цепь To Батарея","Illuminated Entry Вход Короткое замыкание Цепь To Батарея",
"B1610","B","base-only","Illuminated Entry Вход Короткое замыкание Цепь To Масса","Illuminated Entry Вход Короткое замыкание Цепь To Масса",
"B1611","B","base-only","Wiper Rear Mode Select Switch Цепь Failure","Wiper Rear Mode Select Switch Цепь Failure",
"B1612","B","base-only","Wiper Rear Mode Select Switch Цепь Обрыв","Wiper Rear Mode Select Switch Цепь Обрыв",
"B1613","B","base-only","Wiper Rear Mode Select Switch Цепь Короткое замыкание на батарею","Wiper Rear Mode Select Switch Цепь Короткое замыкание на батарею",
"B1614","B","base-only","Wiper Rear Mode Select Switch Цепь Короткое замыкание на массу","Wiper Rear Mode Select Switch Цепь Короткое замыкание на массу",
"B1615","B","base-only","Wiper Rear Disable Switch Цепь Failure","Wiper Rear Disable Switch Цепь Failure",
"B1616","B","base-only","Wiper Rear Disable Switch Цепь Обрыв","Wiper Rear Disable Switch Цепь Обрыв",
"B1617","B","base-only","Wiper Rear Disable Switch Цепь Короткое замыкание на батарею","Wiper Rear Disable Switch Цепь Короткое замыкание на батарею",
"B1618","B","base-only","Wiper Rear Disable Switch Цепь Короткое замыкание на массу","Wiper Rear Disable Switch Цепь Короткое замыкание на массу",
"B1619","B","base-only","Wiper Rear Низкий Limit Вход Цепь Failure","Wiper Rear Низкий Limit Вход Цепь Failure",
"B1620","B","base-only","Wiper Rear Низкий Limit Вход Цепь Обрыв","Wiper Rear Низкий Limit Вход Цепь Обрыв",
"B1621","B","base-only","Wiper Rear Низкий Limit Вход Цепь Короткое замыкание на батарею","Wiper Rear Низкий Limit Вход Цепь Короткое замыкание на батарею",
"B1622","B","base-only","Wiper Rear Низкий Limit Вход Цепь Короткое замыкание на массу","Wiper Rear Низкий Limit Вход Цепь Короткое замыкание на массу",
"B1623","B","base-only","Лампа Keypad Выход Цепь Failure","Лампа Keypad Выход Цепь Failure",
"B1624","B","base-only","Лампа Keypad Выход Обрыв Цепь","Лампа Keypad Выход Обрыв Цепь",
"B1625","B","base-only","Лампа Keypad Выход Короткое замыкание Цепь To Батарея","Лампа Keypad Выход Короткое замыкание Цепь To Батарея",
"B1626","B","base-only","Лампа Keypad Выход Короткое замыкание Цепь To Масса","Лампа Keypad Выход Короткое замыкание Цепь To Масса",
"B1627","B","base-only","PRNDL Reverse Вход Цепь Failure","PRNDL Reverse Вход Цепь Failure",
"B1628","B","base-only","PRNDL Reverse Вход Обрыв Цепь","PRNDL Reverse Вход Обрыв Цепь",
"B1629","B","base-only","PRNDL Reverse Вход Короткое замыкание на батарею","PRNDL Reverse Вход Короткое замыкание на батарею",
"B1630","B","base-only","PRNDL Reverse Вход Короткое замыкание Цепь To Масса","PRNDL Reverse Вход Короткое замыкание Цепь To Масса",
"B1631","B","base-only","Mirror Водитель Left Цепь Failure","Mirror Водитель Left Цепь Failure",
"B1632","B","base-only","Mirror Водитель Left Цепь Обрыв","Mirror Водитель Left Цепь Обрыв",
"B1633","B","base-only","Mirror Водитель Left Цепь Короткое замыкание на батарею","Mirror Водитель Left Цепь Короткое замыкание на батарею",
"B1634","B","base-only","Mirror Водитель Left Цепь Короткое замыкание на массу","Mirror Водитель Left Цепь Короткое замыкание на массу",
"B1635","B","base-only","Mirror Водитель Right Цепь Failure","Mirror Водитель Right Цепь Failure",
"B1636","B","base-only","Mirror Водитель Right Цепь Обрыв","Mirror Водитель Right Цепь Обрыв",
"B1637","B","base-only","Mirror Водитель Right Цепь Короткое замыкание на батарею","Mirror Водитель Right Цепь Короткое замыкание на батарею",
"B1638","B","base-only","Mirror Водитель Right Короткое замыкание на массу","Mirror Водитель Right Короткое замыкание на массу",
"B1639","B","base-only","Mirror Пассажир Left Цепь Failure","Mirror Пассажир Left Цепь Failure",
"B1640","B","base-only","Mirror Пассажир Left Цепь Обрыв","Mirror Пассажир Left Цепь Обрыв",
"B1641","B","base-only","Mirror Пассажир Left Цепь Короткое замыкание на батарею","Mirror Пассажир Left Цепь Короткое замыкание на батарею",
"B1642","B","base-only","Mirror Пассажир Left Цепь Короткое замыкание на массу","Mirror Пассажир Left Цепь Короткое замыкание на массу",
"B1643","B","base-only","Mirror Пассажир Right Цепь Failure","Mirror Пассажир Right Цепь Failure",
"B1644","B","base-only","Mirror Пассажир Right Цепь Обрыв","Mirror Пассажир Right Цепь Обрыв",
"B1645","B","base-only","Mirror Пассажир Right Цепь Короткое замыкание на батарею","Mirror Пассажир Right Цепь Короткое замыкание на батарею",
"B1646","B","base-only","Mirror Пассажир Right Цепь Короткое замыкание на массу","Mirror Пассажир Right Цепь Короткое замыкание на массу",
"B1647","B","base-only","Сиденье Водитель Recline Forward Цепь Failure","Сиденье Водитель Recline Forward Цепь Failure",
"B1648","B","base-only","Сиденье Водитель Recline Forward Цепь Обрыв","Сиденье Водитель Recline Forward Цепь Обрыв",
"B1649","B","base-only","Сиденье Водитель Recline Forward Цепь Короткое замыкание на батарею","Сиденье Водитель Recline Forward Цепь Короткое замыкание на батарею",
"B1650","B","base-only","Сиденье Водитель Recline Forward Цепь Короткое замыкание на массу","Сиденье Водитель Recline Forward Цепь Короткое замыкание на массу",
"B1651","B","base-only","Сиденье Водитель Recline Backward Цепь Failure","Сиденье Водитель Recline Backward Цепь Failure",
"B1652","B","base-only","Сиденье Водитель Recline Backward Цепь Обрыв","Сиденье Водитель Recline Backward Цепь Обрыв",
"B1653","B","base-only","Сиденье Водитель Recline Backward Цепь Короткое замыкание на батарею","Сиденье Водитель Recline Backward Цепь Короткое замыкание на батарею",
"B1654","B","base-only","Сиденье Водитель Recline Backward Цепь Короткое замыкание на массу","Сиденье Водитель Recline Backward Цепь Короткое замыкание на массу",
"B1655","B","base-only","Сиденье Водитель Rear Up Цепь Failure","Сиденье Водитель Rear Up Цепь Failure",
"B1656","B","base-only","Сиденье Водитель Rear Up Цепь Обрыв","Сиденье Водитель Rear Up Цепь Обрыв",
"B1657","B","base-only","Сиденье Водитель Rear Up Цепь Короткое замыкание на батарею","Сиденье Водитель Rear Up Цепь Короткое замыкание на батарею",
"B1658","B","base-only","Сиденье Водитель Rear Up Цепь Короткое замыкание на массу","Сиденье Водитель Rear Up Цепь Короткое замыкание на массу",
"B1659","B","base-only","Сиденье Водитель Front Up Цепь Failure","Сиденье Водитель Front Up Цепь Failure",
"B1660","B","base-only","Сиденье Водитель Front Up Цепь Обрыв","Сиденье Водитель Front Up Цепь Обрыв",
"B1661","B","base-only","Сиденье Водитель Front Up Цепь Короткое замыкание на батарею","Сиденье Водитель Front Up Цепь Короткое замыкание на батарею",
"B1662","B","base-only","Сиденье Водитель Front Up Цепь Короткое замыкание на массу","Сиденье Водитель Front Up Цепь Короткое замыкание на массу",
"B1663","B","base-only","Сиденье Водитель Front Up/Down Motor Stalled","Сиденье Водитель Front Up/Down Motor Stalled",
"B1664","B","base-only","Сиденье Водитель Rear Up/Down Motor Stalled","Сиденье Водитель Rear Up/Down Motor Stalled",
"B1665","B","base-only","Сиденье Водитель Forward/Backward Motor Stalled","Сиденье Водитель Forward/Backward Motor Stalled",
"B1666","B","base-only","Сиденье Водитель Recline Motor Stalled","Сиденье Водитель Recline Motor Stalled",
"B1667","B","base-only","Mirror Водитель Up/Down Motor Stalled","Mirror Водитель Up/Down Motor Stalled",
"B1668","B","base-only","Mirror Водитель Right/Left Motor Stalled","Mirror Водитель Right/Left Motor Stalled",
"B1669","B","base-only","Mirror Пассажир Up/Down Motor Stalled","Mirror Пассажир Up/Down Motor Stalled",
"B1670","B","base-only","Mirror Пассажир Right/Left Motor Stalled","Mirror Пассажир Right/Left Motor Stalled",
"B1671","B","base-only","Батарея Модуль Напряжение Out Of Range","Батарея Модуль Напряжение Out Of Range",
"B1672","B","base-only","Сиденье Водитель Occupied Вход Цепь Failure","Сиденье Водитель Occupied Вход Цепь Failure",
"B1673","B","base-only","Сиденье Водитель Occupied Вход Цепь Обрыв","Сиденье Водитель Occupied Вход Цепь Обрыв",
"B1674","B","base-only","Сиденье Водитель Occupied Вход Цепь Короткое замыкание на батарею","Сиденье Водитель Occupied Вход Цепь Короткое замыкание на батарею",
"B1675","B","base-only","Сиденье Водитель Occupied Вход Цепь Короткое замыкание на массу","Сиденье Водитель Occupied Вход Цепь Короткое замыкание на массу",
"B1676","B","base-only","Батарея Pack Напряжение Out Of Range","Батарея Pack Напряжение Out Of Range",
"B1677","B","base-only","Alarm Panic Вход Цепь Failure","Alarm Panic Вход Цепь Failure",
"B1678","B","base-only","Alarm Panic Вход Цепь Обрыв","Alarm Panic Вход Цепь Обрыв",
"B1679","B","base-only","Alarm Panic Вход Цепь Короткое замыкание на батарею","Alarm Panic Вход Цепь Короткое замыкание на батарею",
"B1680","B","base-only","Alarm Panic Вход Цепь Короткое замыкание на массу","Alarm Panic Вход Цепь Короткое замыкание на массу",
"B1681","B","base-only","PATS Transceiver Модуль Сигнал Is Not Received","PATS Transceiver Модуль Сигнал Is Not Received",
"B1682","B","base-only","PATS Is Disabled (Check Link Between PATS And Transponder)","PATS Is Disabled (Check Link Between PATS And Transponder)",
"B1683","B","base-only","Mirror Водитель/Пассажир Switch Цепь Failure","Mirror Водитель/Пассажир Switch Цепь Failure",
"B1684","B","base-only","Mirror Водитель/Пассажир Switch Цепь Обрыв","Mirror Водитель/Пассажир Switch Цепь Обрыв",
"B1685","B","base-only","Лампа Dome Вход Цепь Failure","Лампа Dome Вход Цепь Failure",
"B1686","B","base-only","Лампа Dome Вход Цепь Обрыв","Лампа Dome Вход Цепь Обрыв",
"B1687","B","base-only","Лампа Dome Вход Цепь Короткое замыкание на батарею","Лампа Dome Вход Цепь Короткое замыкание на батарею",
"B1688","B","base-only","Лампа Dome Вход Цепь Короткое замыкание на массу","Лампа Dome Вход Цепь Короткое замыкание на массу",
"B1689","B","base-only","Autolamp Delay Цепь Failure","Autolamp Delay Цепь Failure",
"B1690","B","base-only","Autolamp Delay Цепь Обрыв","Autolamp Delay Цепь Обрыв",
"B1691","B","base-only","Autolamp Delay Цепь Короткое замыкание на батарею","Autolamp Delay Цепь Короткое замыкание на батарею",
"B1692","B","base-only","Autolamp Delay Цепь Короткое замыкание на массу","Autolamp Delay Цепь Короткое замыкание на массу",
"B1693","B","base-only","Autolamp On Цепь Failure","Autolamp On Цепь Failure",
"B1694","B","base-only","Autolamp On Цепь Обрыв","Autolamp On Цепь Обрыв",
"B1695","B","base-only","Autolamp On Цепь Короткое замыкание на батарею","Autolamp On Цепь Короткое замыкание на батарею",
"B1696","B","base-only","Autolamp On Цепь Короткое замыкание на массу","Autolamp On Цепь Короткое замыкание на массу",
"B1697","B","base-only","Mirror Водитель/Пассажир Switch Цепь Короткое замыкание на батарею","Mirror Водитель/Пассажир Switch Цепь Короткое замыкание на батарею",
"B1698","B","base-only","Mirror Водитель/Пассажир Switch Цепь Короткое замыкание на массу","Mirror Водитель/Пассажир Switch Цепь Короткое замыкание на массу",
"B1699","B","base-only","Пассажир's Сиденье Occupied Switch Цепь Короткое замыкание на массу","Пассажир's Сиденье Occupied Switch Цепь Короткое замыкание на массу",
"B1700","B","base-only","Пассажир's Seatbelt Tension Reducer Цепь Короткое замыкание на массу","Пассажир's Seatbelt Tension Reducer Цепь Короткое замыкание на массу",
"B1701","B","base-only","Сиденье Водитель Recline Forward Switch Цепь Failure","Сиденье Водитель Recline Forward Switch Цепь Failure",
"B1702","B","base-only","Сиденье Водитель Recline Forward Switch Цепь Обрыв","Сиденье Водитель Recline Forward Switch Цепь Обрыв",
"B1703","B","base-only","Сиденье Водитель Recline Forward Switch Цепь Короткое замыкание на батарею","Сиденье Водитель Recline Forward Switch Цепь Короткое замыкание на батарею",
"B1704","B","base-only","Сиденье Водитель Recline Forward Switch Цепь Короткое замыкание на массу","Сиденье Водитель Recline Forward Switch Цепь Короткое замыкание на массу",
"B1705","B","base-only","Сиденье Водитель Recline Rearward Switch Цепь Failure","Сиденье Водитель Recline Rearward Switch Цепь Failure",
"B1706","B","base-only","Сиденье Водитель Recline Rearward Switch Цепь Обрыв","Сиденье Водитель Recline Rearward Switch Цепь Обрыв",
"B1707","B","base-only","Сиденье Водитель Recline Rearward Switch Цепь Короткое замыкание на батарею","Сиденье Водитель Recline Rearward Switch Цепь Короткое замыкание на батарею",
"B1708","B","base-only","Сиденье Водитель Recline Rearward Switch Цепь Короткое замыкание на массу","Сиденье Водитель Recline Rearward Switch Цепь Короткое замыкание на массу",
"B1709","B","base-only","Сиденье Водитель Front Up Switch Цепь Failure","Сиденье Водитель Front Up Switch Цепь Failure",
"B1710","B","base-only","Сиденье Водитель Front Up Switch Цепь Обрыв","Сиденье Водитель Front Up Switch Цепь Обрыв",
"B1711","B","base-only","Сиденье Водитель Front Up Switch Цепь Короткое замыкание на батарею","Сиденье Водитель Front Up Switch Цепь Короткое замыкание на батарею",
"B1712","B","base-only","Сиденье Водитель Front Up Switch Цепь Короткое замыкание на массу","Сиденье Водитель Front Up Switch Цепь Короткое замыкание на массу",
"B1713","B","base-only","Сиденье Водитель Front Down Switch Цепь Failure","Сиденье Водитель Front Down Switch Цепь Failure",
"B1714","B","base-only","Сиденье Водитель Front Down Switch Цепь Обрыв","Сиденье Водитель Front Down Switch Цепь Обрыв",
"B1715","B","base-only","Сиденье Водитель Front Down Switch Цепь Короткое замыкание на батарею","Сиденье Водитель Front Down Switch Цепь Короткое замыкание на батарею",
"B1716","B","base-only","Сиденье Водитель Front Down Switch Цепь Короткое замыкание на массу","Сиденье Водитель Front Down Switch Цепь Короткое замыкание на массу",
"B1717","B","base-only","Сиденье Водитель Forward Switch Цепь Failure","Сиденье Водитель Forward Switch Цепь Failure",
"B1718","B","base-only","Сиденье Водитель Forward Switch Цепь Обрыв","Сиденье Водитель Forward Switch Цепь Обрыв",
"B1719","B","base-only","Сиденье Водитель Forward Switch Цепь Короткое замыкание на батарею","Сиденье Водитель Forward Switch Цепь Короткое замыкание на батарею",
"B1720","B","base-only","Сиденье Водитель Forward Switch Цепь Короткое замыкание на массу","Сиденье Водитель Forward Switch Цепь Короткое замыкание на массу",
"B1721","B","base-only","Сиденье Водитель Rearward Switch Цепь Failure","Сиденье Водитель Rearward Switch Цепь Failure",
"B1722","B","base-only","Сиденье Водитель Rearward Switch Цепь Обрыв","Сиденье Водитель Rearward Switch Цепь Обрыв",
"B1723","B","base-only","Сиденье Водитель Rearward Switch Цепь Короткое замыкание на батарею","Сиденье Водитель Rearward Switch Цепь Короткое замыкание на батарею",
"B1724","B","base-only","Сиденье Водитель Rearward Switch Цепь Короткое замыкание на массу","Сиденье Водитель Rearward Switch Цепь Короткое замыкание на массу",
"B1725","B","base-only","Сиденье Водитель Rear Up Switch Цепь Failure","Сиденье Водитель Rear Up Switch Цепь Failure",
"B1726","B","base-only","Сиденье Водитель Rear Up Switch Цепь Обрыв","Сиденье Водитель Rear Up Switch Цепь Обрыв",
"B1727","B","base-only","Сиденье Водитель Rear Up Switch Цепь Короткое замыкание на батарею","Сиденье Водитель Rear Up Switch Цепь Короткое замыкание на батарею",
"B1728","B","base-only","Сиденье Водитель Rear Up Switch Цепь Короткое замыкание на массу","Сиденье Водитель Rear Up Switch Цепь Короткое замыкание на массу",
"B1729","B","base-only","Сиденье Водитель Rear Down Switch Цепь Failure","Сиденье Водитель Rear Down Switch Цепь Failure",
"B1730","B","base-only","Сиденье Водитель Rear Down Switch Цепь Обрыв","Сиденье Водитель Rear Down Switch Цепь Обрыв",
"B1731","B","base-only","Сиденье Водитель Rear Down Switch Цепь Короткое замыкание на батарею","Сиденье Водитель Rear Down Switch Цепь Короткое замыкание на батарею",
"B1732","B","base-only","Сиденье Водитель Rear Down Switch Цепь Короткое замыкание на массу","Сиденье Водитель Rear Down Switch Цепь Короткое замыкание на массу",
"B1733","B","base-only","Mirror Водитель Vertical Switch Цепь Failure","Mirror Водитель Vertical Switch Цепь Failure",
"B1734","B","base-only","Mirror Водитель Vertical Switch Цепь Обрыв","Mirror Водитель Vertical Switch Цепь Обрыв",
"B1735","B","base-only","Mirror Водитель Vertical Switch Цепь Короткое замыкание на батарею","Mirror Водитель Vertical Switch Цепь Короткое замыкание на батарею",
"B1736","B","base-only","Mirror Водитель Vertical Switch Цепь Короткое замыкание на массу","Mirror Водитель Vertical Switch Цепь Короткое замыкание на массу",
"B1737","B","base-only","Mirror Водитель Horizontal Switch Цепь Failure","Mirror Водитель Horizontal Switch Цепь Failure",
"B1738","B","base-only","Mirror Водитель Horizontal Switch Цепь Обрыв","Mirror Водитель Horizontal Switch Цепь Обрыв",
"B1739","B","base-only","Mirror Водитель Horizontal Switch Цепь Короткое замыкание на батарею","Mirror Водитель Horizontal Switch Цепь Короткое замыкание на батарею",
"B1740","B","base-only","Mirror Водитель Horizontal Switch Цепь Короткое замыкание на массу","Mirror Водитель Horizontal Switch Цепь Короткое замыкание на массу",
"B1741","B","base-only","Mirror Пассажир Vertical Switch Цепь Failure","Mirror Пассажир Vertical Switch Цепь Failure",
"B1742","B","base-only","Mirror Пассажир Vertical Switch Цепь Обрыв","Mirror Пассажир Vertical Switch Цепь Обрыв",
"B1743","B","base-only","Mirror Пассажир Vertical Switch Цепь Короткое замыкание на батарею","Mirror Пассажир Vertical Switch Цепь Короткое замыкание на батарею",
"B1744","B","base-only","Mirror Пассажир Vertical Switch Цепь Короткое замыкание на массу","Mirror Пассажир Vertical Switch Цепь Короткое замыкание на массу",
"B1745","B","base-only","Mirror Пассажир Horizontal Switch Цепь Failure","Mirror Пассажир Horizontal Switch Цепь Failure",
"B1746","B","base-only","Mirror Пассажир Horizontal Switch Цепь Обрыв","Mirror Пассажир Horizontal Switch Цепь Обрыв",
"B1747","B","base-only","Mirror Пассажир Horizontal Switch Цепь Короткое замыкание на батарею","Mirror Пассажир Horizontal Switch Цепь Короткое замыкание на батарею",
"B1748","B","base-only","Mirror Пассажир Horizontal Switch Цепь Короткое замыкание на массу","Mirror Пассажир Horizontal Switch Цепь Короткое замыкание на массу",
"B1749","B","base-only","Park/Neutral Switch Цепь Failure","Park/Neutral Switch Цепь Failure",
"B1750","B","base-only","Park/Neutral Switch Цепь Обрыв","Park/Neutral Switch Цепь Обрыв",
"B1751","B","base-only","Park/Neutral Switch Цепь Короткое замыкание на батарею","Park/Neutral Switch Цепь Короткое замыкание на батарею",
"B1752","B","base-only","Park/Neutral Switch Цепь Короткое замыкание на массу","Park/Neutral Switch Цепь Короткое замыкание на массу",
"B1753","B","base-only","Hazard Flash Выход Цепь Failure","Hazard Flash Выход Цепь Failure",
"B1754","B","base-only","Hazard Flash Выход Цепь Обрыв","Hazard Flash Выход Цепь Обрыв",
"B1755","B","base-only","Hazard Flash Выход Цепь Короткое замыкание Батарея","Hazard Flash Выход Цепь Короткое замыкание Батарея",
"B1756","B","base-only","Hazard Flash Выход Цепь Короткое замыкание на массу","Hazard Flash Выход Цепь Короткое замыкание на массу",
"B1757","B","base-only","Сиденье Водитель Rear Down Цепь Failure","Сиденье Водитель Rear Down Цепь Failure",
"B1758","B","base-only","Сиденье Водитель Rear Down Цепь Обрыв","Сиденье Водитель Rear Down Цепь Обрыв",
"B1759","B","base-only","Сиденье Водитель Rear Down Цепь Короткое замыкание на батарею","Сиденье Водитель Rear Down Цепь Короткое замыкание на батарею",
"B1760","B","base-only","Сиденье Водитель Rear Down Цепь Короткое замыкание на массу","Сиденье Водитель Rear Down Цепь Короткое замыкание на массу",
"B1761","B","base-only","Сиденье Водитель Front Down Цепь Failure","Сиденье Водитель Front Down Цепь Failure",
"B1762","B","base-only","Сиденье Водитель Front Down Цепь Обрыв","Сиденье Водитель Front Down Цепь Обрыв",
"B1763","B","base-only","Сиденье Водитель Front Down Цепь Короткое замыкание на батарею","Сиденье Водитель Front Down Цепь Короткое замыкание на батарею",
"B1764","B","base-only","Сиденье Водитель Front Down Цепь Короткое замыкание на массу","Сиденье Водитель Front Down Цепь Короткое замыкание на массу",
"B1765","B","base-only","Сиденье Водитель Forward Цепь Failure","Сиденье Водитель Forward Цепь Failure",
"B1766","B","base-only","Сиденье Водитель Forward Цепь Обрыв","Сиденье Водитель Forward Цепь Обрыв",
"B1767","B","base-only","Сиденье Водитель Forward Цепь Короткое замыкание на батарею","Сиденье Водитель Forward Цепь Короткое замыкание на батарею",
"B1768","B","base-only","Сиденье Водитель Forward Цепь Короткое замыкание на массу","Сиденье Водитель Forward Цепь Короткое замыкание на массу",
"B1769","B","base-only","Сиденье Водитель Backward Цепь Failure","Сиденье Водитель Backward Цепь Failure",
"B1770","B","base-only","Сиденье Водитель Backward Цепь Обрыв","Сиденье Водитель Backward Цепь Обрыв",
"B1771","B","base-only","Сиденье Водитель Backward Цепь Короткое замыкание на батарею","Сиденье Водитель Backward Цепь Короткое замыкание на батарею",
"B1772","B","base-only","Сиденье Водитель Backward Цепь Короткое замыкание на массу","Сиденье Водитель Backward Цепь Короткое замыкание на массу",
"B1773","B","base-only","Mirror Водитель Up Цепь Failure","Mirror Водитель Up Цепь Failure",
"B1774","B","base-only","Mirror Водитель Up Цепь Обрыв","Mirror Водитель Up Цепь Обрыв",
"B1775","B","base-only","Mirror Водитель Up Цепь Короткое замыкание на батарею","Mirror Водитель Up Цепь Короткое замыкание на батарею",
"B1776","B","base-only","Mirror Водитель Up Цепь Короткое замыкание на массу","Mirror Водитель Up Цепь Короткое замыкание на массу",
"B1777","B","base-only","Водитель's Seatbelt Tension Reducer Цепь Короткое замыкание на массу","Водитель's Seatbelt Tension Reducer Цепь Короткое замыкание на массу",
"B1778","B","base-only","Mirror Водитель Down Цепь Failure","Mirror Водитель Down Цепь Failure",
"B1779","B","base-only","Mirror Водитель Down Цепь Обрыв","Mirror Водитель Down Цепь Обрыв",
"B1780","B","base-only","Mirror Водитель Down Цепь Короткое замыкание на батарею","Mirror Водитель Down Цепь Короткое замыкание на батарею",
"B1781","B","base-only","Mirror Водитель Down Короткое замыкание на массу","Mirror Водитель Down Короткое замыкание на массу",
"B1782","B","base-only","Mirror Пассажир Up Цепь Failure","Mirror Пассажир Up Цепь Failure",
"B1783","B","base-only","Mirror Пассажир Up Цепь Обрыв","Mirror Пассажир Up Цепь Обрыв",
"B1784","B","base-only","Mirror Пассажир Up Цепь Короткое замыкание на батарею","Mirror Пассажир Up Цепь Короткое замыкание на батарею",
"B1785","B","base-only","Mirror Пассажир Up Цепь Короткое замыкание на массу","Mirror Пассажир Up Цепь Короткое замыкание на массу",
"B1786","B","base-only","Mirror Пассажир Down Цепь Failure","Mirror Пассажир Down Цепь Failure",
"B1787","B","base-only","Mirror Пассажир Down Цепь Обрыв","Mirror Пассажир Down Цепь Обрыв",
"B1788","B","base-only","Mirror Пассажир Down Цепь Короткое замыкание на батарею","Mirror Пассажир Down Цепь Короткое замыкание на батарею",
"B1789","B","base-only","Mirror Пассажир Down Цепь Короткое замыкание на массу","Mirror Пассажир Down Цепь Короткое замыкание на массу",
"B1790","B","base-only","Autolamp Датчик Вход Цепь Failure","Autolamp Датчик Вход Цепь Failure",
"B1791","B","base-only","Autolamp Датчик Вход Цепь Обрыв","Autolamp Датчик Вход Цепь Обрыв",
"B1792","B","base-only","Autolamp Датчик Вход Цепь Короткое замыкание на батарею","Autolamp Датчик Вход Цепь Короткое замыкание на батарею",
"B1793","B","base-only","Autolamp Датчик Вход Цепь Короткое замыкание на массу","Autolamp Датчик Вход Цепь Короткое замыкание на массу",
"B1794","B","base-only","Лампа Headlamp Низкий-Beam Цепь Failure","Лампа Headlamp Низкий-Beam Цепь Failure",
"B1795","B","base-only","Лампа Headlamp Низкий-Beam Цепь Обрыв","Лампа Headlamp Низкий-Beam Цепь Обрыв",
"B1796","B","base-only","Лампа Headlamp Низкий-Beam Цепь Короткое замыкание на батарею","Лампа Headlamp Низкий-Beam Цепь Короткое замыкание на батарею",
"B1797","B","base-only","Лампа Headlamp Низкий-Beam Цепь Короткое замыкание на массу","Лампа Headlamp Низкий-Beam Цепь Короткое замыкание на массу",
"B1798","B","base-only","Лампа Turn Сигнал Front Выход Цепь Failure","Лампа Turn Сигнал Front Выход Цепь Failure",
"B1799","B","base-only","Лампа Turn Сигнал Front Выход Цепь Обрыв","Лампа Turn Сигнал Front Выход Цепь Обрыв",
"B1800","B","base-only","Лампа Turn Сигнал Front Выход Цепь Короткое замыкание на батарею","Лампа Turn Сигнал Front Выход Цепь Короткое замыкание на батарею",
"B1801","B","base-only","Лампа Turn Сигнал Front Выход Цепь Короткое замыкание на массу","Лампа Turn Сигнал Front Выход Цепь Короткое замыкание на массу",
"B1802","B","base-only","Лампа Turn Сигнал Rear Выход Цепь Failure","Лампа Turn Сигнал Rear Выход Цепь Failure",
"B1803","B","base-only","Лампа Turn Сигнал Rear Выход Цепь Обрыв","Лампа Turn Сигнал Rear Выход Цепь Обрыв",
"B1804","B","base-only","Лампа Turn Сигнал Rear Выход Цепь Короткое замыкание на батарею","Лампа Turn Сигнал Rear Выход Цепь Короткое замыкание на батарею",
"B1805","B","base-only","Лампа Turn Сигнал Rear Выход Цепь Короткое замыкание на массу","Лампа Turn Сигнал Rear Выход Цепь Короткое замыкание на массу",
"B1806","B","base-only","Лампа Tail Выход Цепь Failure","Лампа Tail Выход Цепь Failure",
"B1807","B","base-only","Лампа Tail Выход Цепь Обрыв","Лампа Tail Выход Цепь Обрыв",
"B1808","B","base-only","Лампа Tail Выход Цепь Короткое замыкание на батарею","Лампа Tail Выход Цепь Короткое замыкание на батарею",
"B1809","B","base-only","Лампа Tail Выход Цепь Короткое замыкание на массу","Лампа Tail Выход Цепь Короткое замыкание на массу",
"B1810","B","base-only","Лампа Backup Switch Вход Цепь Failure","Лампа Backup Switch Вход Цепь Failure",
"B1811","B","base-only","Лампа Backup Switch Вход Цепь Обрыв","Лампа Backup Switch Вход Цепь Обрыв",
"B1812","B","base-only","Лампа Backup Switch Вход Цепь Короткое замыкание на батарею","Лампа Backup Switch Вход Цепь Короткое замыкание на батарею",
"B1813","B","base-only","Лампа Backup Switch Вход Цепь Короткое замыкание на массу","Лампа Backup Switch Вход Цепь Короткое замыкание на массу",
"B1814","B","base-only","Wiper Rear Motor Down Relay Катушка Цепь Failure","Wiper Rear Motor Down Relay Катушка Цепь Failure",
"B1815","B","base-only","Wiper Rear Motor Down Relay Катушка Цепь Обрыв","Wiper Rear Motor Down Relay Катушка Цепь Обрыв",
"B1816","B","base-only","Wiper Rear Motor Down Relay Катушка Цепь Короткое замыкание на батарею","Wiper Rear Motor Down Relay Катушка Цепь Короткое замыкание на батарею",
"B1817","B","base-only","Wiper Rear Motor Down Relay Катушка Цепь Короткое замыкание на массу","Wiper Rear Motor Down Relay Катушка Цепь Короткое замыкание на массу",
"B1818","B","base-only","Wiper Rear Motor Up Relay Катушка Цепь Failure","Wiper Rear Motor Up Relay Катушка Цепь Failure",
"B1819","B","base-only","Wiper Rear Motor Up Relay Катушка Цепь Обрыв","Wiper Rear Motor Up Relay Катушка Цепь Обрыв",
"B1820","B","base-only","Wiper Rear Motor Up Relay Катушка Цепь Короткое замыкание на батарею","Wiper Rear Motor Up Relay Катушка Цепь Короткое замыкание на батарею",
"B1821","B","base-only","Wiper Rear Motor Up Relay Катушка Цепь Короткое замыкание на массу","Wiper Rear Motor Up Relay Катушка Цепь Короткое замыкание на массу",
"B1822","B","base-only","Wiper Rear Park Sense Вход Цепь Failure","Wiper Rear Park Sense Вход Цепь Failure",
"B1823","B","base-only","Wiper Rear Park Sense Вход Цепь Обрыв","Wiper Rear Park Sense Вход Цепь Обрыв",
"B1824","B","base-only","Wiper Rear Park Sense Вход Цепь Короткое замыкание на батарею","Wiper Rear Park Sense Вход Цепь Короткое замыкание на батарею",
"B1825","B","base-only","Wiper Rear Park Sense Вход Цепь Короткое замыкание на массу","Wiper Rear Park Sense Вход Цепь Короткое замыкание на массу",
"B1826","B","base-only","Wiper Rear Высокий Limit Вход Цепь Failure","Wiper Rear Высокий Limit Вход Цепь Failure",
"B1827","B","base-only","Wiper Rear Высокий Limit Вход Цепь Обрыв","Wiper Rear Высокий Limit Вход Цепь Обрыв",
"B1828","B","base-only","Wiper Rear Высокий Limit Вход Цепь Короткое замыкание на батарею","Wiper Rear Высокий Limit Вход Цепь Короткое замыкание на батарею",
"B1829","B","base-only","Wiper Rear Высокий Limit Вход Цепь Короткое замыкание на массу","Wiper Rear Высокий Limit Вход Цепь Короткое замыкание на массу",
"B1830","B","base-only","Door Unlock Disarm Switch Цепь Failure","Door Unlock Disarm Switch Цепь Failure",
"B1831","B","base-only","Door Unlock Disarm Switch Цепь Обрыв","Door Unlock Disarm Switch Цепь Обрыв",
"B1832","B","base-only","Door Unlock Disarm Switch Цепь Короткое замыкание на батарею","Door Unlock Disarm Switch Цепь Короткое замыкание на батарею",
"B1833","B","base-only","Door Unlock Disarm Switch Цепь Короткое замыкание на массу","Door Unlock Disarm Switch Цепь Короткое замыкание на массу",
"B1834","B","base-only","Door Unlock Disarm Выход Цепь Failure","Door Unlock Disarm Выход Цепь Failure",
"B1835","B","base-only","Door Unlock Disarm Выход Цепь Обрыв","Door Unlock Disarm Выход Цепь Обрыв",
"B1836","B","base-only","Door Unlock Disarm Выход Цепь Короткое замыкание на батарею","Door Unlock Disarm Выход Цепь Короткое замыкание на батарею",
"B1837","B","base-only","Door Unlock Disarm Выход Цепь Короткое замыкание на массу","Door Unlock Disarm Выход Цепь Короткое замыкание на массу",
"B1838","B","base-only","Батарея Saver Power Relay Цепь Failure","Батарея Saver Power Relay Цепь Failure",
"B1839","B","base-only","Wiper Rear Motor Цепь Failure","Wiper Rear Motor Цепь Failure",
"B1840","B","base-only","Wiper Front Power Цепь Failure","Wiper Front Power Цепь Failure",
"B1841","B","base-only","Wiper Front Power Цепь Обрыв","Wiper Front Power Цепь Обрыв",
"B1842","B","base-only","Wiper Front Power Цепь Короткое замыкание на батарею","Wiper Front Power Цепь Короткое замыкание на батарею",
"B1843","B","base-only","Wiper Front Power Цепь Короткое замыкание на массу","Wiper Front Power Цепь Короткое замыкание на массу",
"B1844","B","base-only","Phone Handset Цепь Failure","Phone Handset Цепь Failure",
"B1845","B","base-only","Зажигание Tamper Цепь Failure","Зажигание Tamper Цепь Failure",
"B1846","B","base-only","Зажигание Tamper Цепь Обрыв","Зажигание Tamper Цепь Обрыв",
"B1847","B","base-only","Зажигание Tamper Цепь Короткое замыкание на батарею","Зажигание Tamper Цепь Короткое замыкание на батарею",
"B1848","B","base-only","Зажигание Tamper Цепь Короткое замыкание на массу","Зажигание Tamper Цепь Короткое замыкание на массу",
"B1849","B","base-only","Climate Управление Температура Differential Цепь Failure","Climate Управление Температура Differential Цепь Failure",
"B1850","B","base-only","Climate Управление Температура Differential Цепь Обрыв","Climate Управление Температура Differential Цепь Обрыв",
"B1851","B","base-only","Climate Управление Температура Differential Цепь Короткое замыкание на батарею","Climate Управление Температура Differential Цепь Короткое замыкание на батарею",
"B1852","B","base-only","Climate Управление Температура Differential Цепь Короткое замыкание на массу","Climate Управление Температура Differential Цепь Короткое замыкание на массу",
"B1853","B","base-only","Climate Управление Воздух Температура Internal Датчик Motor Цепь Failure","Climate Управление Воздух Температура Internal Датчик Motor Цепь Failure",
"B1854","B","base-only","Climate Управление Воздух Температура Internal Датчик Motor Цепь Обрыв","Climate Управление Воздух Температура Internal Датчик Motor Цепь Обрыв",
"B1855","B","base-only","Climate Управление Воздух Температура Internal Датчик Motor Цепь Короткое замыкание на батарею","Climate Управление Воздух Температура Internal Датчик Motor Цепь Короткое замыкание на батарею",
"B1856","B","base-only","Climate Управление Воздух Температура Internal Датчик Motor Цепь Короткое замыкание на массу","Climate Управление Воздух Температура Internal Датчик Motor Цепь Короткое замыкание на массу",
"B1857","B","base-only","Climate Управление On/Off Switch Цепь Failure","Climate Управление On/Off Switch Цепь Failure",
"B1858","B","base-only","Climate Управление A/C Давление Switch Цепь Failure","Climate Управление A/C Давление Switch Цепь Failure",
"B1859","B","base-only","Climate Управление A/C Давление Switch Цепь Обрыв","Climate Управление A/C Давление Switch Цепь Обрыв",
"B1860","B","base-only","Climate Управление A/C Давление Switch Цепь Короткое замыкание на батарею","Climate Управление A/C Давление Switch Цепь Короткое замыкание на батарею",
"B1861","B","base-only","Climate Управление A/C Давление Switch Цепь Короткое замыкание на массу","Climate Управление A/C Давление Switch Цепь Короткое замыкание на массу",
"B1862","B","base-only","Climate Управление A/C Lock Датчик Failure","Climate Управление A/C Lock Датчик Failure",
"B1863","B","base-only","Масса ECU Цепь Обрыв","Масса ECU Цепь Обрыв",
"B1864","B","base-only","Батарея Power Supply ECU Цепь Failure","Батарея Power Supply ECU Цепь Failure",
"B1865","B","base-only","Батарея Power Supply ECU Цепь Обрыв","Батарея Power Supply ECU Цепь Обрыв",
"B1866","B","base-only","Батарея Power Supply ECU Цепь Короткое замыкание на батарею","Батарея Power Supply ECU Цепь Короткое замыкание на батарею",
"B1867","B","base-only","Батарея Power Supply ECU Цепь Короткое замыкание на массу","Батарея Power Supply ECU Цепь Короткое замыкание на массу",
"B1868","B","base-only","Лампа Воздух Bag Warning Индикатор Цепь Failure","Лампа Воздух Bag Warning Индикатор Цепь Failure",
"B1869","B","base-only","Лампа Воздух Bag Warning Индикатор Цепь Обрыв","Лампа Воздух Bag Warning Индикатор Цепь Обрыв",
"B1870","B","base-only","Лампа Воздух Bag Warning Индикатор Цепь Короткое замыкание на батарею","Лампа Воздух Bag Warning Индикатор Цепь Короткое замыкание на батарею",
"B1871","B","base-only","Пассажир Воздух Bag Disable Модуль Fault","Пассажир Воздух Bag Disable Модуль Fault",
"B1872","B","base-only","Turn Сигнал / Hazard Power Feed Цепь Короткое замыкание на батарею","Turn Сигнал / Hazard Power Feed Цепь Короткое замыкание на батарею",
"B1873","B","base-only","Turn Сигнал / Hazard Power Feed Цепь Короткое замыкание на массу","Turn Сигнал / Hazard Power Feed Цепь Короткое замыкание на массу",
"B1874","B","base-only","Cellular Phone Handset Not Present","Cellular Phone Handset Not Present",
"B1875","B","base-only","Turn Сигнал / Hazard Switch Сигнал Цепь Failure","Turn Сигнал / Hazard Switch Сигнал Цепь Failure",
"B1876","B","base-only","Seatbelt Водитель Pretensioner Цепь Failure","Seatbelt Водитель Pretensioner Цепь Failure",
"B1877","B","base-only","Seatbelt Водитель Pretensioner Цепь Обрыв","Seatbelt Водитель Pretensioner Цепь Обрыв",
"B1878","B","base-only","Seatbelt Водитель Pretensioner Цепь Короткое замыкание на батарею","Seatbelt Водитель Pretensioner Цепь Короткое замыкание на батарею",
"B1879","B","base-only","Seatbelt Водитель Pretensioner Цепь Короткое замыкание на массу","Seatbelt Водитель Pretensioner Цепь Короткое замыкание на массу",
"B1880","B","base-only","Seatbelt Пассажир Pretensioner Цепь Failure","Seatbelt Пассажир Pretensioner Цепь Failure",
"B1881","B","base-only","Seatbelt Пассажир Pretensioner Цепь Обрыв","Seatbelt Пассажир Pretensioner Цепь Обрыв",
"B1882","B","base-only","Seatbelt Пассажир Pretensioner Цепь Короткое замыкание на батарею","Seatbelt Пассажир Pretensioner Цепь Короткое замыкание на батарею",
"B1883","B","base-only","Seatbelt Пассажир Pretensioner Цепь Короткое замыкание на массу","Seatbelt Пассажир Pretensioner Цепь Короткое замыкание на массу",
"B1884","B","base-only","PAD Warning Лампа Inoperative","PAD Warning Лампа Inoperative",
"B1885","B","base-only","Seatbelt Водитель Pretensioner Цепь Сопротивление Низкий on Squib","Seatbelt Водитель Pretensioner Цепь Сопротивление Низкий on Squib",
"B1886","B","base-only","Seatbelt Пассажир Pretensioner Цепь Сопротивление Низкий on Squib","Seatbelt Пассажир Pretensioner Цепь Сопротивление Низкий on Squib",
"B1887","B","base-only","Воздух Bag Водитель Цепь Сопротивление Низкий or Shorted Together","Воздух Bag Водитель Цепь Сопротивление Низкий or Shorted Together",
"B1888","B","base-only","Воздух Bag Пассажир Цепь Сопротивление Низкий or Shorted Together","Воздух Bag Пассажир Цепь Сопротивление Низкий or Shorted Together",
"B1889","B","base-only","Пассажир Airbag Disable Модуль Датчик Obstructed","Пассажир Airbag Disable Модуль Датчик Obstructed",
"B1890","B","base-only","PAD Warning Лампа Цепь Короткое замыкание на батарею","PAD Warning Лампа Цепь Короткое замыкание на батарею",
"B1891","B","base-only","Воздух Bag Tone Warning Индикатор Цепь Короткое замыкание на батарею","Воздух Bag Tone Warning Индикатор Цепь Короткое замыкание на батарею",
"B1892","B","base-only","Воздух Bag Tone Warning Индикатор Цепь Failure","Воздух Bag Tone Warning Индикатор Цепь Failure",
"B1893","B","base-only","GPS Antenna Обрыв Цепь","GPS Antenna Обрыв Цепь",
"B1894","B","base-only","Wiper Rear Motor Скорость Sense Цепь Failure","Wiper Rear Motor Скорость Sense Цепь Failure",
"B1895","B","base-only","Водитель's / Пассажир's Door Ajar Выход Цепь Failure","Водитель's / Пассажир's Door Ajar Выход Цепь Failure",
"B1896","B","base-only","Водитель's / Пассажир's Door Ajar Выход Цепь Короткое замыкание на батарею","Водитель's / Пассажир's Door Ajar Выход Цепь Короткое замыкание на батарею",
"B1897","B","base-only","Horn Switch Цепь Failure","Horn Switch Цепь Failure",
"B1898","B","base-only","Chime Вход #2 Цепь Короткое замыкание на массу","Chime Вход #2 Цепь Короткое замыкание на массу",
"B1899","B","base-only","Microphone Вход Сигнал Цепь Обрыв","Microphone Вход Сигнал Цепь Обрыв",
"B1900","B","base-only","Водитель Side Airbag Fault","Водитель Side Airbag Fault",
"B1901","B","base-only","Воздух Bag Crash Датчик #1 Feed/Return Цепь Короткое замыкание на массу","Воздух Bag Crash Датчик #1 Feed/Return Цепь Короткое замыкание на массу",
"B1902","B","base-only","Воздух Bag Crash Датчик #1 Масса Цепь Failure","Воздух Bag Crash Датчик #1 Масса Цепь Failure",
"B1903","B","base-only","Воздух Bag Crash Датчик #1 Масса Цепь Короткое замыкание на батарею","Воздух Bag Crash Датчик #1 Масса Цепь Короткое замыкание на батарею",
"B1904","B","base-only","Воздух Bag Crash Датчик #2 Feed/Return Цепь Failure","Воздух Bag Crash Датчик #2 Feed/Return Цепь Failure",
"B1905","B","base-only","Воздух Bag Crash Датчик #2 Feed/Return Цепь Короткое замыкание на батарею","Воздух Bag Crash Датчик #2 Feed/Return Цепь Короткое замыкание на батарею",
"B1906","B","base-only","Воздух Bag Crash Датчик #2 Feed/Return Цепь Короткое замыкание на массу","Воздух Bag Crash Датчик #2 Feed/Return Цепь Короткое замыкание на массу",
"B1907","B","base-only","Воздух Bag Crash Датчик #2 Масса Цепь Failure","Воздух Bag Crash Датчик #2 Масса Цепь Failure",
"B1908","B","base-only","Воздух Bag Crash Датчик #2 Масса Цепь Короткое замыкание на батарею","Воздух Bag Crash Датчик #2 Масса Цепь Короткое замыкание на батарею",
"B1909","B","base-only","Воздух Bag Crash Датчик #2 Масса Цепь Короткое замыкание на массу","Воздух Bag Crash Датчик #2 Масса Цепь Короткое замыкание на массу",
"B1910","B","base-only","Воздух Bag Diagnostic Монитор Масса Цепь Failure","Воздух Bag Diagnostic Монитор Масса Цепь Failure",
"B1911","B","base-only","Воздух Bag Diagnostic Монитор Масса Цепь Короткое замыкание на батарею","Воздух Bag Diagnostic Монитор Масса Цепь Короткое замыкание на батарею",
"B1912","B","base-only","Воздух Bag Diagnostic Монитор Масса Цепь Короткое замыкание на массу","Воздух Bag Diagnostic Монитор Масса Цепь Короткое замыкание на массу",
"B1913","B","base-only","Воздух Bag Водитель/Пассажир Цепь Короткое замыкание на массу","Воздух Bag Водитель/Пассажир Цепь Короткое замыкание на массу",
"B1914","B","base-only","Воздух Bag Crash Sensors #1 / #2 Цепь Короткое замыкание на массу","Воздух Bag Crash Sensors #1 / #2 Цепь Короткое замыкание на массу",
"B1915","B","base-only","Воздух Bag Водитель Цепь Failure","Воздух Bag Водитель Цепь Failure",
"B1916","B","base-only","Воздух Bag Водитель Цепь Короткое замыкание на батарею","Воздух Bag Водитель Цепь Короткое замыкание на батарею",
"B1917","B","base-only","Воздух Bag Memory Clear Цепь Failure","Воздух Bag Memory Clear Цепь Failure",
"B1918","B","base-only","Воздух Bag Memory Clear Цепь Обрыв","Воздух Bag Memory Clear Цепь Обрыв",
"B1919","B","base-only","Воздух Bag Memory Clear Цепь Короткое замыкание на батарею","Воздух Bag Memory Clear Цепь Короткое замыкание на батарею",
"B1920","B","base-only","Воздух Bag Пассажир Цепь Failure","Воздух Bag Пассажир Цепь Failure",
"B1921","B","base-only","Воздух Bag Diagnostic Монитор Масса Цепь Обрыв","Воздух Bag Diagnostic Монитор Масса Цепь Обрыв",
"B1922","B","base-only","Воздух Bag Safing Датчик Выход Цепь Короткое замыкание на батарею","Воздух Bag Safing Датчик Выход Цепь Короткое замыкание на батарею",
"B1923","B","base-only","Воздух Bag Memory Clear Цепь Короткое замыкание на массу","Воздух Bag Memory Clear Цепь Короткое замыкание на массу",
"B1924","B","base-only","Воздух Bag Internal Diagnostic Монитор Fault or Система Disarm Fault","Воздух Bag Internal Diagnostic Монитор Fault or Система Disarm Fault",
"B1925","B","base-only","Воздух Bag Пассажир Цепь Короткое замыкание на батарею","Воздух Bag Пассажир Цепь Короткое замыкание на батарею",
"B1926","B","base-only","Воздух Bag Пассажир Давление Switch Цепь Failure","Воздух Bag Пассажир Давление Switch Цепь Failure",
"B1927","B","base-only","Пассажир Side Airbag Fault","Пассажир Side Airbag Fault",
"B1928","B","base-only","Воздух Bag Safing Датчик Выход Цепь Failure","Воздух Bag Safing Датчик Выход Цепь Failure",
"B1929","B","base-only","Воздух Bag Safing Датчик Выход Цепь Обрыв","Воздух Bag Safing Датчик Выход Цепь Обрыв",
"B1930","B","base-only","Воздух Bag Safing Датчик Выход Цепь Короткое замыкание на массу","Воздух Bag Safing Датчик Выход Цепь Короткое замыкание на массу",
"B1931","B","base-only","Воздух Bag Crash Датчик #1 Feed/Return Цепь Failure","Воздух Bag Crash Датчик #1 Feed/Return Цепь Failure",
"B1932","B","base-only","Воздух Bag Водитель Цепь Обрыв","Воздух Bag Водитель Цепь Обрыв",
"B1933","B","base-only","Воздух Bag Пассажир Цепь Обрыв","Воздух Bag Пассажир Цепь Обрыв",
"B1934","B","base-only","Воздух Bag Водитель Inflator Цепь Сопротивление Низкий on Squib","Воздух Bag Водитель Inflator Цепь Сопротивление Низкий on Squib",
"B1935","B","base-only","Воздух Bag Пассажир Inflator Цепь Сопротивление Низкий on Squib","Воздух Bag Пассажир Inflator Цепь Сопротивление Низкий on Squib",
"B1936","B","base-only","Воздух Bag Водитель Цепь Короткое замыкание на массу","Воздух Bag Водитель Цепь Короткое замыкание на массу",
"B1937","B","base-only","Воздух Bag Пассажир Давление Switch Цепь Обрыв","Воздух Bag Пассажир Давление Switch Цепь Обрыв",
"B1938","B","base-only","Воздух Bag Пассажир Цепь Короткое замыкание на массу","Воздух Bag Пассажир Цепь Короткое замыкание на массу",
"B1939","B","base-only","Воздух Bag Пассажир Давление Switch Цепь Короткое замыкание на массу","Воздух Bag Пассажир Давление Switch Цепь Короткое замыкание на массу",
"B1941","B","base-only","Воздух Bag Crash Датчик #1 Feed/Return Цепь Обрыв","Воздух Bag Crash Датчик #1 Feed/Return Цепь Обрыв",
"B1942","B","base-only","Воздух Bag Crash Датчик #2 Feed/Return Цепь Обрыв","Воздух Bag Crash Датчик #2 Feed/Return Цепь Обрыв",
"B1943","B","base-only","Воздух Bag Crash Датчик #1 Масса Цепь Короткое замыкание на массу","Воздух Bag Crash Датчик #1 Масса Цепь Короткое замыкание на массу",
"B1944","B","base-only","Воздух Bag Crash Датчик #1 Масса Цепь Обрыв","Воздух Bag Crash Датчик #1 Масса Цепь Обрыв",
"B1945","B","base-only","Воздух Bag Crash Датчик #2 Масса Цепь Обрыв","Воздух Bag Crash Датчик #2 Масса Цепь Обрыв",
"B1946","B","base-only","Climate Управление A/C Post Evaporator Датчик Цепь Failure","Climate Управление A/C Post Evaporator Датчик Цепь Failure",
"B1947","B","base-only","Climate Управление A/C Post Evaporator Датчик Цепь Короткое замыкание на массу","Climate Управление A/C Post Evaporator Датчик Цепь Короткое замыкание на массу",
"B1948","B","base-only","Climate Управление Water Температура Датчик Цепь Failure","Climate Управление Water Температура Датчик Цепь Failure",
"B1949","B","base-only","Climate Управление Water Температура Датчик Цепь Короткое замыкание на массу","Climate Управление Water Температура Датчик Цепь Короткое замыкание на массу",
"B1950","B","base-only","Сиденье Rear Up/Down Potentiometer Feedback Цепь Failure","Сиденье Rear Up/Down Potentiometer Feedback Цепь Failure",
"B1951","B","base-only","Сиденье Rear Up/Down Potentiometer Feedback Цепь Обрыв","Сиденье Rear Up/Down Potentiometer Feedback Цепь Обрыв",
"B1952","B","base-only","Сиденье Rear Up/Down Potentiometer Feedback Цепь Короткое замыкание на батарею","Сиденье Rear Up/Down Potentiometer Feedback Цепь Короткое замыкание на батарею",
"B1953","B","base-only","Сиденье Rear Up/Down Potentiometer Feedback Цепь Короткое замыкание на массу","Сиденье Rear Up/Down Potentiometer Feedback Цепь Короткое замыкание на массу",
"B1954","B","base-only","Сиденье Front Up/Down Potentiometer Feedback Цепь Failure","Сиденье Front Up/Down Potentiometer Feedback Цепь Failure",
"B1955","B","base-only","Сиденье Front Up/Down Potentiometer Feedback Цепь Обрыв","Сиденье Front Up/Down Potentiometer Feedback Цепь Обрыв",
"B1956","B","base-only","Сиденье Front Up/Down Potentiometer Feedback Цепь Короткое замыкание на батарею","Сиденье Front Up/Down Potentiometer Feedback Цепь Короткое замыкание на батарею",
"B1957","B","base-only","Сиденье Front Up/Down Potentiometer Feedback Цепь Короткое замыкание на массу","Сиденье Front Up/Down Potentiometer Feedback Цепь Короткое замыкание на массу",
"B1958","B","base-only","Сиденье Recline Forward/Backward Potentiometer Feedback Цепь Failure","Сиденье Recline Forward/Backward Potentiometer Feedback Цепь Failure",
"B1959","B","base-only","Сиденье Recline Forward/Backward Potentiometer Feedback Цепь Обрыв","Сиденье Recline Forward/Backward Potentiometer Feedback Цепь Обрыв",
"B1960","B","base-only","Сиденье Recline Forward/Backward Potentiometer Feedback Цепь Короткое замыкание на батарею","Сиденье Recline Forward/Backward Potentiometer Feedback Цепь Короткое замыкание на батарею",
"B1961","B","base-only","Сиденье Recline Forward/Backward Potentiometer Feedback Цепь Короткое замыкание на массу","Сиденье Recline Forward/Backward Potentiometer Feedback Цепь Короткое замыкание на массу",
"B1962","B","base-only","Сиденье Horizontal Forward/Rearward Potentiometer Feedback Цепь Failure","Сиденье Horizontal Forward/Rearward Potentiometer Feedback Цепь Failure",
"B1963","B","base-only","Сиденье Horizontal Forward/Rearward Potentiometer Feedback Цепь Обрыв","Сиденье Horizontal Forward/Rearward Potentiometer Feedback Цепь Обрыв",
"B1964","B","base-only","Сиденье Horizontal Forward/Rearward Potentiometer Feedback Цепь Короткое замыкание на батарею","Сиденье Horizontal Forward/Rearward Potentiometer Feedback Цепь Короткое замыкание на батарею",
"B1965","B","base-only","Сиденье Horizontal Forward/Rearward Potentiometer Feedback Цепь Короткое замыкание на массу","Сиденье Horizontal Forward/Rearward Potentiometer Feedback Цепь Короткое замыкание на массу",
"B1966","B","base-only","A/C Post Нагреватель Датчик Цепь Failure","A/C Post Нагреватель Датчик Цепь Failure",
"B1967","B","base-only","A/C Post Нагреватель Датчик Цепь Короткое замыкание на массу","A/C Post Нагреватель Датчик Цепь Короткое замыкание на массу",
"B1968","B","base-only","A/C Water Насос Detection Цепь Failure","A/C Water Насос Detection Цепь Failure",
"B1969","B","base-only","A/C Clutch Magnetic Управление Цепь Failure","A/C Clutch Magnetic Управление Цепь Failure",
"B1970","B","base-only","Пассажир Seatback Forward Switch Цепь Короткое замыкание на массу","Пассажир Seatback Forward Switch Цепь Короткое замыкание на массу",
"B1971","B","base-only","Пассажир Seatback Rearward Switch Цепь Короткое замыкание на массу","Пассажир Seatback Rearward Switch Цепь Короткое замыкание на массу",
"B1972","B","base-only","Пассажир Rear Сиденье Up Switch Цепь Короткое замыкание на батарею","Пассажир Rear Сиденье Up Switch Цепь Короткое замыкание на батарею",
"B1973","B","base-only","Пассажир Rear Сиденье Down Switch Цепь Короткое замыкание на батарею","Пассажир Rear Сиденье Down Switch Цепь Короткое замыкание на батарею",
"B1974","B","base-only","Пассажир's Сиденье Recline Forward Switch Цепь Короткое замыкание на батарею","Пассажир's Сиденье Recline Forward Switch Цепь Короткое замыкание на батарею",
"B1975","B","base-only","Пассажир's Сиденье Recline Back Switch Цепь Короткое замыкание на батарею","Пассажир's Сиденье Recline Back Switch Цепь Короткое замыкание на батарею",
"B1976","B","base-only","Пассажир's Сиденье Forward Switch Цепь Короткое замыкание на батарею","Пассажир's Сиденье Forward Switch Цепь Короткое замыкание на батарею",
"B1977","B","base-only","Пассажир's Front Сиденье Up Switch Цепь Короткое замыкание на батарею","Пассажир's Front Сиденье Up Switch Цепь Короткое замыкание на батарею",
"B1978","B","base-only","Пассажир's Front Сиденье Down Switch Цепь Короткое замыкание на батарею","Пассажир's Front Сиденье Down Switch Цепь Короткое замыкание на батарею",
"B1979","B","base-only","Пассажир Сиденье Rearward Switch Цепь Короткое замыкание на батарею","Пассажир Сиденье Rearward Switch Цепь Короткое замыкание на батарею",
"B1980","B","base-only","Bulb - Outage Condition Обнаружен","Bulb - Outage Condition Обнаружен",
"B1981","B","base-only","Memory Off Switch Цепь Короткое замыкание на батарею","Memory Off Switch Цепь Короткое замыкание на батарею",
"B1982","B","base-only","Водитель's Door Unlock Relay Цепь Failure","Водитель's Door Unlock Relay Цепь Failure",
"B1983","B","base-only","Водитель's Door Unlock Relay Цепь Короткое замыкание на батарею","Водитель's Door Unlock Relay Цепь Короткое замыкание на батарею",
"B1984","B","base-only","Сиденье Switch Lumbar Inflate Цепь Failure","Сиденье Switch Lumbar Inflate Цепь Failure",
"B1985","B","base-only","Сиденье Switch Lumbar Deflate Цепь Failure","Сиденье Switch Lumbar Deflate Цепь Failure",
"B1986","B","base-only","Водитель's Сиденье Seatback Autoglide Rearward Switch Цепь Failure","Водитель's Сиденье Seatback Autoglide Rearward Switch Цепь Failure",
"B1987","B","base-only","Педаль Forward / Rearward Motor Stalled","Педаль Forward / Rearward Motor Stalled",
"B1988","B","base-only","Педаль Положение Forward Switch Цепь Короткое замыкание на батарею","Педаль Положение Forward Switch Цепь Короткое замыкание на батарею",
"B1989","B","base-only","Педаль Положение Rearward Switch Цепь Короткое замыкание на батарею","Педаль Положение Rearward Switch Цепь Короткое замыкание на батарею",
"B1990","B","base-only","Педаль Forward / Rearward Potentiometer Feedback Цепь Failure","Педаль Forward / Rearward Potentiometer Feedback Цепь Failure",
"B1991","B","base-only","Педаль Forward / Rearward Potentiometer Feedback Цепь Короткое замыкание на батарею","Педаль Forward / Rearward Potentiometer Feedback Цепь Короткое замыкание на батарею",
"B1992","B","base-only","Водитель Side, Side mount Airbag Цепь Короткое замыкание to Vbatt","Водитель Side, Side mount Airbag Цепь Короткое замыкание to Vbatt",
"B1993","B","base-only","Водитель Sid, Side mount Airbag Цепь Короткое замыкание на массу","Водитель Sid, Side mount Airbag Цепь Короткое замыкание на массу",
"B1994","B","base-only","Водитель Sid, Side mount Airbag Цепь Обрыв","Водитель Sid, Side mount Airbag Цепь Обрыв",
"B1995","B","base-only","Водитель Sid, Side mount Airbag Низкий Сопротивление on Squib","Водитель Sid, Side mount Airbag Низкий Сопротивление on Squib",
"B1996","B","base-only","Пассажир Sid, Side mount Airbag Цепь Короткое замыкание to Vbatt","Пассажир Sid, Side mount Airbag Цепь Короткое замыкание to Vbatt",
"B1997","B","base-only","Пассажир Sid, Side mount Airbag Цепь Короткое замыкание на массу","Пассажир Sid, Side mount Airbag Цепь Короткое замыкание на массу",
"B1998","B","base-only","Пассажир Sid, Side mount Airbag Цепь Обрыв","Пассажир Sid, Side mount Airbag Цепь Обрыв",
"B1999","B","base-only","Пассажир Sid, Side mount Airbag Низкий Сопротивление on Squib","Пассажир Sid, Side mount Airbag Низкий Сопротивление on Squib",
"B2100","B","base-only","Door Водитель Key Цилиндр Switch Failure","Door Водитель Key Цилиндр Switch Failure",
"B2101","B","base-only","Head Rest Switch Цепь Failure","Head Rest Switch Цепь Failure",
"B2102","B","base-only","Antenna Цепь Короткое замыкание на массу","Antenna Цепь Короткое замыкание на массу",
"B2103","B","base-only","Antenna Not Connected","Antenna Not Connected",
"B2104","B","base-only","Door Пассажир Key Цилиндр Switch Failure","Door Пассажир Key Цилиндр Switch Failure",
"B2105","B","base-only","Положение дроссельной заслонки Вход Out of Range Низкий","Положение дроссельной заслонки Вход Out of Range Низкий",
"B2106","B","base-only","Положение дроссельной заслонки Вход Out of Range Высокий","Положение дроссельной заслонки Вход Out of Range Высокий",
"B2107","B","base-only","Front Wiper Motor Relay Цепь Короткое замыкание to Vbatt","Front Wiper Motor Relay Цепь Короткое замыкание to Vbatt",
"B2108","B","base-only","Trunk Key Цилиндр Switch Failure","Trunk Key Цилиндр Switch Failure",
"B2109","B","base-only","Heated Wind Shield Relay Короткое замыкание to Vbatt (changed from Failure 2/6/97)","Heated Wind Shield Relay Короткое замыкание to Vbatt (changed from Failure 2/6/97)",
"B2110","B","base-only","Front Wiper Motor Relay Цепь Обрыв (changed from Failure 2/6/97)","Front Wiper Motor Relay Цепь Обрыв (changed from Failure 2/6/97)",
"B2111","B","base-only","All Door Lock Вход Короткое замыкание на массу","All Door Lock Вход Короткое замыкание на массу",
"B2112","B","base-only","Door Водитель Set Switch Заклинило Failure","Door Водитель Set Switch Заклинило Failure",
"B2113","B","base-only","Heated Windshield Вход Короткое замыкание на массу","Heated Windshield Вход Короткое замыкание на массу",
"B2114","B","base-only","Front Washer Вход Короткое замыкание на массу","Front Washer Вход Короткое замыкание на массу",
"B2115","B","base-only","Rear Washer Вход Короткое замыкание на массу","Rear Washer Вход Короткое замыкание на массу",
"B2116","B","base-only","Door Водитель Reset Switch Заклинило Failure","Door Водитель Reset Switch Заклинило Failure",
"B2117","B","base-only","Водитель Side, Side mount Airbag Низкий capacitance on Squib","Водитель Side, Side mount Airbag Низкий capacitance on Squib",
"B2118","B","base-only","Пассажир Sid, Side mount Airbag Низкий capacitance on Squib","Пассажир Sid, Side mount Airbag Низкий capacitance on Squib",
"B2119","B","base-only","Compressor Failure","Compressor Failure",
"B2120","B","base-only","Door Пассажир Set Switch Заклинило Failure","Door Пассажир Set Switch Заклинило Failure",
"B2122","B","base-only","Водитель Side Satellite Связь Цепь Короткое замыкание на массу","Водитель Side Satellite Связь Цепь Короткое замыкание на массу",
"B2123","B","base-only","Пассажир Side Satellite Связь Цепь Короткое замыкание на массу","Пассажир Side Satellite Связь Цепь Короткое замыкание на массу",
"B2124","B","base-only","Door Пассажир Reset Switch Заклинило Failure","Door Пассажир Reset Switch Заклинило Failure",
"B2128","B","base-only","Central Lock Motor Failure","Central Lock Motor Failure",
"B2129","B","base-only","Central Lock Feedback Failure","Central Lock Feedback Failure",
"B2130","B","base-only","Double Lock Timeout Failure","Double Lock Timeout Failure",
"B2131","B","base-only","Double Lock Feedback Failure","Double Lock Feedback Failure",
"B2132","B","base-only","Dimmer switch Цепь Короткое замыкание to Gnd","Dimmer switch Цепь Короткое замыкание to Gnd",
"B2133","B","base-only","Brake Motor Warning Лампа Цепь Failure","Brake Motor Warning Лампа Цепь Failure",
"B2134","B","base-only","Brake Motor Warning Лампа Цепь Короткое замыкание to Vbatt","Brake Motor Warning Лампа Цепь Короткое замыкание to Vbatt",
"B2135","B","base-only","Park Brake Applied Warning Лампа Цепь Failure","Park Brake Applied Warning Лампа Цепь Failure",
"B2136","B","base-only","Park Brake Applied Warning Лампа Цепь Короткое замыкание на батарею","Park Brake Applied Warning Лампа Цепь Короткое замыкание на батарею",
"B2139","B","base-only","Data Mismatch (receive data does not match what was expected)","Data Mismatch (receive data does not match what was expected)",
"B2141","B","base-only","NVM Configuration Failure","NVM Configuration Failure",
"B2142","B","base-only","NVM TIC Failure","NVM TIC Failure",
"B2143","B","base-only","NVM Memory Failure","NVM Memory Failure",
"B2144","B","base-only","NVM Alarm Data Failure","NVM Alarm Data Failure",
"B2145","B","base-only","NVM RF HR Failure","NVM RF HR Failure",
"B2146","B","base-only","Сиденье Recline Motor Положение Out of Range","Сиденье Recline Motor Положение Out of Range",
"B2148","B","base-only","PWM Вход Цепь Failure","PWM Вход Цепь Failure",
"B2149","B","base-only","Сиденье Front Vertical Motor Положение Out of Range","Сиденье Front Vertical Motor Положение Out of Range",
"B2150","B","base-only","Power Supply #1 Цепь Короткое замыкание на массу","Power Supply #1 Цепь Короткое замыкание на массу",
"B2151","B","base-only","Power Supply #2 Цепь Короткое замыкание на массу","Power Supply #2 Цепь Короткое замыкание на массу",
"B2152","B","base-only","Сиденье Rear Vertical Motor Положение Out of Range","Сиденье Rear Vertical Motor Положение Out of Range",
"B2153","B","base-only","Rear Echo Датчик Цепь Failure","Rear Echo Датчик Цепь Failure",
"B2154","B","base-only","Front Echo Датчик Цепь Failure","Front Echo Датчик Цепь Failure",
"B2155","B","base-only","Сиденье Horizontal Motor Положение Out of Range","Сиденье Horizontal Motor Положение Out of Range",
"B2156","B","base-only","Rear Doppler Датчик Цепь Failure","Rear Doppler Датчик Цепь Failure",
"B2157","B","base-only","Front Doppler Датчик Цепь Failure","Front Doppler Датчик Цепь Failure",
"B2158","B","base-only","Сиденье Recline Motor Memory Положение Out of Range","Сиденье Recline Motor Memory Положение Out of Range",
"B2159","B","base-only","Memory #1 Выход Короткое замыкание на массу","Memory #1 Выход Короткое замыкание на массу",
"B2160","B","base-only","Memory #1 Выход Короткое замыкание to VBatt","Memory #1 Выход Короткое замыкание to VBatt",
"B2161","B","base-only","Сиденье Front Vertical Motor Memory Положение Out of Range","Сиденье Front Vertical Motor Memory Положение Out of Range",
"B2162","B","base-only","Data Mismatch #2 (receive data does not match what was expected)","Data Mismatch #2 (receive data does not match what was expected)",
"B2163","B","base-only","Clutch Положение Fault","Clutch Положение Fault",
"B2164","B","base-only","Сиденье Rear Vertical Motor Memory Положение Out of Range","Сиденье Rear Vertical Motor Memory Положение Out of Range",
"B2165","B","base-only","Gear shift Положение Fault","Gear shift Положение Fault",
"B2166","B","base-only","Gear select Положение Fault","Gear select Положение Fault",
"B2167","B","base-only","Сиденье Horizontal Motor Memory Положение Out of Range","Сиденье Horizontal Motor Memory Положение Out of Range",
"B2168","B","base-only","Unable to confirm Unlock Condition","Unable to confirm Unlock Condition",
"B2169","B","base-only","Unable to confirm lock Condition","Unable to confirm lock Condition",
"B2170","B","base-only","Steering Column Lock Switch Цепь Failure","Steering Column Lock Switch Цепь Failure",
"B2172","B","base-only","Inertia Switch Вход Цепь Обрыв","Inertia Switch Вход Цепь Обрыв",
"B2174","B","base-only","Window Водитель Rear Remote Up Switch Короткое замыкание на батарею","Window Водитель Rear Remote Up Switch Короткое замыкание на батарею",
"B2175","B","base-only","A/C Запрос Сигнал Цепь Короткое замыкание на массу","A/C Запрос Сигнал Цепь Короткое замыкание на массу",
"B2176","B","base-only","Overdrive switch Цепь Короткое замыкание to Vbatt","Overdrive switch Цепь Короткое замыкание to Vbatt",
"B2177","B","base-only","Interior Scanning Датчик Цепь Failure","Interior Scanning Датчик Цепь Failure",
"B2178","B","base-only","Window Водитель Rear Remote Down Switch Короткое замыкание на батарею","Window Водитель Rear Remote Down Switch Короткое замыкание на батарею",
"B2179","B","base-only","Front Wiper Select Switch A Короткое замыкание на массу","Front Wiper Select Switch A Короткое замыкание на массу",
"B2180","B","base-only","Front Wiper Select Switch B Короткое замыкание на массу","Front Wiper Select Switch B Короткое замыкание на массу",
"B2181","B","base-only","Front Wiper Select Switch C Короткое замыкание на массу","Front Wiper Select Switch C Короткое замыкание на массу",
"B2182","B","base-only","Window Пассажир Front Remote Up Switch Короткое замыкание на батарею","Window Пассажир Front Remote Up Switch Короткое замыкание на батарею",
"B2183","B","base-only","Front Wiper Select Switch H Короткое замыкание на массу","Front Wiper Select Switch H Короткое замыкание на массу",
"B2184","B","base-only","Front Wiper Select Switch W Короткое замыкание на массу","Front Wiper Select Switch W Короткое замыкание на массу",
"B2185","B","base-only","Rear Wiper Select Switch D Короткое замыкание на массу","Rear Wiper Select Switch D Короткое замыкание на массу",
"B2186","B","base-only","Window Пассажир Front Remote Down Switch Короткое замыкание на батарею","Window Пассажир Front Remote Down Switch Короткое замыкание на батарею",
"B2187","B","base-only","Rear Wiper Select Switch B Короткое замыкание на массу","Rear Wiper Select Switch B Короткое замыкание на массу",
"B2188","B","base-only","Rear Wiper Select Switch E Короткое замыкание на массу","Rear Wiper Select Switch E Короткое замыкание на массу",
"B2190","B","base-only","Window Пассажир Rear Remote Up Switch Короткое замыкание на батарею","Window Пассажир Rear Remote Up Switch Короткое замыкание на батарею",
"B2194","B","base-only","Window Пассажир Rear Remote Down Switch Короткое замыкание на батарею","Window Пассажир Rear Remote Down Switch Короткое замыкание на батарею",
"B2195","B","base-only","Водитель Window Up / Down Power Цепь Короткое замыкание на массу","Водитель Window Up / Down Power Цепь Короткое замыкание на массу",
"B2196","B","base-only","Пассажир Window Up / Down Power Цепь Короткое замыкание на массу","Пассажир Window Up / Down Power Цепь Короткое замыкание на массу",
"B2197","B","base-only","TV Модуль Error","TV Модуль Error",
"B2198","B","base-only","TrafficMaster Модуль Error","TrafficMaster Модуль Error",
"B2199","B","base-only","VICS Модуль Error","VICS Модуль Error",
"B2200","B","base-only","No Связь to TV Модуль (No Fitting of TV)","No Связь to TV Модуль (No Fitting of TV)",
"B2201","B","base-only","No Связь With Traffic MasterModule","No Связь With Traffic MasterModule",
"B2202","B","base-only","No Связь to VICS Модуль (No Fitting of VICS)","No Связь to VICS Модуль (No Fitting of VICS)",
"B2203","B","base-only","CD-ROM Error","CD-ROM Error",
"B2204","B","base-only","GPS Antenna Connection Обрыв or Короткое замыкание","GPS Antenna Connection Обрыв or Короткое замыкание",
"B2205","B","base-only","GPS Receiver Error","GPS Receiver Error",
"B2206","B","base-only","Gyroscope Error","Gyroscope Error",
"B2207","B","base-only","ECU ROM Checksum Error","ECU ROM Checksum Error",
"B2208","B","base-only","Связь Link to Display and Switch Модуль Error","Связь Link to Display and Switch Модуль Error",
"B2209","B","base-only","Interior Лампа Override Switch Обрыв Цепь","Interior Лампа Override Switch Обрыв Цепь",
"B2210","B","base-only","Interior Лампа Override Switch Короткое замыкание на массу","Interior Лампа Override Switch Короткое замыкание на массу",
"B2211","B","base-only","Низкий Охлаждающая жидкость Лампа Выход Цепь Короткое замыкание на батарею","Низкий Охлаждающая жидкость Лампа Выход Цепь Короткое замыкание на батарею",
"B2214","B","base-only","Window Пассажир Front Up Switch Короткое замыкание на батарею","Window Пассажир Front Up Switch Короткое замыкание на батарею",
"B2215","B","base-only","Window Пассажир Front Down Switch Короткое замыкание на батарею","Window Пассажир Front Down Switch Короткое замыкание на батарею",
"B2219","B","base-only","Window Водитель Front Current Feedback Exceeded","Window Водитель Front Current Feedback Exceeded",
"B2220","B","base-only","Window Водитель Rear Current Feedback Exceeded","Window Водитель Rear Current Feedback Exceeded",
"B2221","B","base-only","Window Пассажир Front Current Feedback Exceeded","Window Пассажир Front Current Feedback Exceeded",
"B2222","B","base-only","Window Пассажир Rear Current Feedback Exceeded","Window Пассажир Rear Current Feedback Exceeded",
"B2223","B","base-only","Mirror Водитель Drive Цепь Failure","Mirror Водитель Drive Цепь Failure",
"B2224","B","base-only","Mirror Пассажир Drive Цепь Failure","Mirror Пассажир Drive Цепь Failure",
"B2225","B","base-only","Front Crash Датчик Mount Fault","Front Crash Датчик Mount Fault",
"B2226","B","base-only","Front Crash Датчик Internal Fault","Front Crash Датчик Internal Fault",
"B2227","B","base-only","Front Crash Датчик Водитель Communications Fault","Front Crash Датчик Водитель Communications Fault",
"B2228","B","base-only","Воздух Bag Водитель Цепь Короткое замыкание на массу - Контур #2","Воздух Bag Водитель Цепь Короткое замыкание на массу - Контур #2",
"B2229","B","base-only","Воздух Bag Пассажир Цепь Короткое замыкание на массу - Контур #2","Воздух Bag Пассажир Цепь Короткое замыкание на массу - Контур #2",
"B2230","B","base-only","Воздух Bag Водитель Цепь Короткое замыкание на батарею - Контур #2","Воздух Bag Водитель Цепь Короткое замыкание на батарею - Контур #2",
"B2231","B","base-only","Воздух Bag Пассажир Цепь Короткое замыкание на батарею - Контур #2","Воздух Bag Пассажир Цепь Короткое замыкание на батарею - Контур #2",
"B2232","B","base-only","Воздух Bag Водитель Цепь Обрыв - Контур #2","Воздух Bag Водитель Цепь Обрыв - Контур #2",
"B2233","B","base-only","Воздух Bag Пассажир Цепь Обрыв - Контур #2","Воздух Bag Пассажир Цепь Обрыв - Контур #2",
"B2234","B","base-only","Воздух Bag Водитель Inflator Цепь Сопротивление Низкий on Squib - Контур #2","Воздух Bag Водитель Inflator Цепь Сопротивление Низкий on Squib - Контур #2",
"B2235","B","base-only","Воздух Bag Пассажир Inflator Цепь","Воздух Bag Пассажир Inflator Цепь",
"B2236","B","base-only","Weak or Defected Electric Автомобиль Батарея Модуль Fault","Weak or Defected Electric Автомобиль Батарея Модуль Fault",
"B2237","B","base-only","Автомобиль Сигнал indicating Park While VSS Present","Автомобиль Сигнал indicating Park While VSS Present",
"B2238","B","base-only","Power Cable For Power Sliding Door Broken","Power Cable For Power Sliding Door Broken",
"B2239","B","base-only","Rear Cargo Door Set Switch Заклинило (Короткое замыкание на массу)","Rear Cargo Door Set Switch Заклинило (Короткое замыкание на массу)",
"B2240","B","base-only","Rear Cargo Door Reset Switch Заклинило (Короткое замыкание на массу)","Rear Cargo Door Reset Switch Заклинило (Короткое замыкание на массу)",
"B2241","B","base-only","Rear Cargo Door Lock Цепь Короткое замыкание на массу","Rear Cargo Door Lock Цепь Короткое замыкание на массу",
"B2242","B","base-only","Rear Cargo Door Unlock Цепь Обрыв","Rear Cargo Door Unlock Цепь Обрыв",
"B2243","B","base-only","Водитель Rear Door Ajar Цепь Обрыв","Водитель Rear Door Ajar Цепь Обрыв",
"B2244","B","base-only","Водитель Sliding Door Ajar Цепь Короткое замыкание to GND","Водитель Sliding Door Ajar Цепь Короткое замыкание to GND",
"B2245","B","base-only","Пассажир Rear Door Ajar Цепь Обрыв","Пассажир Rear Door Ajar Цепь Обрыв",
"B2246","B","base-only","Пассажир Sliding Door Ajar Цепь Короткое замыкание to GND","Пассажир Sliding Door Ajar Цепь Короткое замыкание to GND",
"B2247","B","base-only","EV Батарея Pack Температура Fault","EV Батарея Pack Температура Fault",
"B2248","B","base-only","Heated Windshield Relay Катушка Цепь Failure","Heated Windshield Relay Катушка Цепь Failure",
"B2249","B","base-only","Head Лампа Relay Катушка Короткое замыкание на батарею","Head Лампа Relay Катушка Короткое замыкание на батарею",
"B2250","B","base-only","All Doors Unlock Relay Цепь Failure","All Doors Unlock Relay Цепь Failure",
"B2251","B","base-only","Parklamp Выход Relay Водитель Цепь Failure","Parklamp Выход Relay Водитель Цепь Failure",
"B2252","B","base-only","Parklamp Выход Relay Dirver Короткое замыкание на батарею","Parklamp Выход Relay Dirver Короткое замыкание на батарею",
"B2300","B","base-only","Сиденье Водитель Memory Положение Error","Сиденье Водитель Memory Положение Error",
"B2301","B","base-only","Сиденье Пассажир Memory Положение Error","Сиденье Пассажир Memory Положение Error",
"B2302","B","base-only","Сиденье Headrest Feedback Potentiometer Цепь Failure","Сиденье Headrest Feedback Potentiometer Цепь Failure",
"B2303","B","base-only","Сиденье Headrest Feedback Potentiometer Цепь Обрыв","Сиденье Headrest Feedback Potentiometer Цепь Обрыв",
"B2304","B","base-only","Сиденье Headrest Feedback Potentiometer Цепь Короткое замыкание на батарею","Сиденье Headrest Feedback Potentiometer Цепь Короткое замыкание на батарею",
"B2305","B","base-only","Сиденье Headrest Feedback Potentiometer Цепь Короткое замыкание на массу","Сиденье Headrest Feedback Potentiometer Цепь Короткое замыкание на массу",
"B2306","B","base-only","Сиденье Headrest Motor Stalled","Сиденье Headrest Motor Stalled",
"B2310","B","base-only","Mirror Водитель Memory Положение Error","Mirror Водитель Memory Положение Error",
"B2311","B","base-only","Mirror Пассажир Memory Положение Error","Mirror Пассажир Memory Положение Error",
"B2312","B","base-only","Mirror Пассажир Horizontal Feedback Potentiometer Цепь Failure","Mirror Пассажир Horizontal Feedback Potentiometer Цепь Failure",
"B2313","B","base-only","Mirror Пассажир Horizontal Feedback Potentiometer Цепь Обрыв","Mirror Пассажир Horizontal Feedback Potentiometer Цепь Обрыв",
"B2314","B","base-only","Mirror Пассажир Horizontal Feedback Potentiometer Цепь Короткое замыкание на батарею","Mirror Пассажир Horizontal Feedback Potentiometer Цепь Короткое замыкание на батарею",
"B2315","B","base-only","Mirror Пассажир Horizontal Feedback Potentiometer Цепь Короткое замыкание на массу","Mirror Пассажир Horizontal Feedback Potentiometer Цепь Короткое замыкание на массу",
"B2316","B","base-only","Mirror Пассажир Vertical Feedback Potentiometer Цепь Failure","Mirror Пассажир Vertical Feedback Potentiometer Цепь Failure",
"B2317","B","base-only","Mirror Пассажир Vertical Feedback Potentiometer Цепь Обрыв","Mirror Пассажир Vertical Feedback Potentiometer Цепь Обрыв",
"B2318","B","base-only","Mirror Пассажир Vertical Feedback Potentiometer Цепь Короткое замыкание на батарею","Mirror Пассажир Vertical Feedback Potentiometer Цепь Короткое замыкание на батарею",
"B2319","B","base-only","Mirror Пассажир Vertical Feedback Potentiometer Цепь Короткое замыкание на массу","Mirror Пассажир Vertical Feedback Potentiometer Цепь Короткое замыкание на массу",
"B2320","B","base-only","Mirror Водитель Horizontal Feedback Potentiometer Цепь Failure","Mirror Водитель Horizontal Feedback Potentiometer Цепь Failure",
"B2321","B","base-only","Mirror Водитель Horizontal Feedback Potentiometer Цепь Обрыв","Mirror Водитель Horizontal Feedback Potentiometer Цепь Обрыв",
"B2322","B","base-only","Mirror Водитель Horizontal Feedback Potentiometer Цепь Короткое замыкание на батарею","Mirror Водитель Horizontal Feedback Potentiometer Цепь Короткое замыкание на батарею",
"B2323","B","base-only","Mirror Водитель Horizontal Feedback Potentiometer Цепь Короткое замыкание на массу","Mirror Водитель Horizontal Feedback Potentiometer Цепь Короткое замыкание на массу",
"B2324","B","base-only","Mirror Водитель Vertical Feedback Potentiometer Цепь Failure","Mirror Водитель Vertical Feedback Potentiometer Цепь Failure",
"B2325","B","base-only","Mirror Водитель Vertical Feedback Potentiometer Цепь Обрыв","Mirror Водитель Vertical Feedback Potentiometer Цепь Обрыв",
"B2326","B","base-only","Mirror Водитель Vertical Feedback Potentiometer Цепь Короткое замыкание на батарею","Mirror Водитель Vertical Feedback Potentiometer Цепь Короткое замыкание на батарею",
"B2327","B","base-only","Mirror Водитель Vertical Feedback Potentiometer Цепь Короткое замыкание на массу","Mirror Водитель Vertical Feedback Potentiometer Цепь Короткое замыкание на массу",
"B2328","B","base-only","Column Reach Feedback Potentiometer Цепь Failure","Column Reach Feedback Potentiometer Цепь Failure",
"B2329","B","base-only","Column Reach Feedback Potentiometer Цепь Обрыв","Column Reach Feedback Potentiometer Цепь Обрыв",
"B2330","B","base-only","Column Reach Feedback Potentiometer Цепь Короткое замыкание на батарею","Column Reach Feedback Potentiometer Цепь Короткое замыкание на батарею",
"B2331","B","base-only","Column Reach Feedback Potentiometer Цепь Короткое замыкание на массу","Column Reach Feedback Potentiometer Цепь Короткое замыкание на массу",
"B2332","B","base-only","Column Tilt Feedback Potentiometer Цепь Failure","Column Tilt Feedback Potentiometer Цепь Failure",
"B2333","B","base-only","Column Tilt Feedback Potentiometer Цепь Обрыв","Column Tilt Feedback Potentiometer Цепь Обрыв",
"B2334","B","base-only","Column Tilt Feedback Potentiometer Цепь Короткое замыкание на батарею","Column Tilt Feedback Potentiometer Цепь Короткое замыкание на батарею",
"B2335","B","base-only","Column Tilt Feedback Potentiometer Цепь Короткое замыкание на массу","Column Tilt Feedback Potentiometer Цепь Короткое замыкание на массу",
"B2336","B","base-only","Mirror Switch Assembly Цепь Failure","Mirror Switch Assembly Цепь Failure",
"B2337","B","base-only","Mirror Switch Assembly Цепь Обрыв","Mirror Switch Assembly Цепь Обрыв",
"B2338","B","base-only","Mirror Switch Assembly Цепь Короткое замыкание на батарею","Mirror Switch Assembly Цепь Короткое замыкание на батарею",
"B2339","B","base-only","Mirror Switch Assembly Цепь Короткое замыкание на массу","Mirror Switch Assembly Цепь Короткое замыкание на массу",
"B2340","B","base-only","Column Reach Motor Stalled","Column Reach Motor Stalled",
"B2341","B","base-only","Column Tilt Motor Stalled","Column Tilt Motor Stalled",
"B2342","B","base-only","Сиденье Switch Reference Напряжение Positive Common Обрыв Цепь","Сиденье Switch Reference Напряжение Positive Common Обрыв Цепь",
"B2343","B","base-only","Сиденье Switch Reference Напряжение Positive Common Supply Низкий Напряжение","Сиденье Switch Reference Напряжение Positive Common Supply Низкий Напряжение",
"B2344","B","base-only","Сиденье Switch Reference Напряжение Positive Common Supply Напряжение Fault","Сиденье Switch Reference Напряжение Positive Common Supply Напряжение Fault",
"B2345","B","base-only","Сиденье Switch Reference Напряжение Negative Common Обрыв Цепь","Сиденье Switch Reference Напряжение Negative Common Обрыв Цепь",
"B2346","B","base-only","Mirror Switch Reference Напряжение Positive Common Обрыв Цепь","Mirror Switch Reference Напряжение Positive Common Обрыв Цепь",
"B2347","B","base-only","Mirror Switch Reference Напряжение Positive Common Supply Низкий Напряжение","Mirror Switch Reference Напряжение Positive Common Supply Низкий Напряжение",
"B2348","B","base-only","Mirror Switch Reference Напряжение Positive Common Supply Напряжение Fault","Mirror Switch Reference Напряжение Positive Common Supply Напряжение Fault",
"B2349","B","base-only","Mirror Switch Reference Напряжение Negative Common Обрыв Цепь","Mirror Switch Reference Напряжение Negative Common Обрыв Цепь",
"B2350","B","base-only","Steering Column Switch Цепь Короткое замыкание на батарею","Steering Column Switch Цепь Короткое замыкание на батарею",
"B2351","B","base-only","Steering Column Switch Цепь Failure","Steering Column Switch Цепь Failure",
"B2352","B","base-only","Водитель Memory Power Switch Индикатор Цепь Короткое замыкание на батарею","Водитель Memory Power Switch Индикатор Цепь Короткое замыкание на батарею",
"B2353","B","base-only","Водитель Mirror Power Водитель Цепь Короткое замыкание Масса","Водитель Mirror Power Водитель Цепь Короткое замыкание Масса",
"B2354","B","base-only","Водитель Mirror Horizontal / Vertical Feedback Potentiometer Цепь Обрыв","Водитель Mirror Horizontal / Vertical Feedback Potentiometer Цепь Обрыв",
"B2355","B","base-only","Пассажир Mirror Horizontal / Vertical Feedback Potentiometer Цепь Обрыв","Пассажир Mirror Horizontal / Vertical Feedback Potentiometer Цепь Обрыв",
"B2357","B","base-only","Водитель Window Down Current Sense Низкий Цепь Failure","Водитель Window Down Current Sense Низкий Цепь Failure",
"B2362","B","base-only","Remote Обрыв/Close Сигнал Цепь Короткое замыкание на массу","Remote Обрыв/Close Сигнал Цепь Короткое замыкание на массу",
"B2363","B","base-only","Optical Датчик Система Failure","Optical Датчик Система Failure",
"B2364","B","base-only","Топливо Filler Door Цепь Обрыв","Топливо Filler Door Цепь Обрыв",
"B2365","B","base-only","B-pillar Power Sliding Door Обрыв/Close Switch Вход Ckt Короткое замыкание to Gnd","B-pillar Power Sliding Door Обрыв/Close Switch Вход Ckt Короткое замыкание to Gnd",
"B2366","B","base-only","IP Power Sliding Door Обрыв/Close switch Ckt Короткое замыкание to Gnd","IP Power Sliding Door Обрыв/Close switch Ckt Короткое замыкание to Gnd",
"B2367","B","base-only","Power Sliding Door Override Switch Вход Ckt Короткое замыкание to Gnd","Power Sliding Door Override Switch Вход Ckt Короткое замыкание to Gnd",
"B2368","B","base-only","Steering Column Switch Цепь Out of Range","Steering Column Switch Цепь Out of Range",
"B2369","B","base-only","Chime Выход Запрос Ckt Короткое замыкание на массу","Chime Выход Запрос Ckt Короткое замыкание на массу",
"B2373","B","base-only","LED #1 Цепь Короткое замыкание на батарею","LED #1 Цепь Короткое замыкание на батарею",
"B2374","B","base-only","Power Sliding Detent (Latch) Цепь Failure","Power Sliding Detent (Latch) Цепь Failure",
"B2380","B","base-only","Нагреватель Охлаждающая жидкость Temp Датчик Цепь Короткое замыкание to GND","Нагреватель Охлаждающая жидкость Temp Датчик Цепь Короткое замыкание to GND",
"B2381","B","base-only","Нагреватель Охлаждающая жидкость Temp Датчик Цепь Обрыв","Нагреватель Охлаждающая жидкость Temp Датчик Цепь Обрыв",
"B2384","B","base-only","Audio Reverse Aid Mute Вход Ckt Failure","Audio Reverse Aid Mute Вход Ckt Failure",
"B2385","B","base-only","Audio Navigation Mute Вход Ckt Failure","Audio Navigation Mute Вход Ckt Failure",
"B2401","B","base-only","Audio Tape Deck Mechanism Fault","Audio Tape Deck Mechanism Fault",
"B2402","B","base-only","Audio CD/DJ Thermal Shutdown Fault","Audio CD/DJ Thermal Shutdown Fault",
"B2403","B","base-only","Audio CD/DJ Internal Fault","Audio CD/DJ Internal Fault",
"B2404","B","base-only","Audio Steering Wheel Switch Цепь Fault","Audio Steering Wheel Switch Цепь Fault",
"B2405","B","base-only","Audio Single-Disc CD Player Thermal Shutdown Fault","Audio Single-Disc CD Player Thermal Shutdown Fault",
"B2406","B","base-only","Audio Single-Disc CD Player Internal Fault","Audio Single-Disc CD Player Internal Fault",
"B2416","B","base-only","Climate Управление Recirculation Привод Out of Limits","Climate Управление Recirculation Привод Out of Limits",
"B2425","B","base-only","Remote Keyless Entry Out of Synchronization","Remote Keyless Entry Out of Synchronization",
"B2426","B","base-only","Пассажир Solar Radiation Датчик Цепь Обрыв","Пассажир Solar Radiation Датчик Цепь Обрыв",
"B2427","B","base-only","Пассажир Solar Radiation Датчик Цепь Короткое замыкание на массу","Пассажир Solar Radiation Датчик Цепь Короткое замыкание на массу",
"B2428","B","base-only","A/C Post Нагреватель Датчик #2 Цепь Failure","A/C Post Нагреватель Датчик #2 Цепь Failure",
"B2429","B","base-only","A/C Post Нагреватель Датчик #2 Цепь Короткое замыкание на массу","A/C Post Нагреватель Датчик #2 Цепь Короткое замыкание на массу",
"B2431","B","base-only","Transponder Programming Failed","Transponder Programming Failed",
"B2432","B","base-only","Drivers Сиденье Belt Buckle Switch Цепь Обрыв","Drivers Сиденье Belt Buckle Switch Цепь Обрыв",
"B2433","B","base-only","Drivers Сиденье Belt Buckle Switch Цепь Короткое замыкание на батарею","Drivers Сиденье Belt Buckle Switch Цепь Короткое замыкание на батарею",
"B2434","B","base-only","Drivers Сиденье Belt Buckle Switch Цепь Короткое замыкание на массу","Drivers Сиденье Belt Buckle Switch Цепь Короткое замыкание на массу",
"B2435","B","base-only","Drivers Сиденье Belt Buckle Switch Сопротивление out of Range","Drivers Сиденье Belt Buckle Switch Сопротивление out of Range",
"B2436","B","base-only","Passengers Сиденье Belt Buckle Switch Цепь Обрыв","Passengers Сиденье Belt Buckle Switch Цепь Обрыв",
"B2437","B","base-only","Passengers Сиденье Belt Buckle Switch Цепь Короткое замыкание на батарею","Passengers Сиденье Belt Buckle Switch Цепь Короткое замыкание на батарею",
"B2438","B","base-only","Passengers Сиденье Belt Buckle Switch Цепь Короткое замыкание на массу","Passengers Сиденье Belt Buckle Switch Цепь Короткое замыкание на массу",
"B2439","B","base-only","Passengers Сиденье Belt Buckle Switch Сопротивление out of Range","Passengers Сиденье Belt Buckle Switch Сопротивление out of Range",
"B2440","B","base-only","Пассажир Sid, Side crash Датчик mount fault","Пассажир Sid, Side crash Датчик mount fault",
"B2441","B","base-only","Водитель Sid, Side crash Датчик mount fault","Водитель Sid, Side crash Датчик mount fault",
"B2442","B","base-only","Intrusion Датчик Fault","Intrusion Датчик Fault",
"B2443","B","base-only","Силовой агрегат Производительность Mode Switch Цепь failure","Силовой агрегат Производительность Mode Switch Цепь failure",
"B2444","B","base-only","Водитель Side Crash Датчик Internal Fault","Водитель Side Crash Датчик Internal Fault",
"B2445","B","base-only","Пассажир Side Crash Датчик Internal Fault","Пассажир Side Crash Датчик Internal Fault",
"B2446","B","base-only","RESCU/VEMS Вход Цепь Обрыв","RESCU/VEMS Вход Цепь Обрыв",
"B2447","B","base-only","RESCU/VEMS Вход Цепь Короткое замыкание на батарею","RESCU/VEMS Вход Цепь Короткое замыкание на батарею",
"B2448","B","base-only","RESCU/VEMS Вход Цепь Короткое замыкание на массу","RESCU/VEMS Вход Цепь Короткое замыкание на массу",
"B2449","B","base-only","Aux Нагреватель Glow Plug Цепь Короткое замыкание на массу","Aux Нагреватель Glow Plug Цепь Короткое замыкание на массу",
"B2450","B","base-only","Aux Нагреватель Glow Plug Цепь Обрыв","Aux Нагреватель Glow Plug Цепь Обрыв",
"B2451","B","base-only","Aux Нагреватель Топливо Насос Цепь Короткое замыкание на массу","Aux Нагреватель Топливо Насос Цепь Короткое замыкание на массу",
"B2452","B","base-only","Aux Нагреватель Топливо Насос Цепь Обрыв","Aux Нагреватель Топливо Насос Цепь Обрыв",
"B2453","B","base-only","Aux Нагреватель Blower Fan Цепь Короткое замыкание на массу","Aux Нагреватель Blower Fan Цепь Короткое замыкание на массу",
"B2454","B","base-only","Aux Нагреватель Blower Fan Цепь Обрыв","Aux Нагреватель Blower Fan Цепь Обрыв",
"B2455","B","base-only","Aux Нагреватель Blower Faulted","Aux Нагреватель Blower Faulted",
"B2456","B","base-only","Aux Нагреватель Охлаждающая жидкость Датчик Цепь Короткое замыкание на массу","Aux Нагреватель Охлаждающая жидкость Датчик Цепь Короткое замыкание на массу",
"B2457","B","base-only","Aux Нагреватель Охлаждающая жидкость Датчик Цепь Обрыв","Aux Нагреватель Охлаждающая жидкость Датчик Цепь Обрыв",
"B2458","B","base-only","Aux Нагреватель Overheat Датчик Цепь Короткое замыкание на массу","Aux Нагреватель Overheat Датчик Цепь Короткое замыкание на массу",
"B2459","B","base-only","Aux Нагреватель Overheat Датчик Цепь Обрыв","Aux Нагреватель Overheat Датчик Цепь Обрыв",
"B2460","B","base-only","Aux Нагреватель Flame Датчик Цепь Короткое замыкание на массу","Aux Нагреватель Flame Датчик Цепь Короткое замыкание на массу",
"B2461","B","base-only","Aux Нагреватель Flame Датчик Цепь Обрыв","Aux Нагреватель Flame Датчик Цепь Обрыв",
"B2462","B","base-only","Aux Нагреватель Flame Out Fault","Aux Нагреватель Flame Out Fault",
"B2463","B","base-only","Aux Нагреватель Overheat Fault","Aux Нагреватель Overheat Fault",
"B2464","B","base-only","Aux Нагреватель Start Time Exceeded","Aux Нагреватель Start Time Exceeded",
"B2465","B","base-only","Aux Нагреватель Start Counter Overrun/Система Locked (same as below ?)","Aux Нагреватель Start Counter Overrun/Система Locked (same as below ?)",
"B2466","B","base-only","Aux Нагреватель Overheat Counter Overrun/Система Locked","Aux Нагреватель Overheat Counter Overrun/Система Locked",
"B2467","B","base-only","Aux Нагреватель Cool Down Time Exceeded (may be con to a453-5 )","Aux Нагреватель Cool Down Time Exceeded (may be con to a453-5 )",
"B2468","B","base-only","Aux Нагреватель Охлаждающая жидкость Насос Цепь Короткое замыкание на массу","Aux Нагреватель Охлаждающая жидкость Насос Цепь Короткое замыкание на массу",
"B2469","B","base-only","Aux Нагреватель Охлаждающая жидкость Насос Цепь Обрыв","Aux Нагреватель Охлаждающая жидкость Насос Цепь Обрыв",
"B2470","B","base-only","Interior Fan Управление Цепь Короткое замыкание на массу","Interior Fan Управление Цепь Короткое замыкание на массу",
"B2471","B","base-only","Interior Fan Управление Цепь Обрыв","Interior Fan Управление Цепь Обрыв",
"B2472","B","base-only","Fog Лампа Switch Failure","Fog Лампа Switch Failure",
"B2473","B","base-only","Пассажир Door Disarm Switch ckt Короткое замыкание на массу","Пассажир Door Disarm Switch ckt Короткое замыкание на массу",
"B2474","B","base-only","Пассажир Door Lock Switch Цепь Shorted to Масса","Пассажир Door Lock Switch Цепь Shorted to Масса",
"B2475","B","base-only","Пассажир Door Unlock Switch Цепь Shorted to Масса","Пассажир Door Unlock Switch Цепь Shorted to Масса",
"B2476","B","base-only","RADIO PRESENT SWITCH Ckt Failure","RADIO PRESENT SWITCH Ckt Failure",
"B2477","B","base-only","Модуль Configuration Failure","Модуль Configuration Failure",
"B2478","B","base-only","ANTI THEFT Вход Сигнал Короткое замыкание на массу","ANTI THEFT Вход Сигнал Короткое замыкание на массу",
"B2479","B","base-only","BRAKE PARK SWITCH Цепь Короткое замыкание на массу","BRAKE PARK SWITCH Цепь Короткое замыкание на массу",
"B2480","B","base-only","LF CORNER Лампа Выход Ckt Короткое замыкание на батарею","LF CORNER Лампа Выход Ckt Короткое замыкание на батарею",
"B2481","B","base-only","Convertible Top Up/Down switch Fault","Convertible Top Up/Down switch Fault",
"B2482","B","base-only","RF CORNER Лампа Выход Ckt Короткое замыкание на батарею","RF CORNER Лампа Выход Ckt Короткое замыкание на батарею",
"B2483","B","base-only","Enable Сигнал Обрыв Цепь","Enable Сигнал Обрыв Цепь",
"B2484","B","base-only","Disable Сигнал Короткое замыкание на массу","Disable Сигнал Короткое замыкание на массу",
"B2485","B","base-only","LF SIDE REPEATER Лампа Выход Ckt Короткое замыкание на батарею","LF SIDE REPEATER Лампа Выход Ckt Короткое замыкание на батарею",
"B2487","B","base-only","RF SIDE REPEATER Лампа Выход Ckt Короткое замыкание на батарею","RF SIDE REPEATER Лампа Выход Ckt Короткое замыкание на батарею",
"B2489","B","base-only","UNDERHOOD Лампа Выход Цепь Failure","UNDERHOOD Лампа Выход Цепь Failure",
"B2490","B","base-only","UNDERHOOD Лампа Выход Цепь Короткое замыкание на батарею","UNDERHOOD Лампа Выход Цепь Короткое замыкание на батарею",
"B2491","B","base-only","RF PARK Лампа Выход Цепь Короткое замыкание на батарею","RF PARK Лампа Выход Цепь Короткое замыкание на батарею",
"B2492","B","base-only","Already Programmed (Test Mode DTC Only !!!)","Already Programmed (Test Mode DTC Only !!!)",
"B2493","B","base-only","LF PARK Лампа Выход Цепь Короткое замыкание на батарею","LF PARK Лампа Выход Цепь Короткое замыкание на батарею",
"B2494","B","base-only","ANTI THEFT HORN Выход Цепь Короткое замыкание to Batt","ANTI THEFT HORN Выход Цепь Короткое замыкание to Batt",
"B2495","B","base-only","ANTI THEFT HORN Выход Цепь Failure","ANTI THEFT HORN Выход Цепь Failure",
"B2496","B","base-only","ANTI THEFT HORN Выход Цепь Короткое замыкание to Gnd","ANTI THEFT HORN Выход Цепь Короткое замыкание to Gnd",
"B2499","B","base-only","COURTESY Лампа Выход Failure","COURTESY Лампа Выход Failure",
"B2500","B","base-only","COURTESY Лампа Выход Ckt Короткое замыкание на батарею","COURTESY Лампа Выход Ckt Короткое замыкание на батарею",
"B2501","B","base-only","LF Лампа Низкий BEAM Цепь Failure","LF Лампа Низкий BEAM Цепь Failure",
"B2502","B","base-only","LF Лампа Низкий BEAM Цепь Короткое замыкание на батарею","LF Лампа Низкий BEAM Цепь Короткое замыкание на батарею",
"B2503","B","base-only","RF Лампа Низкий BEAM Цепь Failure","RF Лампа Низкий BEAM Цепь Failure",
"B2504","B","base-only","RF Лампа Низкий BEAM Цепь Короткое замыкание на батарею","RF Лампа Низкий BEAM Цепь Короткое замыкание на батарею",
"B2505","B","base-only","LF Лампа Высокий BEAM Цепь Failure","LF Лампа Высокий BEAM Цепь Failure",
"B2506","B","base-only","LF Лампа Высокий BEAM Цепь Короткое замыкание на батарею","LF Лампа Высокий BEAM Цепь Короткое замыкание на батарею",
"B2507","B","base-only","RF Лампа Высокий BEAM Цепь Failure","RF Лампа Высокий BEAM Цепь Failure",
"B2508","B","base-only","RF Лампа Высокий BEAM Цепь Короткое замыкание на батарею","RF Лампа Высокий BEAM Цепь Короткое замыкание на батарею",
"B2509","B","base-only","Rear Fog Лампа Switch Цепь Failure","Rear Fog Лампа Switch Цепь Failure",
"B2510","B","base-only","Main Blower Motor Relay Цепь Короткое замыкание на батарею","Main Blower Motor Relay Цепь Короткое замыкание на батарею",
"B2511","B","base-only","Horn Выход Relay Цепь Короткое замыкание на батарею","Horn Выход Relay Цепь Короткое замыкание на батарею",
"B2512","B","base-only","Front Fog Лампа Relay Ckt Короткое замыкание на батарею","Front Fog Лампа Relay Ckt Короткое замыкание на батарею",
"B2513","B","base-only","Blower (Fan) Цепь Failure","Blower (Fan) Цепь Failure",
"B2514","B","base-only","Blower (Fan) Цепь Короткое замыкание to Vbatt","Blower (Fan) Цепь Короткое замыкание to Vbatt",
"B2515","B","base-only","Нагреватель Blower Relay Цепь Failure","Нагреватель Blower Relay Цепь Failure",
"B2516","B","base-only","Blower Управление Цепь Failure","Blower Управление Цепь Failure",
"B2517","B","base-only","Emergency Power Off Система Faulted","Emergency Power Off Система Faulted",
"B2518","B","base-only","Compressor Overtemp Fault","Compressor Overtemp Fault",
"B2519","B","base-only","Высокий Mount Stop Лампа Цепь Failure","Высокий Mount Stop Лампа Цепь Failure",
"B2520","B","base-only","Высокий Mount Stop Лампа Цепь Короткое замыкание на батарею","Высокий Mount Stop Лампа Цепь Короткое замыкание на батарею",
"B2523","B","base-only","License Лампа Цепь Failure","License Лампа Цепь Failure",
"B2524","B","base-only","License Лампа Цепь Короткое замыкание на батарею","License Лампа Цепь Короткое замыкание на батарею",
"B2525","B","base-only","Left Rear Backup Лампа Цепь Failure","Left Rear Backup Лампа Цепь Failure",
"B2526","B","base-only","Left Rear Backup Лампа Цепь Короткое замыкание на батарею","Left Rear Backup Лампа Цепь Короткое замыкание на батарею",
"B2527","B","base-only","Left Rear Stop Лампа Цепь Failure","Left Rear Stop Лампа Цепь Failure",
"B2528","B","base-only","Left Rear Stop Лампа Цепь Короткое замыкание на батарею","Left Rear Stop Лампа Цепь Короткое замыкание на батарею",
"B2529","B","base-only","Left Rear Turn Лампа Цепь Failure","Left Rear Turn Лампа Цепь Failure",
"B2530","B","base-only","Left Rear Turn Лампа Цепь Короткое замыкание на батарею","Left Rear Turn Лампа Цепь Короткое замыкание на батарею",
"B2531","B","base-only","Right Rear Backup Лампа Цепь Failure","Right Rear Backup Лампа Цепь Failure",
"B2532","B","base-only","Right Rear Backup Лампа Цепь Короткое замыкание на батарею","Right Rear Backup Лампа Цепь Короткое замыкание на батарею",
"B2533","B","base-only","Right Rear Stop Лампа Цепь Failure","Right Rear Stop Лампа Цепь Failure",
"B2534","B","base-only","Right Rear Stop Лампа Цепь Короткое замыкание на батарею","Right Rear Stop Лампа Цепь Короткое замыкание на батарею",
"B2535","B","base-only","Right Rear Turn Лампа Цепь Failure","Right Rear Turn Лампа Цепь Failure",
"B2536","B","base-only","Right Rear Turn Лампа Цепь Короткое замыкание на батарею","Right Rear Turn Лампа Цепь Короткое замыкание на батарею",
"B2539","B","base-only","Aux A/C Mode Положение Reference Цепь Короткое замыкание на массу","Aux A/C Mode Положение Reference Цепь Короткое замыкание на массу",
"B2540","B","base-only","Aux A/C Mode Положение Reference Цепь Короткое замыкание на батарею","Aux A/C Mode Положение Reference Цепь Короткое замыкание на батарею",
"B2543","B","base-only","Aux A/C Управление Switch Reference Цепь Короткое замыкание на массу","Aux A/C Управление Switch Reference Цепь Короткое замыкание на массу",
"B2544","B","base-only","Aux A/C Управление Switch Reference Цепь Короткое замыкание на батарею","Aux A/C Управление Switch Reference Цепь Короткое замыкание на батарею",
"B2545","B","base-only","Система Power Relay Цепь Короткое замыкание на батарею","Система Power Relay Цепь Короткое замыкание на батарею",
"B2546","B","base-only","Система Power Relay Цепь Failure","Система Power Relay Цепь Failure",
"B2550","B","base-only","Лампа DOME Выход Цепь Короткое замыкание на массу","Лампа DOME Выход Цепь Короткое замыкание на массу",
"B2553","B","base-only","Disable Сигнал Выход Цепь Короткое замыкание на батарею","Disable Сигнал Выход Цепь Короткое замыкание на батарею",
"B2554","B","base-only","Лампа DOME Выход Цепь Failure","Лампа DOME Выход Цепь Failure",
"B2555","B","base-only","Лампа DOME Выход Цепь Короткое замыкание на батарею","Лампа DOME Выход Цепь Короткое замыкание на батарею",
"B2556","B","base-only","Enable Сигнал Цепь Короткое замыкание на батарею","Enable Сигнал Цепь Короткое замыкание на батарею",
"B2557","B","base-only","Left Power Sliding Door Обрыв/Close Выход Цепь Короткое замыкание на батарею","Left Power Sliding Door Обрыв/Close Выход Цепь Короткое замыкание на батарею",
"B2558","B","base-only","Right Power Sliding Door Обрыв/Close Выход Цепь Короткое замыкание на батарею","Right Power Sliding Door Обрыв/Close Выход Цепь Короткое замыкание на батарею",
"B2559","B","base-only","Aux A/C Blower Motor Relay Цепь Короткое замыкание на батарею","Aux A/C Blower Motor Relay Цепь Короткое замыкание на батарею",
"B2560","B","base-only","Aux A/C Blower Motor Relay Цепь Короткое замыкание на массу","Aux A/C Blower Motor Relay Цепь Короткое замыкание на массу",
"B2561","B","base-only","Aux A/C Blower Скорость 1 Цепь Failure","Aux A/C Blower Скорость 1 Цепь Failure",
"B2562","B","base-only","Aux A/C Blower Скорость 1 Цепь Короткое замыкание на массу","Aux A/C Blower Скорость 1 Цепь Короткое замыкание на массу",
"B2563","B","base-only","Aux A/C Blower Скорость 2 Цепь Failure","Aux A/C Blower Скорость 2 Цепь Failure",
"B2564","B","base-only","Aux A/C Blower Скорость 2 Цепь Короткое замыкание на массу","Aux A/C Blower Скорость 2 Цепь Короткое замыкание на массу",
"B2565","B","base-only","Right Tail Лампа Цепь Failure","Right Tail Лампа Цепь Failure",
"B2566","B","base-only","Right Tail Лампа Цепь Короткое замыкание на массу","Right Tail Лампа Цепь Короткое замыкание на массу",
"B2567","B","base-only","Reverse Mirror Выход Цепь Failure","Reverse Mirror Выход Цепь Failure",
"B2568","B","base-only","Reverse Mirror Выход Цепь Короткое замыкание на массу","Reverse Mirror Выход Цепь Короткое замыкание на массу",
"B2569","B","base-only","Liftgate Disarm Switch Цепь Короткое замыкание на массу","Liftgate Disarm Switch Цепь Короткое замыкание на массу",
"B2570","B","base-only","Right Лампа Outage Сигнал Цепь Короткое замыкание на массу","Right Лампа Outage Сигнал Цепь Короткое замыкание на массу",
"B2571","B","base-only","Left Лампа Outage Сигнал Цепь Короткое замыкание на массу","Left Лампа Outage Сигнал Цепь Короткое замыкание на массу",
"B2580","B","base-only","Aux Blower Sense Switch Цепь Failure","Aux Blower Sense Switch Цепь Failure",
"B2581","B","base-only","Пассажир Сиденье Occupant Detection Цепь Короткое замыкание на массу","Пассажир Сиденье Occupant Detection Цепь Короткое замыкание на массу",
"B2582","B","base-only","Пассажир Сиденье Occupant Detection Цепь Обрыв","Пассажир Сиденье Occupant Detection Цепь Обрыв",
"B2583","B","base-only","Child Сиденье Detection Цепь Короткое замыкание на массу","Child Сиденье Detection Цепь Короткое замыкание на массу",
"B2584","B","base-only","Child Сиденье Detection Цепь Обрыв","Child Сиденье Detection Цепь Обрыв",
"B2585","B","base-only","Anti Theft Вход Сигнал Цепь Короткое замыкание на батарею","Anti Theft Вход Сигнал Цепь Короткое замыкание на батарею",
"B2586","B","base-only","Headlamp Mode Select Цепь Failure","Headlamp Mode Select Цепь Failure",
"B2587","B","base-only","Пассажир Сиденье Occupant Detection Цепь Короткое замыкание на батарею","Пассажир Сиденье Occupant Detection Цепь Короткое замыкание на батарею",
"B2588","B","base-only","Child Сиденье Detection Цепь Короткое замыкание на батарею","Child Сиденье Detection Цепь Короткое замыкание на батарею",
"B2589","B","base-only","Unexpected Door Reversal During Close","Unexpected Door Reversal During Close",
"B2590","B","base-only","Автомобиль Park/Скорость Сигнал Цепь Failure","Автомобиль Park/Скорость Сигнал Цепь Failure",
"B2591","B","base-only","Detent Сигнал Missing During Unlatch","Detent Сигнал Missing During Unlatch",
"B2592","B","base-only","PSD Not Fully Closed (Модуль Запрошенный Successfully)","PSD Not Fully Closed (Модуль Запрошенный Successfully)",
"B2593","B","base-only","Power Sliding Door Opened During Модуль Close Command","Power Sliding Door Opened During Модуль Close Command",
"B2594","B","base-only","No Movement Обнаружен After an Unlatch During Power Обрыв","No Movement Обнаружен After an Unlatch During Power Обрыв",
"B2595","B","base-only","Anti Theft Вход Сигнал Цепь Failure","Anti Theft Вход Сигнал Цепь Failure",
"B2596","B","base-only","Headlamp Aim Выход Relay Цепь Короткое замыкание на батарею","Headlamp Aim Выход Relay Цепь Короткое замыкание на батарею",
"B2597","B","base-only","Headlamp Aim Выход Relay Цепь Failure","Headlamp Aim Выход Relay Цепь Failure",
"B2598","B","base-only","Headlamp Relay Цепь Failure","Headlamp Relay Цепь Failure",
"B2599","B","base-only","Tailgate Release Обрыв Цепь","Tailgate Release Обрыв Цепь",
"B2600","B","base-only","Double Locking Door Motor Застрял","Double Locking Door Motor Застрял",
"B2601","B","base-only","No Latch Сигнал Sensed on Closing and Door Reversed","No Latch Сигнал Sensed on Closing and Door Reversed",
"B2602","B","base-only","Missing Latch Сигнал During Power Sliding Door Unlatch","Missing Latch Сигнал During Power Sliding Door Unlatch",
"B2603","B","base-only","PSD Not Fully Closed During Self-Test","PSD Not Fully Closed During Self-Test",
"B2604","B","base-only","Power Sliding Door On/Off Switch Обрыв Цепь","Power Sliding Door On/Off Switch Обрыв Цепь",
"B2605","B","base-only","Disable Сигнал Обрыв Цепь","Disable Сигнал Обрыв Цепь",
"B2606","B","base-only","A/C Температура Датчик Out of Range","A/C Температура Датчик Out of Range",
"C0000","C","app-only","Скорость автомобиля Information Цепь Неисправность",,"Скорость автомобиля Information Цепь Неисправность"
"C0035","C","app-only","Left Front Wheel Скорость Цепь Неисправность",,"Left Front Wheel Скорость Цепь Неисправность"
"C0040","C","app-only","Right Front Wheel Скорость Цепь Неисправность",,"Right Front Wheel Скорость Цепь Неисправность"
"C0041","C","app-only","Right Front Wheel Скорость Датчик Цепь Диапазон/Производительность (EBCM)",,"Right Front Wheel Скорость Датчик Цепь Диапазон/Производительность (EBCM)"
"C0045","C","app-only","Left Rear Wheel Скорость Цепь Неисправность",,"Left Rear Wheel Скорость Цепь Неисправность"
"C0046","C","app-only","Left Rear Wheel Скорость Датчик Цепь Диапазон/Производительность (EBCM)",,"Left Rear Wheel Скорость Датчик Цепь Диапазон/Производительность (EBCM)"
"C0050","C","app-only","Right Rear Wheel Скорость Цепь Неисправность",,"Right Rear Wheel Скорость Цепь Неисправность"
"C0051","C","app-only","LF Wheel Скорость Датчик Цепь Диапазон/Производительность (EBCM)",,"LF Wheel Скорость Датчик Цепь Диапазон/Производительность (EBCM)"
"C0060","C","app-only","Left Front ABS Соленоид #1 Цепь Неисправность",,"Left Front ABS Соленоид #1 Цепь Неисправность"
"C0065","C","app-only","Left Front ABS Соленоид #2 Цепь Неисправность",,"Left Front ABS Соленоид #2 Цепь Неисправность"
"C0070","C","app-only","Right Front ABS Соленоид #1 Цепь Неисправность",,"Right Front ABS Соленоид #1 Цепь Неисправность"
"C0075","C","app-only","Right Front ABS Соленоид #2 Цепь Неисправность",,"Right Front ABS Соленоид #2 Цепь Неисправность"
"C0080","C","app-only","Left Rear ABS Соленоид #1 Цепь Неисправность",,"Left Rear ABS Соленоид #1 Цепь Неисправность"
"C0085","C","app-only","Left Rear ABS Соленоид #2 Цепь Неисправность",,"Left Rear ABS Соленоид #2 Цепь Неисправность"
"C0090","C","app-only","Right Rear ABS Соленоид #1 Цепь Неисправность",,"Right Rear ABS Соленоид #1 Цепь Неисправность"
"C0095","C","app-only","Right Rear ABS Соленоид #2 Цепь Неисправность",,"Right Rear ABS Соленоид #2 Цепь Неисправность"
"C0110","C","app-only","Насос Motor Цепь Неисправность",,"Насос Motor Цепь Неисправность"
"C0121","C","app-only","Клапан Relay Цепь Неисправность",,"Клапан Relay Цепь Неисправность"
"C0128","C","both","Low Brake Fluid Circuit Low Voltage","Low Brake Fluid Circuit Low Voltage","Низкий Brake Fluid Цепь Низкий"
"C0141","C","app-only","Left TCS Соленоид #1 Цепь Неисправность",,"Left TCS Соленоид #1 Цепь Неисправность"
"C0146","C","app-only","Left TCS Соленоид #2 Цепь Неисправность",,"Left TCS Соленоид #2 Цепь Неисправность"
"C0151","C","app-only","Right TCS Соленоид #1 Цепь Неисправность",,"Right TCS Соленоид #1 Цепь Неисправность"
"C0156","C","app-only","Right TCS Соленоид #2 Цепь Неисправность",,"Right TCS Соленоид #2 Цепь Неисправность"
"C0161","C","app-only","ABS/TCS Brake Switch Цепь Неисправность",,"ABS/TCS Brake Switch Цепь Неисправность"
"C0221","C","app-only","Right Front Wheel Скорость Датчик Цепь Обрыв",,"Right Front Wheel Скорость Датчик Цепь Обрыв"
"C0222","C","app-only","Right Front Wheel Скорость Сигнал Missing",,"Right Front Wheel Скорость Сигнал Missing"
"C0223","C","app-only","Right Front Wheel Скорость Сигнал Нестабильный",,"Right Front Wheel Скорость Сигнал Нестабильный"
"C0225","C","app-only","Left Front Wheel Скорость Датчик Цепь Обрыв",,"Left Front Wheel Скорость Датчик Цепь Обрыв"
"C0226","C","app-only","Left Front Wheel Скорость Сигнал Missing",,"Left Front Wheel Скорость Сигнал Missing"
"C0227","C","app-only","Left Front Wheel Скорость Сигнал Нестабильный",,"Left Front Wheel Скорость Сигнал Нестабильный"
"C0229","C","app-only","Drop Out of Front Wheel Скорость Signals",,"Drop Out of Front Wheel Скорость Signals"
"C0235","C","app-only","Rear Wheel Скорость Сигнал Цепь Обрыв",,"Rear Wheel Скорость Сигнал Цепь Обрыв"
"C0236","C","app-only","Rear Wheel Скорость Сигнал Цепь Missing",,"Rear Wheel Скорость Сигнал Цепь Missing"
"C0237","C","app-only","Rear Wheel Скорость Сигнал Нестабильный",,"Rear Wheel Скорость Сигнал Нестабильный"
"C0238","C","app-only","Wheel Скорость Mismatch",,"Wheel Скорость Mismatch"
"C0241","C","app-only","EBCM Управление Клапан Цепь",,"EBCM Управление Клапан Цепь"
"C0245","C","app-only","Wheel Скорость Датчик Frequency Error",,"Wheel Скорость Датчик Frequency Error"
"C0254","C","app-only","EBCM Управление Клапан Цепь",,"EBCM Управление Клапан Цепь"
"C0265","C","app-only","EBCM Relay Цепь",,"EBCM Relay Цепь"
"C0266","C","app-only","EBCM Relay Цепь",,"EBCM Relay Цепь"
"C0267","C","app-only","Насос Motor Цепь Обрыв/Shorted",,"Насос Motor Цепь Обрыв/Shorted"
"C0268","C","app-only","Насос Motor Цепь Обрыв/Shorted",,"Насос Motor Цепь Обрыв/Shorted"
"C0269","C","app-only","Excessive Dump/Isolation Time",,"Excessive Dump/Isolation Time"
"C0271","C","app-only","EBCM Неисправность",,"EBCM Неисправность"
"C0272","C","app-only","EBCM Неисправность",,"EBCM Неисправность"
"C0273","C","app-only","EBCM Неисправность",,"EBCM Неисправность"
"C0274","C","app-only","Excessive Dump/Isolation Time",,"Excessive Dump/Isolation Time"
"C0279","C","app-only","Силовой агрегат Configuration Not Valid",,"Силовой агрегат Configuration Not Valid"
"C0281","C","app-only","Brake Switch Цепь",,"Brake Switch Цепь"
"C0283","C","app-only","Traction Switch Shorted to Масса",,"Traction Switch Shorted to Масса"
"C0284","C","app-only","EBCM Неисправность",,"EBCM Неисправность"
"C0286","C","app-only","ABS Индикатор Лампа Цепь Shorted to B+",,"ABS Индикатор Лампа Цепь Shorted to B+"
"C0287","C","app-only","Delivered Torque Цепь",,"Delivered Torque Цепь"
"C0288","C","app-only","Brake Warning Лампа Цепь Shorted to B+",,"Brake Warning Лампа Цепь Shorted to B+"
"C0290","C","app-only","Потеряна Communications With Блок управления двигателем",,"Потеряна Communications With Блок управления двигателем"
"C0291","C","app-only","Потеряна Communications With BCM",,"Потеряна Communications With BCM"
"C0292","C","app-only","Потеряна Communications With Блок управления двигателем",,"Потеряна Communications With Блок управления двигателем"
"C0297","C","app-only","Силовой агрегат Configuration Data Not Received",,"Силовой агрегат Configuration Data Not Received"
"C0298","C","app-only","Силовой агрегат Indicated Traction Управление Неисправность",,"Силовой агрегат Indicated Traction Управление Неисправность"
"C0300","C","app-only","Rear Скорость Датчик Неисправность",,"Rear Скорость Датчик Неисправность"
"C0305","C","app-only","Front Скорость Датчик Неисправность",,"Front Скорость Датчик Неисправность"
"C0306","C","app-only","Motor A or B Цепь",,"Motor A or B Цепь"
"C0308","C","app-only","Motor A/B Цепь Низкий",,"Motor A/B Цепь Низкий"
"C0309","C","app-only","Motor A/B Цепь Высокий",,"Motor A/B Цепь Высокий"
"C0310","C","app-only","Motor A/B Цепь Обрыв",,"Motor A/B Цепь Обрыв"
"C0315","C","app-only","Motor Масса Цепь Обрыв",,"Motor Масса Цепь Обрыв"
"C0321","C","app-only","Transfer Case Lock Цепь",,"Transfer Case Lock Цепь"
"C0323","C","app-only","T-Case Lock Цепь Низкий",,"T-Case Lock Цепь Низкий"
"C0324","C","app-only","T-Case Lock Цепь Высокий",,"T-Case Lock Цепь Высокий"
"C0327","C","app-only","Encoder Цепь Неисправность",,"Encoder Цепь Неисправность"
"C0357","C","both","Park Switch Circuit High","Park Switch Circuit High","Park Switch Цепь Высокий"
"C0359","C","app-only","Four Wheel Drive Низкий Range (4LO) Discrete Выход Цепь",,"Four Wheel Drive Низкий Range (4LO) Discrete Выход Цепь"
"C0362","C","both","Four Wheel Drive Low Discrete Output Circuit High","Four Wheel Drive Low Discrete Output Circuit High","4LO Discrete Выход Цепь Высокий"
"C0367","C","both","Front Axle Control Circuit High","Front Axle Control Circuit High","Front Axle Управление Цепь Высокий"
"C0374","C","app-only","General Система Неисправность",,"General Система Неисправность"
"C0376","C","both","Front/Rear Shaft Speed Mismatch","Front/Rear Shaft Speed Mismatch","Front/Rear Shaft Скорость Mismatch"
"C0379","C","app-only","Front Axle Система",,"Front Axle Система"
"C0387","C","app-only","Unable to Perform Shift",,"Unable to Perform Shift"
"C0472","C","both","Steering Handwheel Speed Sensor Signal Low","Steering Handwheel Speed Sensor Signal Low","Steering Handwheel Скорость Датчик Сигнал V Низкий"
"C0473","C","both","Steering Handwheel Speed Sensor Signal High","Steering Handwheel Speed Sensor Signal High","Steering Handwheel Скорость Датчик Сигнал V Высокий"
"C0495","C","both","Electronic Variable Orifice Tracking Error","Electronic Variable Orifice Tracking Error","EVO Tracking Error"
"C0498","C","both","Steering Assist Control Solenoid Feed Circuit Low","Steering Assist Control Solenoid Feed Circuit Low","Steering Assist Управление Привод Feed Цепь Низкий"
"C0499","C","both","Steering Assist Control Solenoid Feed Circuit High","Steering Assist Control Solenoid Feed Circuit High","Steering Assist Управление Соленоид Feed Цепь Высокий"
"C0503","C","app-only","Steering Assist Управление Соленоид Return Цепь Низкий",,"Steering Assist Управление Соленоид Return Цепь Низкий"
"C0504","C","app-only","Steering Assist Управление Соленоид Return Цепь Высокий",,"Steering Assist Управление Соленоид Return Цепь Высокий"
"C0550","C","app-only","ECU Неисправность",,"ECU Неисправность"
"C0559","C","app-only","EEPROM Checksum Error",,"EEPROM Checksum Error"
"C0563","C","app-only","Calibration ROM Checksum Error",,"Calibration ROM Checksum Error"
"C0577","C","app-only","Left Front Соленоид Цепь Низкий",,"Left Front Соленоид Цепь Низкий"
"C0578","C","app-only","Left Front Соленоид Цепь Высокий",,"Left Front Соленоид Цепь Высокий"
"C0579","C","app-only","Left Front Соленоид Цепь Обрыв",,"Left Front Соленоид Цепь Обрыв"
"C0582","C","app-only","Right Front Соленоид Цепь Низкий",,"Right Front Соленоид Цепь Низкий"
"C0583","C","app-only","Right Front Соленоид Цепь Высокий",,"Right Front Соленоид Цепь Высокий"
"C0584","C","app-only","Right Front Соленоид Цепь Обрыв",,"Right Front Соленоид Цепь Обрыв"
"C0587","C","app-only","Left Rear Соленоид Цепь Низкий",,"Left Rear Соленоид Цепь Низкий"
"C0588","C","app-only","Left Rear Соленоид Цепь Высокий",,"Left Rear Соленоид Цепь Высокий"
"C0589","C","app-only","Left Rear Соленоид Цепь Обрыв",,"Left Rear Соленоид Цепь Обрыв"
"C0592","C","app-only","Right Rear Соленоид Цепь Низкий",,"Right Rear Соленоид Цепь Низкий"
"C0593","C","app-only","Right Rear Соленоид Цепь Высокий",,"Right Rear Соленоид Цепь Высокий"
"C0594","C","app-only","Right Rear Соленоид Цепь Обрыв",,"Right Rear Соленоид Цепь Обрыв"
"C0611","C","app-only","VIN Information Error",,"VIN Information Error"
"C0615","C","app-only","Left Front Положение Датчик Неисправность",,"Left Front Положение Датчик Неисправность"
"C0620","C","app-only","Right Front Положение Датчик Неисправность",,"Right Front Положение Датчик Неисправность"
"C0625","C","app-only","Left Rear Положение Датчик Неисправность",,"Left Rear Положение Датчик Неисправность"
"C0628","C","app-only","Level Управление Положение Датчик Цепь Высокий",,"Level Управление Положение Датчик Цепь Высокий"
"C0630","C","app-only","Right Rear Положение Датчик Неисправность",,"Right Rear Положение Датчик Неисправность"
"C0635","C","app-only","Left Front Normal Force Цепь Неисправность",,"Left Front Normal Force Цепь Неисправность"
"C0638","C","app-only","Left Front Normal Force Цепь Высокий",,"Left Front Normal Force Цепь Высокий"
"C0640","C","app-only","Right Front Normal Force Цепь Неисправность",,"Right Front Normal Force Цепь Неисправность"
"C0643","C","app-only","Right Front Normal Force Цепь Высокий",,"Right Front Normal Force Цепь Высокий"
"C0655","C","app-only","Level Управление Compressor Relay Неисправность",,"Level Управление Compressor Relay Неисправность"
"C0657","C","app-only","Level Управление Compressor Цепь Низкий",,"Level Управление Compressor Цепь Низкий"
"C0658","C","app-only","Level Управление Compressor Цепь Высокий",,"Level Управление Compressor Цепь Высокий"
"C0660","C","app-only","Level Управление Выхлоп Клапан Цепь Неисправность",,"Level Управление Выхлоп Клапан Цепь Неисправность"
"C0662","C","app-only","Level Управление Выхлоп Клапан Цепь Низкий",,"Level Управление Выхлоп Клапан Цепь Низкий"
"C0663","C","app-only","Level Управление Выхлоп Клапан Цепь Высокий",,"Level Управление Выхлоп Клапан Цепь Высокий"
"C0665","C","app-only","Шасси Pitch Сигнал Цепь",,"Шасси Pitch Сигнал Цепь"
"C0690","C","app-only","Damper Управление Relay Цепь Неисправность",,"Damper Управление Relay Цепь Неисправность"
"C0691","C","app-only","Damper Управление Relay Цепь Range",,"Damper Управление Relay Цепь Range"
"C0693","C","app-only","Damper Управление Relay Цепь Высокий",,"Damper Управление Relay Цепь Высокий"
"C0695","C","both","Position Sensor Overcurrent On 8 Volt Supply","Position Sensor Overcurrent On 8 Volt Supply","Положение Датчик Overcurrent (8 volt supply)"
"C0696","C","app-only","Положение Датчик Overcurrent (5 volt supply)",,"Положение Датчик Overcurrent (5 volt supply)"
"C0710","C","app-only","Steering Положение Сигнал Неисправность",,"Steering Положение Сигнал Неисправность"
"C0750","C","app-only","Tire Давление Монитор (TPM) Система Датчик not transmitting",,"Tire Давление Монитор (TPM) Система Датчик not transmitting"
"C0755","C","app-only","Tire Давление Монитор (TPM) Система Датчик not transmitting",,"Tire Давление Монитор (TPM) Система Датчик not transmitting"
"C0760","C","app-only","Tire Давление Монитор (TPM) Система Датчик not transmitting",,"Tire Давление Монитор (TPM) Система Датчик not transmitting"
"C0765","C","app-only","Tire Давление Монитор (TPM) Система Датчик not transmitting",,"Tire Давление Монитор (TPM) Система Датчик not transmitting"
"C0800","C","app-only","Device Power #1 Цепь Неисправность",,"Device Power #1 Цепь Неисправность"
"C0896","C","app-only","Electronic Suspension Управление (ESC) Напряжение is outside the normal range of 9 to 15.5 volts",,"Electronic Suspension Управление (ESC) Напряжение is outside the normal range of 9 to 15.5 volts"
"C1091","C","base-only","Скорость Wheel Датчик All Coherency Failure","Скорость Wheel Датчик All Coherency Failure",
"C1095","C","base-only","ABS Hydraulic Насос Motor Цепь Failure","ABS Hydraulic Насос Motor Цепь Failure",
"C1096","C","base-only","ABS Hydraulic Насос Motor Цепь Обрыв","ABS Hydraulic Насос Motor Цепь Обрыв",
"C1097","C","base-only","ABS Hydraulic Насос Motor Цепь Короткое замыкание на массу","ABS Hydraulic Насос Motor Цепь Короткое замыкание на массу",
"C1098","C","base-only","ABS Hydraulic Насос Motor Цепь Короткое замыкание на батарею","ABS Hydraulic Насос Motor Цепь Короткое замыкание на батарею",
"C1100","C","base-only","ABS Насос Switch Цепь Failure","ABS Насос Switch Цепь Failure",
"C1101","C","base-only","ABS Hydraulic Клапан Цепь Failure","ABS Hydraulic Клапан Цепь Failure",
"C1102","C","base-only","ABS Acceleration Switch Цепь Failure","ABS Acceleration Switch Цепь Failure",
"C1103","C","base-only","ABS Hydraulic Brake Switch Цепь Failure","ABS Hydraulic Brake Switch Цепь Failure",
"C1104","C","base-only","Traction Управление Active Лампа - Цепь Короткое замыкание на батарею","Traction Управление Active Лампа - Цепь Короткое замыкание на батарею",
"C1105","C","base-only","Traction Управление Disable Лампа - Цепь Короткое замыкание на батарею","Traction Управление Disable Лампа - Цепь Короткое замыкание на батарею",
"C1106","C","base-only","Traction Управление Disable Switch Цепь Короткое замыкание на батарею","Traction Управление Disable Switch Цепь Короткое замыкание на батарею",
"C1107","C","base-only","ABS Function Enabled Вход Цепь Failure","ABS Function Enabled Вход Цепь Failure",
"C1109","C","base-only","Скорость Управление Привод Assembly Cable Release Failure","Скорость Управление Привод Assembly Cable Release Failure",
"C1110","C","base-only","ABS Power Relay Катушка Цепь Failure","ABS Power Relay Катушка Цепь Failure",
"C1111","C","base-only","ABS Power Relay Катушка Обрыв Цепь","ABS Power Relay Катушка Обрыв Цепь",
"C1112","C","base-only","ABS Power Relay Катушка Короткое замыкание Цепь To Масса","ABS Power Relay Катушка Короткое замыкание Цепь To Масса",
"C1113","C","base-only","ABS Power Relay Катушка Короткое замыкание Цепь To Батарея","ABS Power Relay Катушка Короткое замыкание Цепь To Батарея",
"C1114","C","base-only","ABS Power Relay Выход Короткое замыкание Цепь To Масса","ABS Power Relay Выход Короткое замыкание Цепь To Масса",
"C1115","C","base-only","ABS Power Relay Выход Короткое замыкание Цепь To Батарея","ABS Power Relay Выход Короткое замыкание Цепь To Батарея",
"C1116","C","base-only","Starter Motor Цепь Failure","Starter Motor Цепь Failure",
"C1117","C","base-only","Обороты Вход Цепь Failure","Обороты Вход Цепь Failure",
"C1123","C","base-only","Скорость автомобиля Датчик Вход Короткое замыкание на батарею","Скорость автомобиля Датчик Вход Короткое замыкание на батарею",
"C1124","C","base-only","Вход shaft Скорость Сигнал missing/faulted","Вход shaft Скорость Сигнал missing/faulted",
"C1125","C","base-only","Brake Fluid Level Датчик Вход Цепь Failure","Brake Fluid Level Датчик Вход Цепь Failure",
"C1126","C","base-only","Cruise Управление Command Switch Assembly Цепь Failure","Cruise Управление Command Switch Assembly Цепь Failure",
"C1127","C","base-only","Cruise Управление Deactivator Brake Switch Цепь Failure","Cruise Управление Deactivator Brake Switch Цепь Failure",
"C1132","C","base-only","Clutch Положение ckt Короткое замыкание на массу","Clutch Положение ckt Короткое замыкание на массу",
"C1133","C","base-only","Clutch Положение ckt Короткое замыкание на батарею","Clutch Положение ckt Короткое замыкание на батарею",
"C1134","C","base-only","Gear Shift Положение Короткое замыкание на массу","Gear Shift Положение Короткое замыкание на массу",
"C1135","C","base-only","Gear Shift Положение Короткое замыкание на батарею","Gear Shift Положение Короткое замыкание на батарею",
"C1136","C","base-only","Gear Select Положение Короткое замыкание на массу","Gear Select Положение Короткое замыкание на массу",
"C1137","C","base-only","ECU is Defective","ECU is Defective",
"C1138","C","base-only","Gear Select Положение Короткое замыкание на батарею","Gear Select Положение Короткое замыкание на батарею",
"C1139","C","base-only","Wheel Скорость Датчик Center Tone Ring Missing Tooth Fault","Wheel Скорость Датчик Center Tone Ring Missing Tooth Fault",
"C1140","C","base-only","Hydraulic Base Brake Failure","Hydraulic Base Brake Failure",
"C1141","C","base-only","Wheel Скорость Датчик LF Tone Ring Tooth Missing Fault","Wheel Скорость Датчик LF Tone Ring Tooth Missing Fault",
"C1142","C","base-only","Wheel Скорость Датчик RF Tone Ring Tooth Missing Fault","Wheel Скорость Датчик RF Tone Ring Tooth Missing Fault",
"C1143","C","base-only","Wheel Скорость Датчик LR Tone Ring Tooth Missing Fault","Wheel Скорость Датчик LR Tone Ring Tooth Missing Fault",
"C1144","C","base-only","Wheel Скорость Датчик RR Tone Ring Tooth Missing Fault","Wheel Скорость Датчик RR Tone Ring Tooth Missing Fault",
"C1145","C","base-only","Скорость Wheel Датчик RF Вход Цепь Failure","Скорость Wheel Датчик RF Вход Цепь Failure",
"C1146","C","base-only","Скорость Wheel Датчик RF Цепь Обрыв","Скорость Wheel Датчик RF Цепь Обрыв",
"C1148","C","base-only","Скорость Wheel Датчик RF Coherency Fault","Скорость Wheel Датчик RF Coherency Fault",
"C1149","C","base-only","Hydraulic Fluid Давление/ Поток Цепь Failure","Hydraulic Fluid Давление/ Поток Цепь Failure",
"C1150","C","base-only","Two Скорость Rear Axle Вход Switch Цепь Короткое замыкание to Vbatt","Two Скорость Rear Axle Вход Switch Цепь Короткое замыкание to Vbatt",
"C1155","C","base-only","Скорость Wheel Датчик LF Вход Цепь Failure","Скорость Wheel Датчик LF Вход Цепь Failure",
"C1156","C","base-only","Скорость Wheel Датчик LF Цепь Обрыв","Скорость Wheel Датчик LF Цепь Обрыв",
"C1157","C","base-only","Park Brake Привод Assembly Switch Applied Цепь Failure","Park Brake Привод Assembly Switch Applied Цепь Failure",
"C1158","C","base-only","Скорость Wheel Датчик LF Coherency Fault","Скорость Wheel Датчик LF Coherency Fault",
"C1159","C","base-only","Hydraulic Fluid Давление/ Поток Цепь Короткое замыкание to Gnd","Hydraulic Fluid Давление/ Поток Цепь Короткое замыкание to Gnd",
"C1161","C","base-only","Воздух Давление Низкий Цепь Короткое замыкание to Gnd","Воздух Давление Низкий Цепь Короткое замыкание to Gnd",
"C1162","C","base-only","Park Brake Switch # 2 Released Цепь Failure","Park Brake Switch # 2 Released Цепь Failure",
"C1163","C","base-only","Park Brake Switch # 2 Applied Цепь Короткое замыкание to Gnd","Park Brake Switch # 2 Applied Цепь Короткое замыкание to Gnd",
"C1164","C","base-only","Park Brake Привод Assembly Switch Цепь Failure","Park Brake Привод Assembly Switch Цепь Failure",
"C1165","C","base-only","Скорость Wheel Датчик RR Вход Цепь Failure","Скорость Wheel Датчик RR Вход Цепь Failure",
"C1166","C","base-only","Скорость Wheel Датчик RR Вход Обрыв Цепь","Скорость Wheel Датчик RR Вход Обрыв Цепь",
"C1167","C","base-only","Park Brake Привод Assembly Switch Released Цепь Короткое замыкание to Gnd","Park Brake Привод Assembly Switch Released Цепь Короткое замыкание to Gnd",
"C1168","C","base-only","Скорость Wheel Датчик RR Coherency Fault","Скорость Wheel Датчик RR Coherency Fault",
"C1169","C","base-only","ABS Fluid Dumping Exceeds Maximum Синхронизация","ABS Fluid Dumping Exceeds Maximum Синхронизация",
"C1170","C","base-only","PRNDL Switch Цепь Failure","PRNDL Switch Цепь Failure",
"C1172","C","base-only","Park Brake Switch # 1 Applied Цепь Failure","Park Brake Switch # 1 Applied Цепь Failure",
"C1173","C","base-only","Park Brake Switch # 1 Released Цепь Короткое замыкание to Gnd","Park Brake Switch # 1 Released Цепь Короткое замыкание to Gnd",
"C1174","C","base-only","Park Brake Switch # 2 Applied Цепь Failure","Park Brake Switch # 2 Applied Цепь Failure",
"C1175","C","base-only","Скорость Wheel Датчик LR Вход Цепь Failure","Скорость Wheel Датчик LR Вход Цепь Failure",
"C1176","C","base-only","Скорость Wheel Датчик LR Цепь Обрыв","Скорость Wheel Датчик LR Цепь Обрыв",
"C1177","C","base-only","Park Brake Привод Assembly Switch Released Цепь Failure","Park Brake Привод Assembly Switch Released Цепь Failure",
"C1178","C","base-only","Скорость Wheel Датчик LR Coherency Fault","Скорость Wheel Датчик LR Coherency Fault",
"C1179","C","base-only","Скорость Управление Привод Assembly Cable Slack Failure","Скорость Управление Привод Assembly Cable Slack Failure",
"C1180","C","base-only","Park Brake Клапан Соленоид #1 Sense Вход Цепь Failure","Park Brake Клапан Соленоид #1 Sense Вход Цепь Failure",
"C1181","C","base-only","Park Brake Клапан Соленоид #1 Sense Вход Цепь Короткое замыкание to Gound","Park Brake Клапан Соленоид #1 Sense Вход Цепь Короткое замыкание to Gound",
"C1182","C","base-only","Park Лампа Flash Relay Цепь Failure","Park Лампа Flash Relay Цепь Failure",
"C1183","C","base-only","Park Лампа Flash Relay Цепь Короткое замыкание на батарею","Park Лампа Flash Relay Цепь Короткое замыкание на батарею",
"C1184","C","base-only","ABS Система Is Not Operational","ABS Система Is Not Operational",
"C1185","C","base-only","ABS Power Relay Выход Цепь Failure","ABS Power Relay Выход Цепь Failure",
"C1186","C","base-only","ABS Power Relay Выход Обрыв Цепь","ABS Power Relay Выход Обрыв Цепь",
"C1187","C","base-only","Brake Fluid Level Датчик Вход Обрыв Цепь","Brake Fluid Level Датчик Вход Обрыв Цепь",
"C1188","C","base-only","Brake Fluid Level Датчик Вход Короткое замыкание Цепь To Батарея","Brake Fluid Level Датчик Вход Короткое замыкание Цепь To Батарея",
"C1189","C","base-only","Brake Fluid Level Датчик Вход Короткое замыкание Цепь To Масса","Brake Fluid Level Датчик Вход Короткое замыкание Цепь To Масса",
"C1190","C","base-only","Скорость Wheel Датчик LF Вход Короткое замыкание Цепь To Батарея","Скорость Wheel Датчик LF Вход Короткое замыкание Цепь To Батарея",
"C1191","C","base-only","Скорость Wheel Датчик LF Вход Короткое замыкание Цепь To Масса","Скорость Wheel Датчик LF Вход Короткое замыкание Цепь To Масса",
"C1192","C","base-only","Скорость Wheel Датчик RF Вход Короткое замыкание Цепь To Батарея","Скорость Wheel Датчик RF Вход Короткое замыкание Цепь To Батарея",
"C1193","C","base-only","Скорость Wheel Датчик RF Вход Короткое замыкание Цепь To Масса","Скорость Wheel Датчик RF Вход Короткое замыкание Цепь To Масса",
"C1194","C","base-only","ABS Outlet Клапан Катушка LF Цепь Failure","ABS Outlet Клапан Катушка LF Цепь Failure",
"C1195","C","base-only","ABS Outlet Клапан Катушка LF Цепь Обрыв","ABS Outlet Клапан Катушка LF Цепь Обрыв",
"C1196","C","base-only","ABS Outlet Клапан Катушка LF Цепь Короткое замыкание на батарею","ABS Outlet Клапан Катушка LF Цепь Короткое замыкание на батарею",
"C1197","C","base-only","ABS Outlet Клапан Катушка LF Цепь Короткое замыкание на массу","ABS Outlet Клапан Катушка LF Цепь Короткое замыкание на массу",
"C1198","C","base-only","ABS Inlet Клапан Катушка LF Цепь Failure","ABS Inlet Клапан Катушка LF Цепь Failure",
"C1199","C","base-only","ABS Inlet Клапан Катушка LF Цепь Обрыв","ABS Inlet Клапан Катушка LF Цепь Обрыв",
"C1200","C","base-only","ABS Inlet Клапан Катушка LF Цепь Короткое замыкание на батарею","ABS Inlet Клапан Катушка LF Цепь Короткое замыкание на батарею",
"C1201","C","base-only","ABS Inlet Клапан Катушка LF Цепь Короткое замыкание на массу","ABS Inlet Клапан Катушка LF Цепь Короткое замыкание на массу",
"C1202","C","base-only","ABS Outlet Клапан Катушка Rear Цепь Failure","ABS Outlet Клапан Катушка Rear Цепь Failure",
"C1203","C","base-only","ABS Outlet Клапан Катушка Rear Цепь Обрыв","ABS Outlet Клапан Катушка Rear Цепь Обрыв",
"C1204","C","base-only","ABS Outlet Клапан Катушка Rear Цепь Короткое замыкание на батарею","ABS Outlet Клапан Катушка Rear Цепь Короткое замыкание на батарею",
"C1205","C","base-only","ABS Outlet Клапан Катушка Rear Цепь Короткое замыкание на массу","ABS Outlet Клапан Катушка Rear Цепь Короткое замыкание на массу",
"C1206","C","base-only","ABS Inlet Клапан Катушка Rear Цепь Failure","ABS Inlet Клапан Катушка Rear Цепь Failure",
"C1207","C","base-only","ABS Inlet Клапан Катушка Rear Цепь Обрыв","ABS Inlet Клапан Катушка Rear Цепь Обрыв",
"C1208","C","base-only","ABS Inlet Клапан Катушка Rear Цепь Короткое замыкание на батарею","ABS Inlet Клапан Катушка Rear Цепь Короткое замыкание на батарею",
"C1209","C","base-only","ABS Inlet Клапан Катушка Rear Цепь Короткое замыкание на массу","ABS Inlet Клапан Катушка Rear Цепь Короткое замыкание на массу",
"C1210","C","base-only","ABS Outlet Клапан Катушка RF Цепь Failure","ABS Outlet Клапан Катушка RF Цепь Failure",
"C1211","C","base-only","ABS Outlet Клапан Катушка RF Цепь Обрыв","ABS Outlet Клапан Катушка RF Цепь Обрыв",
"C1212","C","base-only","ABS Outlet Клапан Катушка RF Цепь Короткое замыкание на батарею","ABS Outlet Клапан Катушка RF Цепь Короткое замыкание на батарею",
"C1213","C","base-only","ABS Outlet Клапан Катушка RF Цепь Короткое замыкание на массу","ABS Outlet Клапан Катушка RF Цепь Короткое замыкание на массу",
"C1214","C","base-only","ABS Inlet Клапан Катушка RF Цепь Failure","ABS Inlet Клапан Катушка RF Цепь Failure",
"C1215","C","base-only","ABS Inlet Клапан Катушка RF Цепь Обрыв","ABS Inlet Клапан Катушка RF Цепь Обрыв",
"C1216","C","base-only","ABS Inlet Клапан Катушка RF Цепь Короткое замыкание на батарею","ABS Inlet Клапан Катушка RF Цепь Короткое замыкание на батарею",
"C1217","C","base-only","ABS Inlet Клапан Катушка RF Цепь Короткое замыкание на массу","ABS Inlet Клапан Катушка RF Цепь Короткое замыкание на массу",
"C1218","C","base-only","Лампа ABS Warning Выход Цепь Failure","Лампа ABS Warning Выход Цепь Failure",
"C1219","C","base-only","Лампа ABS Warning Выход Цепь Обрыв","Лампа ABS Warning Выход Цепь Обрыв",
"C1220","C","base-only","Лампа ABS Warning Выход Цепь Короткое замыкание на батарею","Лампа ABS Warning Выход Цепь Короткое замыкание на батарею",
"C1221","C","base-only","Лампа ABS Warning Выход Цепь Короткое замыкание на массу","Лампа ABS Warning Выход Цепь Короткое замыкание на массу",
"C1222","C","base-only","Скорость Wheel Mismatch","Скорость Wheel Mismatch",
"C1223","C","base-only","Лампа Brake Warning Выход Цепь Failure","Лампа Brake Warning Выход Цепь Failure",
"C1224","C","base-only","Лампа Brake Warning Выход Цепь Обрыв","Лампа Brake Warning Выход Цепь Обрыв",
"C1225","C","base-only","Лампа Brake Warning Выход Цепь Короткое замыкание на батарею","Лампа Brake Warning Выход Цепь Короткое замыкание на батарею",
"C1226","C","base-only","Лампа Brake Warning Выход Цепь Короткое замыкание на массу","Лампа Brake Warning Выход Цепь Короткое замыкание на массу",
"C1227","C","base-only","Скорость Wheel Датчик LR Вход Короткое замыкание Цепь To Батарея","Скорость Wheel Датчик LR Вход Короткое замыкание Цепь To Батарея",
"C1228","C","base-only","Скорость Wheel Датчик LR Вход Короткое замыкание Цепь To Масса","Скорость Wheel Датчик LR Вход Короткое замыкание Цепь To Масса",
"C1229","C","base-only","Скорость Wheel Датчик Rear Center Coherency Fault","Скорость Wheel Датчик Rear Center Coherency Fault",
"C1230","C","base-only","Скорость Wheel Датчик Rear Center Вход Цепь Failure","Скорость Wheel Датчик Rear Center Вход Цепь Failure",
"C1231","C","base-only","Скорость Wheel Датчик Rear Center Цепь Обрыв","Скорость Wheel Датчик Rear Center Цепь Обрыв",
"C1232","C","base-only","Скорость Wheel Датчик Rear Center Вход Короткое замыкание Цепь To Батарея","Скорость Wheel Датчик Rear Center Вход Короткое замыкание Цепь To Батарея",
"C1233","C","base-only","Скорость Wheel LF Вход Сигнал Missing","Скорость Wheel LF Вход Сигнал Missing",
"C1234","C","base-only","Скорость Wheel RF Вход Сигнал Missing","Скорость Wheel RF Вход Сигнал Missing",
"C1235","C","base-only","Скорость Wheel RR Вход Сигнал Missing","Скорость Wheel RR Вход Сигнал Missing",
"C1236","C","base-only","Скорость Wheel LR Вход Сигнал Missing","Скорость Wheel LR Вход Сигнал Missing",
"C1237","C","base-only","Скорость Wheel Rear Вход Сигнал Missing","Скорость Wheel Rear Вход Сигнал Missing",
"C1238","C","base-only","ABS Hydraulic Давление Differential Switch Вход Цепь Failure","ABS Hydraulic Давление Differential Switch Вход Цепь Failure",
"C1239","C","base-only","ABS Hydraulic Давление Differential Switch Вход Обрыв Цепь","ABS Hydraulic Давление Differential Switch Вход Обрыв Цепь",
"C1240","C","base-only","ABS Hydraulic Давление Differential Switch Вход Короткое замыкание Цепь To Батарея","ABS Hydraulic Давление Differential Switch Вход Короткое замыкание Цепь To Батарея",
"C1241","C","base-only","ABS Hydraulic Давление Differential Switch Вход Короткое замыкание Цепь To Масса","ABS Hydraulic Давление Differential Switch Вход Короткое замыкание Цепь To Масса",
"C1242","C","base-only","ABS Outlet Клапан Катушка LR Цепь Failure","ABS Outlet Клапан Катушка LR Цепь Failure",
"C1243","C","base-only","ABS Outlet Клапан Катушка LR Цепь Обрыв","ABS Outlet Клапан Катушка LR Цепь Обрыв",
"C1244","C","base-only","ABS Outlet Клапан Катушка LR Цепь Короткое замыкание на батарею","ABS Outlet Клапан Катушка LR Цепь Короткое замыкание на батарею",
"C1245","C","base-only","ABS Outlet Клапан Катушка LR Цепь Короткое замыкание на массу","ABS Outlet Клапан Катушка LR Цепь Короткое замыкание на массу",
"C1246","C","base-only","ABS Outlet Клапан Катушка RR Цепь Failure","ABS Outlet Клапан Катушка RR Цепь Failure",
"C1247","C","base-only","ABS Outlet Клапан Катушка RR Цепь Обрыв","ABS Outlet Клапан Катушка RR Цепь Обрыв",
"C1248","C","base-only","ABS Outlet Клапан Катушка RR Цепь Короткое замыкание на батарею","ABS Outlet Клапан Катушка RR Цепь Короткое замыкание на батарею",
"C1249","C","base-only","ABS Outlet Клапан Катушка RR Цепь Короткое замыкание на массу","ABS Outlet Клапан Катушка RR Цепь Короткое замыкание на массу",
"C1250","C","base-only","ABS Inlet Клапан Катушка LR Цепь Failure","ABS Inlet Клапан Катушка LR Цепь Failure",
"C1251","C","base-only","ABS Inlet Клапан Катушка LR Цепь Обрыв","ABS Inlet Клапан Катушка LR Цепь Обрыв",
"C1252","C","base-only","ABS Inlet Клапан Катушка LR Цепь Короткое замыкание на батарею","ABS Inlet Клапан Катушка LR Цепь Короткое замыкание на батарею",
"C1253","C","base-only","ABS Inlet Клапан Катушка LR Цепь Короткое замыкание на массу","ABS Inlet Клапан Катушка LR Цепь Короткое замыкание на массу",
"C1254","C","base-only","ABS Inlet Клапан Катушка RR Цепь Failure","ABS Inlet Клапан Катушка RR Цепь Failure",
"C1255","C","base-only","ABS Inlet Клапан Катушка RR Цепь Обрыв","ABS Inlet Клапан Катушка RR Цепь Обрыв",
"C1256","C","base-only","ABS Inlet Клапан Катушка RR Цепь Короткое замыкание на батарею","ABS Inlet Клапан Катушка RR Цепь Короткое замыкание на батарею",
"C1257","C","base-only","ABS Inlet Клапан Катушка RR Цепь Короткое замыкание на массу","ABS Inlet Клапан Катушка RR Цепь Короткое замыкание на массу",
"C1258","C","base-only","Скорость Wheel LF Comparison Failure","Скорость Wheel LF Comparison Failure",
"C1259","C","base-only","Скорость Wheel RF Comparison Failure","Скорость Wheel RF Comparison Failure",
"C1260","C","base-only","Скорость Wheel RR Comparison Failure","Скорость Wheel RR Comparison Failure",
"C1261","C","base-only","Скорость Wheel LR Comparison Failure","Скорость Wheel LR Comparison Failure",
"C1262","C","base-only","Лампа Warning Relay Цепь Failure","Лампа Warning Relay Цепь Failure",
"C1263","C","base-only","Лампа Warning Relay Цепь Обрыв","Лампа Warning Relay Цепь Обрыв",
"C1264","C","base-only","Лампа Warning Relay Цепь Короткое замыкание на батарею","Лампа Warning Relay Цепь Короткое замыкание на батарею",
"C1265","C","base-only","Лампа Warning Relay Цепь Короткое замыкание на массу","Лампа Warning Relay Цепь Короткое замыкание на массу",
"C1266","C","base-only","ABS Клапан Power Relay Цепь Failure","ABS Клапан Power Relay Цепь Failure",
"C1267","C","base-only","ABS Functions Temporarily Disabled","ABS Functions Temporarily Disabled",
"C1268","C","base-only","Motor Relay # 1 Цепь Failure","Motor Relay # 1 Цепь Failure",
"C1269","C","base-only","Motor Relay # 1 Цепь Короткое замыкание на батарею","Motor Relay # 1 Цепь Короткое замыкание на батарею",
"C1270","C","base-only","Motor # 1 Вход Цепь Failure","Motor # 1 Вход Цепь Failure",
"C1271","C","base-only","Motor # 1 Вход Цепь Короткое замыкание to Gnd","Motor # 1 Вход Цепь Короткое замыкание to Gnd",
"C1272","C","base-only","Motor # 2 Вход Цепь Failure","Motor # 2 Вход Цепь Failure",
"C1273","C","base-only","Motor # 2 Вход Цепь Короткое замыкание to Vbat","Motor # 2 Вход Цепь Короткое замыкание to Vbat",
"C1274","C","base-only","Соленоид Relay # 1 Цепь Failure","Соленоид Relay # 1 Цепь Failure",
"C1275","C","base-only","Соленоид Relay # 1 Цепь Короткое замыкание to Vbatt","Соленоид Relay # 1 Цепь Короткое замыкание to Vbatt",
"C1276","C","base-only","Park Brake Привод Assembly Switch Applied Цепь Короткое замыкание to Gnd","Park Brake Привод Assembly Switch Applied Цепь Короткое замыкание to Gnd",
"C1277","C","base-only","STEERING Wheel Angle 1and 2 Цепь Failure","STEERING Wheel Angle 1and 2 Цепь Failure",
"C1278","C","base-only","STEERING Wheel Angle 1and 2 Сигнал Faulted","STEERING Wheel Angle 1and 2 Сигнал Faulted",
"C1279","C","base-only","Yaw Расход Датчик Цепь Failure","Yaw Расход Датчик Цепь Failure",
"C1280","C","base-only","Yaw Расход Датчик Сигнал Fault","Yaw Расход Датчик Сигнал Fault",
"C1281","C","base-only","Lateral Accelerometer Цепь Failure","Lateral Accelerometer Цепь Failure",
"C1282","C","base-only","Lateral Accelerometer Сигнал Fault","Lateral Accelerometer Сигнал Fault",
"C1283","C","base-only","Switch Test Сигнал Failure","Switch Test Сигнал Failure",
"C1284","C","base-only","Oil Давление Switch Failure","Oil Давление Switch Failure",
"C1285","C","base-only","Booster Соленоид Цепь Failure","Booster Соленоид Цепь Failure",
"C1286","C","base-only","Booster Mechanical Failure","Booster Mechanical Failure",
"C1287","C","base-only","Booster Педаль Force switch Цепь Failure","Booster Педаль Force switch Цепь Failure",
"C1288","C","base-only","Давление Transducer Main / Primary Вход Цепь Failure","Давление Transducer Main / Primary Вход Цепь Failure",
"C1289","C","base-only","Давление Transducer Redundant / Secondary Вход Цепь Failure","Давление Transducer Redundant / Secondary Вход Цепь Failure",
"C1400","C","base-only","Traction Управление Клапан RF Цепь Failure","Traction Управление Клапан RF Цепь Failure",
"C1401","C","base-only","Traction Управление Клапан RF Цепь Обрыв","Traction Управление Клапан RF Цепь Обрыв",
"C1402","C","base-only","Traction Управление Клапан RF Цепь Короткое замыкание на массу","Traction Управление Клапан RF Цепь Короткое замыкание на массу",
"C1403","C","base-only","Traction Управление Клапан RF Цепь Короткое замыкание на батарею","Traction Управление Клапан RF Цепь Короткое замыкание на батарею",
"C1404","C","base-only","Traction Управление Клапан Rear Цепь Failure","Traction Управление Клапан Rear Цепь Failure",
"C1405","C","base-only","Traction Управление Клапан Rear Цепь Обрыв","Traction Управление Клапан Rear Цепь Обрыв",
"C1406","C","base-only","Traction Управление Клапан Rear Цепь Короткое замыкание на массу","Traction Управление Клапан Rear Цепь Короткое замыкание на массу",
"C1407","C","base-only","Traction Управление Клапан Rear Цепь Короткое замыкание на батарею","Traction Управление Клапан Rear Цепь Короткое замыкание на батарею",
"C1410","C","base-only","Traction Управление Клапан LF Цепь Failure","Traction Управление Клапан LF Цепь Failure",
"C1411","C","base-only","Traction Управление Клапан LF Цепь Обрыв","Traction Управление Клапан LF Цепь Обрыв",
"C1412","C","base-only","Traction Управление Клапан LF Цепь Короткое замыкание на массу","Traction Управление Клапан LF Цепь Короткое замыкание на массу",
"C1413","C","base-only","Traction Управление Клапан LF Цепь Короткое замыкание на батарею","Traction Управление Клапан LF Цепь Короткое замыкание на батарею",
"C1414","C","base-only","Incorrect Модуль Design Level","Incorrect Модуль Design Level",
"C1415","C","base-only","Incorrect Модуль Configuration","Incorrect Модуль Configuration",
"C1416","C","base-only","Damper RF Цепь Короткое замыкание на батарею","Damper RF Цепь Короткое замыкание на батарею",
"C1417","C","base-only","Damper RF Цепь Короткое замыкание на массу","Damper RF Цепь Короткое замыкание на массу",
"C1418","C","base-only","Damper RF Цепь Failure","Damper RF Цепь Failure",
"C1419","C","base-only","Damper RF Цепь Обрыв","Damper RF Цепь Обрыв",
"C1420","C","base-only","Hydraulic Fluid Давление/ Поток Цепь Короткое замыкание to Vbatt","Hydraulic Fluid Давление/ Поток Цепь Короткое замыкание to Vbatt",
"C1421","C","base-only","Damper LF Цепь Короткое замыкание на батарею","Damper LF Цепь Короткое замыкание на батарею",
"C1422","C","base-only","Damper LF Цепь Короткое замыкание на массу","Damper LF Цепь Короткое замыкание на массу",
"C1423","C","base-only","Damper LF Цепь Failure","Damper LF Цепь Failure",
"C1424","C","base-only","Damper LF Цепь Обрыв","Damper LF Цепь Обрыв",
"C1425","C","base-only","Damper RR Цепь Короткое замыкание на массу","Damper RR Цепь Короткое замыкание на массу",
"C1426","C","base-only","Damper RR Цепь Короткое замыкание на батарею","Damper RR Цепь Короткое замыкание на батарею",
"C1427","C","base-only","Damper RR Цепь Обрыв","Damper RR Цепь Обрыв",
"C1428","C","base-only","Damper RR Цепь Failure","Damper RR Цепь Failure",
"C1429","C","base-only","Вход-shaft-Скорость Вход Цепь failure","Вход-shaft-Скорость Вход Цепь failure",
"C1430","C","base-only","Damper LR Цепь Обрыв","Damper LR Цепь Обрыв",
"C1431","C","base-only","Damper LR Цепь Короткое замыкание на батарею","Damper LR Цепь Короткое замыкание на батарею",
"C1432","C","base-only","Damper LR Цепь Короткое замыкание на массу","Damper LR Цепь Короткое замыкание на массу",
"C1433","C","base-only","Damper LR Цепь Failure","Damper LR Цепь Failure",
"C1435","C","base-only","Accelerometer Rear Цепь Failure","Accelerometer Rear Цепь Failure",
"C1436","C","base-only","Accelerometer Rear Цепь Сигнал Is Not Sensed","Accelerometer Rear Цепь Сигнал Is Not Sensed",
"C1437","C","base-only","Accelerometer Rear Цепь Короткое замыкание на массу","Accelerometer Rear Цепь Короткое замыкание на массу",
"C1438","C","base-only","Accelerometer Rear Цепь Короткое замыкание на батарею","Accelerometer Rear Цепь Короткое замыкание на батарею",
"C1439","C","base-only","Автомобиль Acceleration EEC-IV Цепь Failure","Автомобиль Acceleration EEC-IV Цепь Failure",
"C1440","C","base-only","Давление Transducer Main / Primary Сигнал Faulted","Давление Transducer Main / Primary Сигнал Faulted",
"C1441","C","base-only","Steering Phase A Цепь Сигнал Is Not Sensed","Steering Phase A Цепь Сигнал Is Not Sensed",
"C1442","C","base-only","Steering Phase B Цепь Сигнал Is Not Sensed","Steering Phase B Цепь Сигнал Is Not Sensed",
"C1443","C","base-only","Steering Phase A Цепь Короткое замыкание на массу","Steering Phase A Цепь Короткое замыкание на массу",
"C1444","C","base-only","Steering Phase B Цепь Короткое замыкание на массу","Steering Phase B Цепь Короткое замыкание на массу",
"C1445","C","base-only","Скорость Автомобиль Сигнал Цепь Failure","Скорость Автомобиль Сигнал Цепь Failure",
"C1446","C","base-only","Brake Switch Цепь Failure","Brake Switch Цепь Failure",
"C1447","C","base-only","Traction Управление Модуль Запрос Цепь Failure","Traction Управление Модуль Запрос Цепь Failure",
"C1448","C","base-only","Лампа Adaptive Damping Warning Цепь Failure","Лампа Adaptive Damping Warning Цепь Failure",
"C1449","C","base-only","Traction Управление Motor Coherency Fault","Traction Управление Motor Coherency Fault",
"C1450","C","base-only","Traction Управление Motor Цепь Failure","Traction Управление Motor Цепь Failure",
"C1451","C","base-only","Traction Управление Motor Цепь Обрыв","Traction Управление Motor Цепь Обрыв",
"C1452","C","base-only","Traction Управление Motor Цепь Короткое замыкание на батарею","Traction Управление Motor Цепь Короткое замыкание на батарею",
"C1453","C","base-only","Traction Управление Motor Цепь Короткое замыкание на массу","Traction Управление Motor Цепь Короткое замыкание на массу",
"C1454","C","base-only","Front Lateral Accelerometer Цепь Failure","Front Lateral Accelerometer Цепь Failure",
"C1455","C","base-only","Accelerometer Front Цепь Failure","Accelerometer Front Цепь Failure",
"C1456","C","base-only","Accelerometer Front Цепь Is Not Sensed","Accelerometer Front Цепь Is Not Sensed",
"C1457","C","base-only","Accelerometer Front Цепь Короткое замыкание на массу","Accelerometer Front Цепь Короткое замыкание на массу",
"C1458","C","base-only","Accelerometer Front Цепь Короткое замыкание на батарею","Accelerometer Front Цепь Короткое замыкание на батарею",
"C1459","C","base-only","Adaptive Mode Switch Цепь Failure","Adaptive Mode Switch Цепь Failure",
"C1460","C","base-only","Автомобиль Accelerometer Power Цепь Failure","Автомобиль Accelerometer Power Цепь Failure",
"C1461","C","base-only","Автомобиль Accelerometer Power Цепь Короткое замыкание на батарею","Автомобиль Accelerometer Power Цепь Короткое замыкание на батарею",
"C1462","C","base-only","Left Front Vertical Accelerometer Цепь Failure","Left Front Vertical Accelerometer Цепь Failure",
"C1463","C","base-only","Right Front Vertical Accelerometer Цепь Failure","Right Front Vertical Accelerometer Цепь Failure",
"C1464","C","base-only","Давление Transducer Redundant / Secondary Сигнал Faulted","Давление Transducer Redundant / Secondary Сигнал Faulted",
"C1465","C","base-only","Damper Высокий Side Front Цепь Короткое замыкание на батарею","Damper Высокий Side Front Цепь Короткое замыкание на батарею",
"C1466","C","base-only","Damper Цепь Failure","Damper Цепь Failure",
"C1467","C","base-only","Damper Высокий Side Rear Цепь Короткое замыкание на батарею","Damper Высокий Side Rear Цепь Короткое замыкание на батарею",
"C1468","C","base-only","Damper Низкий Side Front Цепь Failure","Damper Низкий Side Front Цепь Failure",
"C1469","C","base-only","Damper Низкий Side Rear Цепь Failure","Damper Низкий Side Rear Цепь Failure",
"C1495","C","base-only","Traction Управление Motor Potentiometer Цепь Failure","Traction Управление Motor Potentiometer Цепь Failure",
"C1496","C","base-only","Traction Управление Motor Potentiometer Цепь Обрыв","Traction Управление Motor Potentiometer Цепь Обрыв",
"C1497","C","base-only","Traction Управление Motor Potentiometer Цепь Короткое замыкание на батарею","Traction Управление Motor Potentiometer Цепь Короткое замыкание на батарею",
"C1498","C","base-only","Traction Управление Motor Potentiometer Цепь Короткое замыкание на массу","Traction Управление Motor Potentiometer Цепь Короткое замыкание на массу",
"C1499","C","base-only","Transfer Case Contact Plate 'A' Encoder Цепь Failure","Transfer Case Contact Plate 'A' Encoder Цепь Failure",
"C1500","C","base-only","Transfer Case Contact Plate 'B' Encoder Цепь Failure","Transfer Case Contact Plate 'B' Encoder Цепь Failure",
"C1501","C","base-only","Transfer Case Contact Plate 'C' Encoder Цепь Failure","Transfer Case Contact Plate 'C' Encoder Цепь Failure",
"C1502","C","base-only","Transfer Case Contact Plate 'D' Encoder Цепь Failure","Transfer Case Contact Plate 'D' Encoder Цепь Failure",
"C1503","C","base-only","Dynamic Stability Управление Left Front Клапан Неисправность","Dynamic Stability Управление Left Front Клапан Неисправность",
"C1504","C","base-only","Dynamic Stability Управление Right Front Клапан Неисправность","Dynamic Stability Управление Right Front Клапан Неисправность",
"C1505","C","base-only","Dynamic Stability Управление Left Rear Клапан Неисправность","Dynamic Stability Управление Left Rear Клапан Неисправность",
"C1506","C","base-only","Dynamic Stability Управление Right Rear Клапан Неисправность","Dynamic Stability Управление Right Rear Клапан Неисправность",
"C1507","C","base-only","Traction Управление of Brake Exceeds Time-Out","Traction Управление of Brake Exceeds Time-Out",
"C1508","C","base-only","Traction Управление of Двигатель Exceeds Time-Out","Traction Управление of Двигатель Exceeds Time-Out",
"C1510","C","base-only","Right Front Wheel Давление Reduction Производительность Problem","Right Front Wheel Давление Reduction Производительность Problem",
"C1511","C","base-only","Left Front Wheel Давление Reduction Производительность Problem","Left Front Wheel Давление Reduction Производительность Problem",
"C1512","C","base-only","Right Rear Wheel Давление Reduction Производительность Problem","Right Rear Wheel Давление Reduction Производительность Problem",
"C1513","C","base-only","Left rear Wheel Давление Reduction Производительность Problem","Left rear Wheel Давление Reduction Производительность Problem",
"C1699","C","base-only","Left Rear Датчик Цепь Короткое замыкание to Vbat","Left Rear Датчик Цепь Короткое замыкание to Vbat",
"C1700","C","base-only","Left Rear Датчик Цепь Failure","Left Rear Датчик Цепь Failure",
"C1701","C","base-only","Left Rear Датчик Цепь Fault","Left Rear Датчик Цепь Fault",
"C1702","C","base-only","RightRear Датчик Цепь Короткое замыкание to Vbat","RightRear Датчик Цепь Короткое замыкание to Vbat",
"C1703","C","base-only","Right Rear Датчик Цепь Failure","Right Rear Датчик Цепь Failure",
"C1704","C","base-only","Right Rear Датчик Цепь Fault","Right Rear Датчик Цепь Fault",
"C1705","C","base-only","Left Rear Center Датчик Цепь Короткое замыкание to Vbat","Left Rear Center Датчик Цепь Короткое замыкание to Vbat",
"C1706","C","base-only","Left Rear Center Датчик Цепь Failure","Left Rear Center Датчик Цепь Failure",
"C1707","C","base-only","Left Rear Center Датчик Цепь Fault","Left Rear Center Датчик Цепь Fault",
"C1708","C","base-only","Right Rear Center Датчик Цепь Короткое замыкание to Vbat","Right Rear Center Датчик Цепь Короткое замыкание to Vbat",
"C1709","C","base-only","Right Rear Center Датчик Цепь Failure","Right Rear Center Датчик Цепь Failure",
"C1710","C","base-only","Right Rear Center Датчик Цепь Fault","Right Rear Center Датчик Цепь Fault",
"C1711","C","base-only","Left Front Датчик Цепь Короткое замыкание to Vbat","Left Front Датчик Цепь Короткое замыкание to Vbat",
"C1712","C","base-only","Left Front Датчик Цепь Failure","Left Front Датчик Цепь Failure",
"C1713","C","base-only","Left Front Датчик Цепь Fault","Left Front Датчик Цепь Fault",
"C1714","C","base-only","Right Front Датчик Цепь Короткое замыкание to Vbat","Right Front Датчик Цепь Короткое замыкание to Vbat",
"C1715","C","base-only","Right Front Датчик Цепь Failure","Right Front Датчик Цепь Failure",
"C1716","C","base-only","Right Front Датчик Цепь Fault","Right Front Датчик Цепь Fault",
"C1717","C","base-only","Left Front Center Датчик Цепь Короткое замыкание to Vbat","Left Front Center Датчик Цепь Короткое замыкание to Vbat",
"C1718","C","base-only","Left Front Center Датчик Цепь Failure","Left Front Center Датчик Цепь Failure",
"C1719","C","base-only","Left Front Center Датчик Цепь Fault","Left Front Center Датчик Цепь Fault",
"C1721","C","base-only","Воздух Suspension Height Датчик Power Цепь Обрыв","Воздух Suspension Height Датчик Power Цепь Обрыв",
"C1722","C","base-only","Воздух Suspension Height Датчик Power Цепь Короткое замыкание на батарею","Воздух Suspension Height Датчик Power Цепь Короткое замыкание на батарею",
"C1723","C","base-only","Воздух Suspension Height Датчик Power Цепь Короткое замыкание на массу","Воздух Suspension Height Датчик Power Цепь Короткое замыкание на массу",
"C1724","C","base-only","Воздух Suspension Height Датчик Power Цепь Failure","Воздух Suspension Height Датчик Power Цепь Failure",
"C1725","C","base-only","Воздух Suspension Front Pneumatic Failure","Воздух Suspension Front Pneumatic Failure",
"C1726","C","base-only","Воздух Suspension Rear Pneumatic Failure","Воздух Suspension Rear Pneumatic Failure",
"C1727","C","base-only","Воздух Suspension Reservoir Pneumatic Failure","Воздух Suspension Reservoir Pneumatic Failure",
"C1728","C","base-only","Transfer Case unable to transition between 2H and 4H","Transfer Case unable to transition between 2H and 4H",
"C1729","C","base-only","Transfer Case unable to transition between 4H and 4L","Transfer Case unable to transition between 4H and 4L",
"C1730","C","base-only","Reference Напряжение Out of Range (+5 v)","Reference Напряжение Out of Range (+5 v)",
"C1731","C","base-only","Воздух Suspension LF Corner Up Timeout","Воздух Suspension LF Corner Up Timeout",
"C1732","C","base-only","Воздух Suspension LF Corner Down Timeout","Воздух Suspension LF Corner Down Timeout",
"C1733","C","base-only","Воздух Suspension RF Corner Up Timeout","Воздух Suspension RF Corner Up Timeout",
"C1734","C","base-only","Воздух Suspension RF Corner Down Timeout","Воздух Suspension RF Corner Down Timeout",
"C1735","C","base-only","Воздух Suspension LR Corner Up Timeout","Воздух Suspension LR Corner Up Timeout",
"C1736","C","base-only","Воздух Suspension LR Corner Down Timeout","Воздух Suspension LR Corner Down Timeout",
"C1737","C","base-only","Воздух Suspension RR Corner Up Timeout","Воздух Suspension RR Corner Up Timeout",
"C1738","C","base-only","Воздух Suspension RR Corner Down Timeout","Воздух Suspension RR Corner Down Timeout",
"C1739","C","base-only","Right Front Center Датчик Цепь Короткое замыкание to Vbat","Right Front Center Датчик Цепь Короткое замыкание to Vbat",
"C1740","C","base-only","Right Front Center Датчик Цепь Failure","Right Front Center Датчик Цепь Failure",
"C1741","C","base-only","Right Front Center Датчик Цепь Fault","Right Front Center Датчик Цепь Fault",
"C1742","C","base-only","Rear Sounder Цепь Failure","Rear Sounder Цепь Failure",
"C1743","C","base-only","Rear Sounder Цепь Короткое замыкание to Vbatt","Rear Sounder Цепь Короткое замыкание to Vbatt",
"C1744","C","base-only","Front Sounder Цепь Failure","Front Sounder Цепь Failure",
"C1745","C","base-only","Front Sounder Цепь Короткое замыкание to Vbatt","Front Sounder Цепь Короткое замыкание to Vbatt",
"C1748","C","base-only","Switch Вход Цепь Короткое замыкание to Gnd","Switch Вход Цепь Короткое замыкание to Gnd",
"C1749","C","base-only","Trailer Вход Цепь Failure","Trailer Вход Цепь Failure",
"C1750","C","base-only","Accelerator Положение Датчик Out of Range","Accelerator Положение Датчик Out of Range",
"C1751","C","base-only","Скорость автомобиля Датчик # 1 Выход Цепь Короткое замыкание to Vbatt","Скорость автомобиля Датчик # 1 Выход Цепь Короткое замыкание to Vbatt",
"C1752","C","base-only","Скорость автомобиля Датчик # 1 Выход Цепь Короткое замыкание to Gnd","Скорость автомобиля Датчик # 1 Выход Цепь Короткое замыкание to Gnd",
"C1753","C","base-only","Hydraulic Clutch Привод Клапан Сигнал Fault","Hydraulic Clutch Привод Клапан Сигнал Fault",
"C1754","C","base-only","Hydraulic Clutch Привод Клапан Цепь Failure","Hydraulic Clutch Привод Клапан Цепь Failure",
"C1755","C","base-only","Power Limit Shutdown Fault","Power Limit Shutdown Fault",
"C1756","C","base-only","Воздух Suspension Front Height Датчик Высокий (SE) Сигнал Цепь Failure","Воздух Suspension Front Height Датчик Высокий (SE) Сигнал Цепь Failure",
"C1757","C","base-only","Воздух Suspension Front Height Датчик Высокий (SE) Сигнал Цепь Обрыв","Воздух Suspension Front Height Датчик Высокий (SE) Сигнал Цепь Обрыв",
"C1758","C","base-only","Воздух Suspension Front Height Датчик Высокий (SE) Сигнал Цепь Короткое замыкание на батарею","Воздух Suspension Front Height Датчик Высокий (SE) Сигнал Цепь Короткое замыкание на батарею",
"C1759","C","base-only","Воздух Suspension Front Height Датчик Высокий (SE) Сигнал Цепь Короткое замыкание на массу","Воздух Suspension Front Height Датчик Высокий (SE) Сигнал Цепь Короткое замыкание на массу",
"C1760","C","base-only","Воздух Suspension Rear Height Датчик Высокий (SE) Сигнал Цепь Failure","Воздух Suspension Rear Height Датчик Высокий (SE) Сигнал Цепь Failure",
"C1761","C","base-only","Воздух Suspension Rear Height Датчик Высокий (SE) Сигнал Цепь Обрыв","Воздух Suspension Rear Height Датчик Высокий (SE) Сигнал Цепь Обрыв",
"C1762","C","base-only","Воздух Suspension Rear Height Датчик Высокий (SE) Сигнал Цепь Короткое замыкание на батарею","Воздух Suspension Rear Height Датчик Высокий (SE) Сигнал Цепь Короткое замыкание на батарею",
"C1763","C","base-only","Воздух Suspension Rear Height Датчик Высокий (SE) Сигнал Цепь Короткое замыкание на массу","Воздух Suspension Rear Height Датчик Высокий (SE) Сигнал Цепь Короткое замыкание на массу",
"C1765","C","base-only","Воздух Suspension Rear Height Датчик Низкий Сигнал Цепь Failure","Воздух Suspension Rear Height Датчик Низкий Сигнал Цепь Failure",
"C1766","C","base-only","Воздух Suspension Rear Height Датчик Низкий Сигнал Цепь Обрыв","Воздух Suspension Rear Height Датчик Низкий Сигнал Цепь Обрыв",
"C1767","C","base-only","Воздух Suspension Rear Height Датчик Низкий Сигнал Цепь Короткое замыкание на батарею","Воздух Suspension Rear Height Датчик Низкий Сигнал Цепь Короткое замыкание на батарею",
"C1768","C","base-only","Воздух Suspension Rear Height Датчик Низкий Сигнал Цепь Короткое замыкание на массу","Воздух Suspension Rear Height Датчик Низкий Сигнал Цепь Короткое замыкание на массу",
"C1770","C","base-only","Воздух Suspension Вентиляция Соленоид Выход Цепь Failure","Воздух Suspension Вентиляция Соленоид Выход Цепь Failure",
"C1771","C","base-only","Воздух Suspension Вентиляция Соленоид Выход Цепь Обрыв","Воздух Suspension Вентиляция Соленоид Выход Цепь Обрыв",
"C1772","C","base-only","Воздух Suspension Вентиляция Соленоид Выход Цепь Короткое замыкание на батарею","Воздух Suspension Вентиляция Соленоид Выход Цепь Короткое замыкание на батарею",
"C1773","C","base-only","Воздух Suspension Вентиляция Соленоид Выход Цепь Короткое замыкание на массу","Воздух Suspension Вентиляция Соленоид Выход Цепь Короткое замыкание на массу",
"C1774","C","base-only","Охлаждающая жидкость Temp Out of Range","Охлаждающая жидкость Temp Out of Range",
"C1775","C","base-only","DC-DC Converter Failure","DC-DC Converter Failure",
"C1776","C","base-only","Нагреватель Система Failure","Нагреватель Система Failure",
"C1777","C","base-only","Разрежение Давление Цепь Failure","Разрежение Давление Цепь Failure",
"C1778","C","base-only","Power Steering Failure","Power Steering Failure",
"C1779","C","base-only","Blower Switch Failure","Blower Switch Failure",
"C1780","C","base-only","Температура Select Failure","Температура Select Failure",
"C1781","C","base-only","Температура охлаждающей жидкости двигателя Сигнал Missing/Fault","Температура охлаждающей жидкости двигателя Сигнал Missing/Fault",
"C1790","C","base-only","Воздух Suspension LR Воздух Spring/Shock Соленоид Выход Цепь Failure","Воздух Suspension LR Воздух Spring/Shock Соленоид Выход Цепь Failure",
"C1791","C","base-only","Воздух Suspension LR Воздух Spring/Shock Соленоид Выход Цепь Обрыв","Воздух Suspension LR Воздух Spring/Shock Соленоид Выход Цепь Обрыв",
"C1792","C","base-only","Воздух Suspension LR Воздух Spring/Shock Соленоид Выход Цепь Короткое замыкание на батарею","Воздух Suspension LR Воздух Spring/Shock Соленоид Выход Цепь Короткое замыкание на батарею",
"C1793","C","base-only","Воздух Suspension LR Воздух Spring/Shock Соленоид Выход Цепь Короткое замыкание на массу","Воздух Suspension LR Воздух Spring/Shock Соленоид Выход Цепь Короткое замыкание на массу",
"C1795","C","base-only","Воздух Suspension RR Воздух Spring/Shock Соленоид Выход Цепь Failure","Воздух Suspension RR Воздух Spring/Shock Соленоид Выход Цепь Failure",
"C1796","C","base-only","Воздух Suspension RR Воздух Spring/Shock Соленоид Выход Цепь Обрыв","Воздух Suspension RR Воздух Spring/Shock Соленоид Выход Цепь Обрыв",
"C1797","C","base-only","Воздух Suspension RR Воздух Spring/Shock Соленоид Выход Цепь Короткое замыкание на батарею","Воздух Suspension RR Воздух Spring/Shock Соленоид Выход Цепь Короткое замыкание на батарею",
"C1798","C","base-only","Воздух Suspension RR Воздух Spring/Shock Соленоид Выход Цепь Короткое замыкание на массу","Воздух Suspension RR Воздух Spring/Shock Соленоид Выход Цепь Короткое замыкание на массу",
"C1800","C","base-only","Воздух Suspension Reservoir Соленоид Цепь Failure","Воздух Suspension Reservoir Соленоид Цепь Failure",
"C1805","C","base-only","Mismatched Блок управления двигателем and/or ABS-TC Модуль","Mismatched Блок управления двигателем and/or ABS-TC Модуль",
"C1813","C","base-only","Воздух Suspension LR Вентиляция Запрос Exceeded Max Синхронизация","Воздух Suspension LR Вентиляция Запрос Exceeded Max Синхронизация",
"C1814","C","base-only","Воздух Suspension RR Вентиляция Запрос Exceeded Max Синхронизация","Воздух Suspension RR Вентиляция Запрос Exceeded Max Синхронизация",
"C1818","C","base-only","Воздух Suspension LR Воздух Compress Запрос Exceeded Max Синхронизация","Воздух Suspension LR Воздух Compress Запрос Exceeded Max Синхронизация",
"C1819","C","base-only","Воздух Suspension RR Воздух Compress Запрос Exceeded Max Синхронизация","Воздух Suspension RR Воздух Compress Запрос Exceeded Max Синхронизация",
"C1820","C","base-only","Воздух Suspension RF Воздух Compress Запрос Exceeded Max Синхронизация","Воздух Suspension RF Воздух Compress Запрос Exceeded Max Синхронизация",
"C1830","C","base-only","Воздух Suspension Compressor Relay Цепь Failure","Воздух Suspension Compressor Relay Цепь Failure",
"C1831","C","base-only","Воздух Suspension Compressor Relay Цепь Обрыв","Воздух Suspension Compressor Relay Цепь Обрыв",
"C1832","C","base-only","Воздух Suspension Compressor Relay Цепь Короткое замыкание на батарею","Воздух Suspension Compressor Relay Цепь Короткое замыкание на батарею",
"C1833","C","base-only","Воздух Suspension Compressor Relay Цепь Короткое замыкание на массу","Воздух Suspension Compressor Relay Цепь Короткое замыкание на массу",
"C1834","C","base-only","Gauge Drive Current Fault","Gauge Drive Current Fault",
"C1835","C","base-only","Current Sense Цепь Failure","Current Sense Цепь Failure",
"C1836","C","base-only","Батарея Temp out of Range","Батарея Temp out of Range",
"C1837","C","base-only","Батарея Нагреватель Цепь Failure","Батарея Нагреватель Цепь Failure",
"C1838","C","base-only","Charging Система Fault","Charging Система Fault",
"C1839","C","base-only","Leakage Fault","Leakage Fault",
"C1840","C","base-only","Воздух Suspension Disable Switch Цепь Failure","Воздух Suspension Disable Switch Цепь Failure",
"C1841","C","base-only","Воздух Suspension Disable Switch Цепь Обрыв","Воздух Suspension Disable Switch Цепь Обрыв",
"C1842","C","base-only","Воздух Suspension Disable Switch Цепь Короткое замыкание на батарею","Воздух Suspension Disable Switch Цепь Короткое замыкание на батарею",
"C1843","C","base-only","Воздух Suspension Disable Switch Цепь Короткое замыкание на массу","Воздух Suspension Disable Switch Цепь Короткое замыкание на массу",
"C1844","C","base-only","Воздух Suspension Secondary Front Inflator Соленоид Выход Цепь Failure","Воздух Suspension Secondary Front Inflator Соленоид Выход Цепь Failure",
"C1845","C","base-only","Воздух Suspension Front Inflator Соленоид Выход Цепь Failure","Воздух Suspension Front Inflator Соленоид Выход Цепь Failure",
"C1846","C","base-only","Воздух Suspension Front Inflator Соленоид Выход Цепь Обрыв","Воздух Suspension Front Inflator Соленоид Выход Цепь Обрыв",
"C1847","C","base-only","Воздух Suspension Front Inflator Соленоид Выход Цепь Короткое замыкание на батарею","Воздух Suspension Front Inflator Соленоид Выход Цепь Короткое замыкание на батарею",
"C1848","C","base-only","Воздух Suspension Front Inflator Соленоид Выход Цепь Короткое замыкание на массу","Воздух Suspension Front Inflator Соленоид Выход Цепь Короткое замыкание на массу",
"C1849","C","base-only","Master Цилиндр Давление Out of Range","Master Цилиндр Давление Out of Range",
"C1850","C","base-only","Воздух Suspension Warning Лампа Цепь Failure","Воздух Suspension Warning Лампа Цепь Failure",
"C1851","C","base-only","Воздух Suspension Warning Лампа Цепь Обрыв","Воздух Suspension Warning Лампа Цепь Обрыв",
"C1852","C","base-only","Воздух Suspension Warning Лампа Цепь Короткое замыкание на батарею","Воздух Suspension Warning Лампа Цепь Короткое замыкание на батарею",
"C1853","C","base-only","Воздух Suspension Warning Лампа Цепь Короткое замыкание на массу","Воздух Suspension Warning Лампа Цепь Короткое замыкание на массу",
"C1854","C","base-only","Motor Температура Out of Range","Motor Температура Out of Range",
"C1855","C","base-only","Acceleration Положение Датчик Conflict","Acceleration Положение Датчик Conflict",
"C1856","C","base-only","Traction Motor Encoder Цепь Failure","Traction Motor Encoder Цепь Failure",
"C1859","C","base-only","PRNDL Вход #2 Цепь Failure","PRNDL Вход #2 Цепь Failure",
"C1860","C","base-only","PRNDL Вход #3 Цепь Failure","PRNDL Вход #3 Цепь Failure",
"C1861","C","base-only","PRNDL Вход #4 Цепь Failure","PRNDL Вход #4 Цепь Failure",
"C1862","C","base-only","Contactor Цепь Failure","Contactor Цепь Failure",
"C1863","C","base-only","External Charging Fault","External Charging Fault",
"C1864","C","base-only","Батарея Модуль Fault","Батарея Модуль Fault",
"C1865","C","base-only","Воздух Suspension Rear Inflator Соленоид Выход Цепь Failure","Воздух Suspension Rear Inflator Соленоид Выход Цепь Failure",
"C1866","C","base-only","Воздух Suspension Rear Inflator Соленоид Выход Цепь Обрыв","Воздух Suspension Rear Inflator Соленоид Выход Цепь Обрыв",
"C1867","C","base-only","Воздух Suspension Rear Inflator Соленоид Выход Цепь Короткое замыкание на батарею","Воздух Suspension Rear Inflator Соленоид Выход Цепь Короткое замыкание на батарею",
"C1868","C","base-only","Воздух Suspension Rear Inflator Соленоид Выход Цепь Короткое замыкание на массу","Воздух Suspension Rear Inflator Соленоид Выход Цепь Короткое замыкание на массу",
"C1869","C","base-only","Воздух Suspension Gate Соленоид Выход Цепь Failure","Воздух Suspension Gate Соленоид Выход Цепь Failure",
"C1870","C","base-only","Воздух Suspension Gate Соленоид Выход Цепь Обрыв","Воздух Suspension Gate Соленоид Выход Цепь Обрыв",
"C1871","C","base-only","Воздух Suspension Gate Соленоид Выход Цепь Короткое замыкание на батарею","Воздух Suspension Gate Соленоид Выход Цепь Короткое замыкание на батарею",
"C1872","C","base-only","Воздух Suspension Gate Соленоид Выход Цепь Короткое замыкание на массу","Воздух Suspension Gate Соленоид Выход Цепь Короткое замыкание на массу",
"C1873","C","base-only","Воздух Suspension RF Воздух Spring Соленоид Выход Цепь Failure","Воздух Suspension RF Воздух Spring Соленоид Выход Цепь Failure",
"C1874","C","base-only","Воздух Suspension RF Воздух Spring Соленоид Выход Цепь Обрыв","Воздух Suspension RF Воздух Spring Соленоид Выход Цепь Обрыв",
"C1875","C","base-only","Воздух Suspension RF Воздух Spring Соленоид Выход Цепь Короткое замыкание на батарею","Воздух Suspension RF Воздух Spring Соленоид Выход Цепь Короткое замыкание на батарею",
"C1876","C","base-only","Воздух Suspension RF Воздух Spring Соленоид Выход Цепь Короткое замыкание на массу","Воздух Suspension RF Воздух Spring Соленоид Выход Цепь Короткое замыкание на массу",
"C1877","C","base-only","Воздух Suspension LF Воздух Spring Соленоид Выход Цепь Failure","Воздух Suspension LF Воздух Spring Соленоид Выход Цепь Failure",
"C1878","C","base-only","Воздух Suspension LF Воздух Spring Соленоид Выход Цепь Обрыв","Воздух Suspension LF Воздух Spring Соленоид Выход Цепь Обрыв",
"C1879","C","base-only","Воздух Suspension LF Воздух Spring Соленоид Выход Цепь Короткое замыкание на батарею","Воздух Suspension LF Воздух Spring Соленоид Выход Цепь Короткое замыкание на батарею",
"C1880","C","base-only","Воздух Suspension LF Воздух Spring Соленоид Выход Цепь Короткое замыкание на массу","Воздух Suspension LF Воздух Spring Соленоид Выход Цепь Короткое замыкание на массу",
"C1881","C","base-only","Воздух Suspension RF Height Датчик Цепь Failure","Воздух Suspension RF Height Датчик Цепь Failure",
"C1882","C","base-only","Воздух Suspension RF Height Датчик Цепь Обрыв","Воздух Suspension RF Height Датчик Цепь Обрыв",
"C1883","C","base-only","Воздух Suspension RF Height Датчик Цепь Короткое замыкание на батарею","Воздух Suspension RF Height Датчик Цепь Короткое замыкание на батарею",
"C1884","C","base-only","Воздух Suspension RF Height Датчик Цепь Короткое замыкание на массу","Воздух Suspension RF Height Датчик Цепь Короткое замыкание на массу",
"C1885","C","base-only","Воздух Suspension RR Height Датчик Цепь Failure","Воздух Suspension RR Height Датчик Цепь Failure",
"C1886","C","base-only","Воздух Suspension RR Height Датчик Цепь Обрыв","Воздух Suspension RR Height Датчик Цепь Обрыв",
"C1887","C","base-only","Воздух Suspension RR Height Датчик Цепь Короткое замыкание на батарею","Воздух Suspension RR Height Датчик Цепь Короткое замыкание на батарею",
"C1888","C","base-only","Воздух Suspension RR Height Датчик Цепь Короткое замыкание на массу","Воздух Suspension RR Height Датчик Цепь Короткое замыкание на массу",
"C1889","C","base-only","Воздух Suspension LF Height Датчик Цепь Failure","Воздух Suspension LF Height Датчик Цепь Failure",
"C1890","C","base-only","Воздух Suspension LF Height Датчик Цепь Обрыв","Воздух Suspension LF Height Датчик Цепь Обрыв",
"C1891","C","base-only","Воздух Suspension LF Height Датчик Цепь Короткое замыкание на батарею","Воздух Suspension LF Height Датчик Цепь Короткое замыкание на батарею",
"C1892","C","base-only","Воздух Suspension LF Height Датчик Цепь Короткое замыкание на массу","Воздух Suspension LF Height Датчик Цепь Короткое замыкание на массу",
"C1893","C","base-only","Воздух Suspension LR Height Датчик Цепь Failure","Воздух Suspension LR Height Датчик Цепь Failure",
"C1894","C","base-only","Воздух Suspension LR Height Датчик Цепь Обрыв","Воздух Suspension LR Height Датчик Цепь Обрыв",
"C1895","C","base-only","Воздух Suspension LR Height Датчик Цепь Короткое замыкание на батарею","Воздух Suspension LR Height Датчик Цепь Короткое замыкание на батарею",
"C1896","C","base-only","Воздух Suspension LR Height Датчик Цепь Короткое замыкание на массу","Воздух Suspension LR Height Датчик Цепь Короткое замыкание на массу",
"C1897","C","base-only","Steering VAPS II Цепь Контур Failure","Steering VAPS II Цепь Контур Failure",
"C1898","C","base-only","Steering VAPS II Цепь Контур Обрыв","Steering VAPS II Цепь Контур Обрыв",
"C1899","C","base-only","Steering VAPS II Цепь Контур Короткое замыкание на батарею","Steering VAPS II Цепь Контур Короткое замыкание на батарею",
"C1900","C","base-only","Steering VAPS II Цепь Контур Короткое замыкание на массу","Steering VAPS II Цепь Контур Короткое замыкание на массу",
"C1901","C","base-only","Ride Управление RR Shock Привод Цепь Failure","Ride Управление RR Shock Привод Цепь Failure",
"C1902","C","base-only","Ride Управление RR Shock Привод Цепь Обрыв","Ride Управление RR Shock Привод Цепь Обрыв",
"C1903","C","base-only","Ride Управление RR Shock Привод Цепь Короткое замыкание на батарею","Ride Управление RR Shock Привод Цепь Короткое замыкание на батарею",
"C1904","C","base-only","Ride Управление RR Shock Привод Цепь Короткое замыкание на массу","Ride Управление RR Shock Привод Цепь Короткое замыкание на массу",
"C1905","C","base-only","Ride Управление LR Shock Привод Цепь Failure","Ride Управление LR Shock Привод Цепь Failure",
"C1906","C","base-only","Ride Управление LR Shock Привод Цепь Обрыв","Ride Управление LR Shock Привод Цепь Обрыв",
"C1907","C","base-only","Ride Управление LR Shock Привод Цепь Короткое замыкание на батарею","Ride Управление LR Shock Привод Цепь Короткое замыкание на батарею",
"C1908","C","base-only","Ride Управление LR Shock Привод Цепь Короткое замыкание на массу","Ride Управление LR Shock Привод Цепь Короткое замыкание на массу",
"C1909","C","base-only","Ride Управление RF Shock Привод Цепь Failure","Ride Управление RF Shock Привод Цепь Failure",
"C1910","C","base-only","Ride Управление RF Shock Привод Цепь Обрыв","Ride Управление RF Shock Привод Цепь Обрыв",
"C1911","C","base-only","Ride Управление RF Shock Привод Цепь Короткое замыкание на батарею","Ride Управление RF Shock Привод Цепь Короткое замыкание на батарею",
"C1912","C","base-only","Ride Управление RF Shock Привод Цепь Короткое замыкание на массу","Ride Управление RF Shock Привод Цепь Короткое замыкание на массу",
"C1913","C","base-only","Ride Управление LF Shock Привод Цепь Failure","Ride Управление LF Shock Привод Цепь Failure",
"C1914","C","base-only","Ride Управление LF Shock Привод Цепь Обрыв","Ride Управление LF Shock Привод Цепь Обрыв",
"C1915","C","base-only","Ride Управление LF Shock Привод Цепь Короткое замыкание на батарею","Ride Управление LF Shock Привод Цепь Короткое замыкание на батарею",
"C1916","C","base-only","Ride Управление LF Shock Привод Цепь Короткое замыкание на массу","Ride Управление LF Shock Привод Цепь Короткое замыкание на массу",
"C1917","C","base-only","Steering EVO Out-of-Range Fault","Steering EVO Out-of-Range Fault",
"C1918","C","base-only","Воздух Suspension Ride Height Select Switch Цепь Failure","Воздух Suspension Ride Height Select Switch Цепь Failure",
"C1920","C","base-only","Led #1 Цепь Failure","Led #1 Цепь Failure",
"C1921","C","base-only","VAPS Соленоид Привод Выход Цепь Failure","VAPS Соленоид Привод Выход Цепь Failure",
"C1922","C","base-only","VAPS Соленоид Привод Выход Цепь Обрыв","VAPS Соленоид Привод Выход Цепь Обрыв",
"C1923","C","base-only","VAPS Соленоид Привод Выход Цепь Короткое замыкание на батарею","VAPS Соленоид Привод Выход Цепь Короткое замыкание на батарею",
"C1924","C","base-only","VAPS Соленоид Привод Выход Цепь Короткое замыкание на массу","VAPS Соленоид Привод Выход Цепь Короткое замыкание на массу",
"C1925","C","base-only","VAPS Соленоид Привод Return Цепь Failure","VAPS Соленоид Привод Return Цепь Failure",
"C1926","C","base-only","VAPS Соленоид Привод Return Цепь Обрыв","VAPS Соленоид Привод Return Цепь Обрыв",
"C1927","C","base-only","VAPS Соленоид Привод Return Цепь Короткое замыкание на батарею","VAPS Соленоид Привод Return Цепь Короткое замыкание на батарею",
"C1928","C","base-only","VAPS Соленоид Привод Return Цепь Короткое замыкание на массу","VAPS Соленоид Привод Return Цепь Короткое замыкание на массу",
"C1929","C","base-only","Воздух Suspension Front Compressor Relay Цепь Failure","Воздух Suspension Front Compressor Relay Цепь Failure",
"C1930","C","base-only","Воздух Suspension Front Compressor Relay Цепь Обрыв","Воздух Suspension Front Compressor Relay Цепь Обрыв",
"C1931","C","base-only","Воздух Suspension Front Compressor Relay Цепь Короткое замыкание на батарею","Воздух Suspension Front Compressor Relay Цепь Короткое замыкание на батарею",
"C1932","C","base-only","Воздух Suspension Front Compressor Relay Цепь Короткое замыкание на массу","Воздух Suspension Front Compressor Relay Цепь Короткое замыкание на массу",
"C1933","C","base-only","Соленоид Current Out Of Range","Соленоид Current Out Of Range",
"C1934","C","base-only","HPU (Hydraulic Насос Unit) Pressurisation Failure","HPU (Hydraulic Насос Unit) Pressurisation Failure",
"C1935","C","base-only","Chime Цепь Failure","Chime Цепь Failure",
"C1936","C","base-only","Hydraulic Насос Relay Цепь Failure","Hydraulic Насос Relay Цепь Failure",
"C1937","C","base-only","Steering Wheel Angle Датчик Offset Failure","Steering Wheel Angle Датчик Offset Failure",
"C1938","C","base-only","Неверный Steering Wheel Angle Датчик ID","Неверный Steering Wheel Angle Датчик ID",
"C1939","C","base-only","Brake Давление Switch Вход Цепь Failure","Brake Давление Switch Вход Цепь Failure",
"C1940","C","base-only","Brake Давление Switch Mechanical Failure","Brake Давление Switch Mechanical Failure",
"C1942","C","base-only","Unrecognized Силовой агрегат Configuration","Unrecognized Силовой агрегат Configuration",
"C1943","C","base-only","Airbag Срабатывание Indication Вход Fault","Airbag Срабатывание Indication Вход Fault",
"C1944","C","base-only","Gauge Водитель Цепь Fault","Gauge Водитель Цепь Fault",
"C1945","C","base-only","Park Switch Indicates Park with Автомобиль Moving","Park Switch Indicates Park with Автомобиль Moving",
"C1946","C","base-only","Сиденье Track Положение Switch Цепь Обрыв","Сиденье Track Положение Switch Цепь Обрыв",
"C1947","C","base-only","Сиденье Track Положение Switch Цепь Короткое замыкание на массу","Сиденье Track Положение Switch Цепь Короткое замыкание на массу",
"C1948","C","base-only","Сиденье Track Положение Switch Цепь Сопротивление Out of Range","Сиденье Track Положение Switch Цепь Сопротивление Out of Range",
"C1949","C","base-only","Accelerometer Датчик Цепь Обрыв","Accelerometer Датчик Цепь Обрыв",
"C1950","C","base-only","Accelerometer Датчик Цепь Failure","Accelerometer Датчик Цепь Failure",
"C1951","C","base-only","Lateral Accelerometer Датчик Цепь Обрыв","Lateral Accelerometer Датчик Цепь Обрыв",
"C1952","C","base-only","Yaw Расход Датчик Цепь Обрыв","Yaw Расход Датчик Цепь Обрыв",
"C1953","C","base-only","Master Цилиндр Давление Датчик Цепь Обрыв","Master Цилиндр Давление Датчик Цепь Обрыв",
"C1954","C","base-only","Master Цилиндр Давление Датчик Цепь Failure","Master Цилиндр Давление Датчик Цепь Failure",
"C1955","C","base-only","Steering Angle Датчик Цепь Обрыв","Steering Angle Датчик Цепь Обрыв",
"C1956","C","base-only","Steering Angle Датчик Цепь Failure","Steering Angle Датчик Цепь Failure",
"C1957","C","base-only","Dynamic Stability Управление Клапан RF Цепь Failure","Dynamic Stability Управление Клапан RF Цепь Failure",
"C1958","C","base-only","Dynamic Stability Управление Клапан LF Цепь Failure","Dynamic Stability Управление Клапан LF Цепь Failure",
"C1959","C","base-only","Lateral Accelerometer Датчик Цепь Failure","Lateral Accelerometer Датчик Цепь Failure",
"C1960","C","base-only","Водитель Brake Apply Цепь Fault","Водитель Brake Apply Цепь Fault",
"C1961","C","base-only","Park Лампа Relay Катушка Цепь Failure","Park Лампа Relay Катушка Цепь Failure",
"C1962","C","base-only","Park Лампа Relay Катушка Короткое замыкание на батарею","Park Лампа Relay Катушка Короткое замыкание на батарею",
"C1963","C","base-only","Stability Управление Inhibit Warning","Stability Управление Inhibit Warning",
"P0000","P","base-only","Нет кода неисправности","Нет кода неисправности",
"P0001","P","base-only","Топливо Объем Регулятор Управление Цепь / Обрыв","Топливо Объем Регулятор Управление Цепь / Обрыв",
"P0002","P","both","Топливо Объем Регулятор Управление Цепь Диапазон/Производительность","Топливо Объем Регулятор Управление Цепь Диапазон/Производительность","Топливо Объем Регулятор Управление Цепь Диапазон/Производительность"
"P0003","P","both","Топливо Объем Регулятор Управление Цепь Низкий","Топливо Объем Регулятор Управление Цепь Низкий","Топливо Объем Регулятор Управление Цепь Низкий"
"P0004","P","both","Топливо Объем Регулятор Управление Цепь Высокий","Топливо Объем Регулятор Управление Цепь Высокий","Топливо Объем Регулятор Управление Цепь Высокий"
"P0005","P","both","Топливо Отключение Клапан Управление Цепь / Обрыв","Топливо Отключение Клапан Управление Цепь / Обрыв","Топливо Отключение Клапан "
"P0006","P","both","Топливо Отключение Клапан Управление Цепь Низкий","Топливо Отключение Клапан Управление Цепь Низкий","Топливо Отключение Клапан "
"P0007","P","both","Топливо Отключение Клапан Управление Цепь Высокий","Топливо Отключение Клапан Управление Цепь Высокий","Топливо Отключение Клапан "
"P0008","P","both","Двигатель Положение Система Производительность - Ряд 1","Двигатель Положение Система Производительность - Ряд 1","Двигатель Положение Система Производительность"
"P0009","P","both","Двигатель Положение Система Производительность - Ряд 1","Двигатель Положение Система Производительность - Ряд 1","Двигатель Положение Система Производительность"
"P0010","P","both","Впуск Распредвал Положение Привод Цепь / Обрыв (Ряд 1)","Впуск Распредвал Положение Привод Цепь / Обрыв (Ряд 1)","A"
"P0011","P","both","Впуск Распредвал Положение Синхронизация - Слишком ранний (Ряд 1)","Впуск Распредвал Положение Синхронизация - Слишком ранний (Ряд 1)","A"
"P0012","P","both","Впуск Распредвал Положение Синхронизация - Слишком поздний (Ряд 1)","Впуск Распредвал Положение Синхронизация - Слишком поздний (Ряд 1)","A"
"P0013","P","both","Выхлоп Распредвал Положение Привод Цепь / Обрыв (Ряд 1)","Выхлоп Распредвал Положение Привод Цепь / Обрыв (Ряд 1)","B"
"P0014","P","both","Выхлоп Распредвал Положение Синхронизация - Слишком ранний (Ряд 1)","Выхлоп Распредвал Положение Синхронизация - Слишком ранний (Ряд 1)","B"
"P0015","P","both","Выхлоп Распредвал Положение Синхронизация - Слишком поздний (Ряд 1)","Выхлоп Распредвал Положение Синхронизация - Слишком поздний (Ряд 1)","B"
"P0016","P","both","Коленвал Положение Распредвал Положение Корреляция Ряд 1 Датчик A","Коленвал Положение Распредвал Положение Корреляция Ряд 1 Датчик A","Коленвал Положение - Распредвал Положение Корреляция"
"P0017","P","both","Коленвал Положение Распредвал Положение Корреляция Ряд 1 Датчик B","Коленвал Положение Распредвал Положение Корреляция Ряд 1 Датчик B","Коленвал Положение - Распредвал Положение Корреляция"
"P0018","P","both","Коленвал Положение Распредвал Положение Корреляция Ряд 2 Датчик A","Коленвал Положение Распредвал Положение Корреляция Ряд 2 Датчик A","Коленвал Положение - Распредвал Положение Корреляция"
"P0019","P","both","Коленвал Положение Распредвал Положение Корреляция Ряд 2 Датчик B","Коленвал Положение Распредвал Положение Корреляция Ряд 2 Датчик B","Коленвал Положение - Распредвал Положение Корреляция"
"P0020","P","both","Впуск Распредвал Положение Привод Цепь / Обрыв (Ряд 2)","Впуск Распредвал Положение Привод Цепь / Обрыв (Ряд 2)","A"
"P0021","P","both","Впуск Распредвал Положение Синхронизация - Слишком ранний (Ряд 2)","Впуск Распредвал Положение Синхронизация - Слишком ранний (Ряд 2)","A"
"P0022","P","both","Впуск Распредвал Положение Синхронизация - Слишком поздний (Ряд 2)","Впуск Распредвал Положение Синхронизация - Слишком поздний (Ряд 2)","A"
"P0023","P","both","Выхлоп Распредвал Положение Привод Цепь / Обрыв (Ряд 2)","Выхлоп Распредвал Положение Привод Цепь / Обрыв (Ряд 2)","B"
"P0024","P","both","Выхлоп Распредвал Положение Синхронизация - Слишком ранний (Ряд 2)","Выхлоп Распредвал Положение Синхронизация - Слишком ранний (Ряд 2)","B"
"P0025","P","both","Выхлоп Распредвал Положение Синхронизация - Слишком поздний (Ряд 2)","Выхлоп Распредвал Положение Синхронизация - Слишком поздний (Ряд 2)","B"
"P0026","P","both","Впуск Клапан Управление Соленоид Цепь Диапазон/Производительность (Ряд 2)","Впуск Клапан Управление Соленоид Цепь Диапазон/Производительность (Ряд 2)","Впуск Клапан Управление Соленоид Цепь Диапазон/Производительность"
"P0027","P","both","Выхлоп Клапан Управление Соленоид Цепь Диапазон/Производительность (Ряд 2)","Выхлоп Клапан Управление Соленоид Цепь Диапазон/Производительность (Ряд 2)","Выхлоп Клапан Управление Соленоид Цепь Диапазон/Производительность"
"P0028","P","both","Впуск Клапан Управление Соленоид Цепь Диапазон/Производительность (Ряд 2)","Впуск Клапан Управление Соленоид Цепь Диапазон/Производительность (Ряд 2)","Впуск Клапан Управление Соленоид Цепь Диапазон/Производительность"
"P0029","P","both","Выхлоп Клапан Управление Соленоид Цепь Диапазон/Производительность (Ряд 2)","Выхлоп Клапан Управление Соленоид Цепь Диапазон/Производительность (Ряд 2)","Выхлоп Клапан Управление Соленоид Цепь Диапазон/Производительность"
"P0030","P","both","Нагреваемый датчик кислорода (H02S) Нагреватель Управление Цепь Ряд 1 Датчик 1","Нагреваемый датчик кислорода (H02S) Нагреватель Управление Цепь Ряд 1 Датчик 1","HO2S Нагреватель Управление Цепь"
"P0031","P","both","Нагреваемый датчик кислорода (HO2S) Нагреватель Цепь Низкий Напряжение Ряд 1 Датчик 1","Нагреваемый датчик кислорода (HO2S) Нагреватель Цепь Низкий Напряжение Ряд 1 Датчик 1","HO2S Нагреватель Управление Цепь Низкий"
"P0032","P","both","Нагреваемый датчик кислорода (HO2S) Нагреватель Цепь Высокий Напряжение Ряд 1 Датчик 1","Нагреваемый датчик кислорода (HO2S) Нагреватель Цепь Высокий Напряжение Ряд 1 Датчик 1","HO2S Нагреватель Управление Цепь Высокий"
"P0033","P","both","Турбо/Нагнетатель Байпас Клапан Управление Цепь / Обрыв","Турбо/Нагнетатель Байпас Клапан Управление Цепь / Обрыв","Турбо Charger Байпас Клапан Управление Цепь"
"P0034","P","both","Турбо/Нагнетатель Байпас Клапан Управление Цепь Низкий","Турбо/Нагнетатель Байпас Клапан Управление Цепь Низкий","Турбо Charger Байпас Клапан Управление Цепь Низкий"
"P0035","P","both","Турбо/Нагнетатель Байпас Клапан Управление Цепь Высокий","Турбо/Нагнетатель Байпас Клапан Управление Цепь Высокий","Турбо Charger Байпас Клапан Управление Цепь Высокий"
"P0036","P","both","Нагреваемый датчик кислорода (HO2S) Нагреватель Управление Цепь Ряд 1 Датчик 2","Нагреваемый датчик кислорода (HO2S) Нагреватель Управление Цепь Ряд 1 Датчик 2","HO2S Нагреватель Управление Цепь"
"P0037","P","both","Нагреваемый датчик кислорода (HO2S) Нагреватель Цепь Низкий Напряжение Ряд 1 Датчик 2","Нагреваемый датчик кислорода (HO2S) Нагреватель Цепь Низкий Напряжение Ряд 1 Датчик 2","HO2S Нагреватель Управление Цепь Низкий"
"P0038","P","both","Нагреваемый датчик кислорода (HO2S) Нагреватель Цепь Высокий Напряжение Ряд 1 Датчик 2","Нагреваемый датчик кислорода (HO2S) Нагреватель Цепь Высокий Напряжение Ряд 1 Датчик 2","HO2S Нагреватель Управление Цепь Высокий"
"P0039","P","both","Турбо/Нагнетатель Байпас Клапан Управление Цепь Диапазон/Производительность","Турбо/Нагнетатель Байпас Клапан Управление Цепь Диапазон/Производительность","Турбо/Нагнетатель Байпас Клапан Управление Цепь Диапазон/Производительность"
"P0040","P","both","датчик кислорода Сигналы перепутаны Ряд 1 Датчик 1 / Ряд 2 Датчик 1","датчик кислорода Сигналы перепутаны Ряд 1 Датчик 1 / Ряд 2 Датчик 1","O2 Датчик Сигналы перепутаны Ряд 1 Датчик 1/ Ряд 2 Датчик 1"
"P0041","P","both","датчик кислорода Сигналы перепутаны Ряд 1 Датчик 2 / Ряд 2 Датчик 2","датчик кислорода Сигналы перепутаны Ряд 1 Датчик 2 / Ряд 2 Датчик 2","O2 Датчик Сигналы перепутаны Ряд 1 Датчик 2/ Ряд 2 Датчик 2"
"P0042","P","both","HO2S Нагреватель Управление Цепь (Ряд 1, Датчик 3)","HO2S Нагреватель Управление Цепь (Ряд 1, Датчик 3)","HO2S Нагреватель Управление Цепь"
"P0043","P","both","HO2S Нагреватель Управление Цепь Низкий (Ряд 1, Датчик 3)","HO2S Нагреватель Управление Цепь Низкий (Ряд 1, Датчик 3)","HO2S Нагреватель Управление Цепь Низкий"
"P0044","P","both","HO2S Нагреватель Управление Цепь Высокий (Ряд 1, Датчик 3)","HO2S Нагреватель Управление Цепь Высокий (Ряд 1, Датчик 3)","HO2S Нагреватель Управление Цепь Высокий"
"P0045","P","app-only","Турбо/Нагнетатель Наддув Управление Соленоид Цепь/Обрыв",,"Турбо/Нагнетатель Наддув Управление Соленоид Цепь/Обрыв"
"P0046","P","both","Турбонагнетатель/Нагнетатель Наддув Управление 'A' Цепь Диапазон/Производительность","Турбонагнетатель/Нагнетатель Наддув Управление 'A' Цепь Диапазон/Производительность","Турбо/Нагнетатель Наддув Управление Соленоид Цепь Диапазон/Производительность"
"P0047","P","both","Турбонагнетатель/Нагнетатель Наддув Управление 'A' Цепь Низкий","Турбонагнетатель/Нагнетатель Наддув Управление 'A' Цепь Низкий","Турбо/Нагнетатель Наддув Управление Соленоид Цепь Низкий"
"P0048","P","both","Турбонагнетатель/Нагнетатель Наддув Управление 'A' Цепь Высокий","Турбонагнетатель/Нагнетатель Наддув Управление 'A' Цепь Высокий","Турбо/Нагнетатель Наддув Управление Соленоид Цепь Высокий"
"P0049","P","both","Турбо/Нагнетатель Турбина Превышение скорости","Турбо/Нагнетатель Турбина Превышение скорости","Турбо/Нагнетатель Турбина Превышение скорости"
"P0050","P","both","Нагреваемый датчик кислорода (HO2S) Нагреватель Цепь Ряд 2 Датчик 1","Нагреваемый датчик кислорода (HO2S) Нагреватель Цепь Ряд 2 Датчик 1","HO2S Нагреватель Управление Цепь"
"P0051","P","both","Нагреваемый датчик кислорода (HO2S) Нагреватель Цепь Низкий Напряжение Ряд 2 Датчик 1","Нагреваемый датчик кислорода (HO2S) Нагреватель Цепь Низкий Напряжение Ряд 2 Датчик 1","HO2S Нагреватель Управление Цепь Низкий"
"P0052","P","both","Нагреваемый датчик кислорода (HO2S) Нагреватель Цепь Высокий Напряжение Ряд 2 Датчик 1","Нагреваемый датчик кислорода (HO2S) Нагреватель Цепь Высокий Напряжение Ряд 2 Датчик 1","HO2S Нагреватель Управление Цепь Высокий"
"P0053","P","both","HO2S Нагреватель Сопротивление Ряд 1 Датчик 1 (Блок управления двигателем)","HO2S Нагреватель Сопротивление Ряд 1 Датчик 1 (Блок управления двигателем)","HO2S Нагреватель Сопротивление"
"P0054","P","both","HO2S Нагреватель Сопротивление Ряд 1 Датчик 2 (Блок управления двигателем)","HO2S Нагреватель Сопротивление Ряд 1 Датчик 2 (Блок управления двигателем)","HO2S Нагреватель Сопротивление"
"P0055","P","both","HO2S Нагреватель Сопротивление Ряд 1 Датчик 3 (Блок управления двигателем)","HO2S Нагреватель Сопротивление Ряд 1 Датчик 3 (Блок управления двигателем)","HO2S Нагреватель Сопротивление"
"P0056","P","both","Нагреваемый датчик кислорода (HO2S) Нагреватель Цепь Ряд 2 Датчик 2","Нагреваемый датчик кислорода (HO2S) Нагреватель Цепь Ряд 2 Датчик 2","HO2S Нагреватель Управление Цепь"
"P0057","P","both","Нагреваемый датчик кислорода (HO2S) Нагреватель Цепь Низкий Напряжение Ряд 2 Датчик 2","Нагреваемый датчик кислорода (HO2S) Нагреватель Цепь Низкий Напряжение Ряд 2 Датчик 2","HO2S Нагреватель Управление Цепь Низкий"
"P0058","P","both","Нагреваемый датчик кислорода (HO2S) Нагреватель Цепь Высокий Напряжение Ряд 2 Датчик 2","Нагреваемый датчик кислорода (HO2S) Нагреватель Цепь Высокий Напряжение Ряд 2 Датчик 2","HO2S Нагреватель Управление Цепь Высокий"
"P0059","P","both","HO2S Нагреватель Сопротивление (Ряд 2, Датчик 1)","HO2S Нагреватель Сопротивление (Ряд 2, Датчик 1)","HO2S Нагреватель Сопротивление"
"P0060","P","both","HO2S Нагреватель Сопротивление (Ряд 2, Датчик 2)","HO2S Нагреватель Сопротивление (Ряд 2, Датчик 2)","HO2S Нагреватель Сопротивление"
"P0061","P","both","HO2S Нагреватель Сопротивление (Ряд 2, Датчик 3)","HO2S Нагреватель Сопротивление (Ряд 2, Датчик 3)","HO2S Нагреватель Сопротивление"
"P0062","P","both","HO2S Нагреватель Управление Цепь (Ряд 2, Датчик 3)","HO2S Нагреватель Управление Цепь (Ряд 2, Датчик 3)","HO2S Нагреватель Управление Цепь"
"P0063","P","both","HO2S Нагреватель Управление Цепь Низкий (Ряд 2, Датчик 3)","HO2S Нагреватель Управление Цепь Низкий (Ряд 2, Датчик 3)","HO2S Нагреватель Управление Цепь Низкий"
"P0064","P","both","HO2S Нагреватель Управление Цепь Высокий (Ряд 2, Датчик 3)","HO2S Нагреватель Управление Цепь Высокий (Ряд 2, Датчик 3)","HO2S Нагреватель Управление Цепь Высокий"
"P0065","P","both","С воздушной поддержкой Форсунка Управление Диапазон/Производительность","С воздушной поддержкой Форсунка Управление Диапазон/Производительность","С воздушной поддержкой Форсунка Управление Диапазон/Производительность"
"P0066","P","both","С воздушной поддержкой Форсунка Управление Цепь или цепь Низкий","С воздушной поддержкой Форсунка Управление Цепь или цепь Низкий","С воздушной поддержкой Форсунка Управление Цепь или цепь Низкий"
"P0067","P","both","С воздушной поддержкой Форсунка Управление Цепь или цепь Высокий","С воздушной поддержкой Форсунка Управление Цепь или цепь Высокий","С воздушной поддержкой Форсунка Управление Цепь Высокий"
"P0068","P","both","Датчик абсолютного давления / Расходомер воздуха - Положение дроссельной заслонки Корреляция","Датчик абсолютного давления / Расходомер воздуха - Положение дроссельной заслонки Корреляция","Датчик абсолютного давления/Расходомер воздуха - Положение дроссельной заслонки Корреляция"
"P0069","P","both","Датчик абсолютного давления - Барометрическое Давление Корреляция","Датчик абсолютного давления - Барометрическое Давление Корреляция","Коллектор Абсолютное Давление - Барометрическое Давление Корреляция"
"P0070","P","both","Окружающая среда Воздух Температура Датчик Цепь","Окружающая среда Воздух Температура Датчик Цепь","Окружающая среда Воздух Температура Датчик Цепь"
"P0071","P","both","Окружающая среда Воздух Температура Датчик Диапазон/Производительность","Окружающая среда Воздух Температура Датчик Диапазон/Производительность","Окружающая среда Воздух Температура Датчик Диапазон/Производительность"
"P0072","P","both","Окружающая среда Воздух Температура Датчик Цепь Низкий Вход","Окружающая среда Воздух Температура Датчик Цепь Низкий Вход","Окружающая среда Воздух Температура Датчик Цепь Низкий"
"P0073","P","both","Окружающая среда Воздух Температура Датчик Цепь Высокий Вход","Окружающая среда Воздух Температура Датчик Цепь Высокий Вход","Окружающая среда Воздух Температура Датчик Цепь Высокий"
"P0074","P","both","Окружающая среда Воздух Температура Датчик Цепь Прерывистый/Нестабильный","Окружающая среда Воздух Температура Датчик Цепь Прерывистый/Нестабильный","Окружающая среда Воздух Температура Датчик Цепь Прерывистый"
"P0075","P","both","Впуск Клапан Управление Цепь (Ряд 2)","Впуск Клапан Управление Цепь (Ряд 2)","Впуск Клапан Управление Соленоид Цепь"
"P0076","P","both","Впуск Клапан Управление Цепь Низкий (Ряд 2)","Впуск Клапан Управление Цепь Низкий (Ряд 2)","Впуск Клапан Управление Соленоид Цепь Низкий"
"P0077","P","both","Впуск Клапан Управление Цепь Высокий (Ряд 2)","Впуск Клапан Управление Цепь Высокий (Ряд 2)","Впуск Клапан Управление Соленоид Цепь Высокий"
"P0078","P","both","Выхлоп Клапан Управление Цепь (Ряд 2)","Выхлоп Клапан Управление Цепь (Ряд 2)","Выхлоп Клапан Управление Соленоид Цепь"
"P0079","P","both","Выхлоп Клапан Управление Цепь Низкий (Ряд 2)","Выхлоп Клапан Управление Цепь Низкий (Ряд 2)","Выхлоп Клапан Управление Соленоид Цепь Низкий"
"P0080","P","both","Выхлоп Клапан Управление Цепь Высокий (Ряд 2)","Выхлоп Клапан Управление Цепь Высокий (Ряд 2)","Выхлоп Клапан Управление Соленоид Цепь Высокий"
"P0081","P","both","Впуск Клапан Управление Цепь (Ряд 2)","Впуск Клапан Управление Цепь (Ряд 2)","Впуск Клапан Управление Соленоид Цепь"
"P0082","P","both","Впуск Клапан Управление Цепь Низкий (Ряд 2)","Впуск Клапан Управление Цепь Низкий (Ряд 2)","Впуск Клапан Управление Соленоид Цепь Низкий"
"P0083","P","both","Впуск Клапан Управление Цепь Высокий (Ряд 2)","Впуск Клапан Управление Цепь Высокий (Ряд 2)","Впуск Клапан Управление Соленоид Цепь Высокий"
"P0084","P","both","Выхлоп Клапан Управление Цепь (Ряд 2)","Выхлоп Клапан Управление Цепь (Ряд 2)","Выхлоп Клапан Управление Соленоид Цепь"
"P0085","P","both","Выхлоп Клапан Управление Цепь Низкий (Ряд 2)","Выхлоп Клапан Управление Цепь Низкий (Ряд 2)","Выхлоп Клапан Управление Соленоид Цепь Низкий"
"P0086","P","both","Выхлоп Клапан Управление Цепь Высокий (Ряд 2)","Выхлоп Клапан Управление Цепь Высокий (Ряд 2)","Выхлоп Клапан Управление Соленоид Цепь Высокий"
"P0087","P","both","Топливо Рампа/Система Давление - Слишком низкий","Топливо Рампа/Система Давление - Слишком низкий","Топливо Рампа/Система Давление - Слишком низкий"
"P0088","P","both","Топливо Рампа/Система Давление - Слишком высокий","Топливо Рампа/Система Давление - Слишком высокий","Топливо Рампа/Система Давление - Слишком высокий"
"P0089","P","both","Давление топлива Регулятор Производительность","Давление топлива Регулятор Производительность","Давление топлива Регулятор 1 Производительность"
"P0090","P","both","Давление топлива Регулятор Управление Цепь","Давление топлива Регулятор Управление Цепь","Давление топлива Регулятор 1 Управление Цепь"
"P0091","P","both","Давление топлива Регулятор Управление Цепь Низкий","Давление топлива Регулятор Управление Цепь Низкий","Давление топлива Регулятор 1 Управление Цепь Низкий"
"P0092","P","both","Давление топлива Регулятор Управление Цепь Высокий","Давление топлива Регулятор Управление Цепь Высокий","Давление топлива Регулятор 1 Управление Цепь Высокий"
"P0093","P","both","Топливная система Утечка Обнаружен - Большая утечка","Топливная система Утечка Обнаружен - Большая утечка","Топливная система Утечка Обнаружен - Большая утечка"
"P0094","P","both","Топливная система Утечка Обнаружен - Малая утечка","Топливная система Утечка Обнаружен - Малая утечка","Топливная система Утечка Обнаружен - Малая утечка"
"P0095","P","both","Температура впускного воздуха Датчик 2 Цепь","Температура впускного воздуха Датчик 2 Цепь","Температура впускного воздуха Датчик 2 Цепь"
"P0096","P","both","Температура впускного воздуха Датчик 2 Цепь Диапазон/Производительность","Температура впускного воздуха Датчик 2 Цепь Диапазон/Производительность","Температура впускного воздуха Датчик 2 Цепь Диапазон/Производительность"
"P0097","P","both","Температура впускного воздуха Датчик 2 Цепь Низкий Вход","Температура впускного воздуха Датчик 2 Цепь Низкий Вход","Температура впускного воздуха Датчик 2 Цепь Низкий"
"P0098","P","both","Температура впускного воздуха Датчик 2 Цепь Высокий Вход","Температура впускного воздуха Датчик 2 Цепь Высокий Вход","Температура впускного воздуха Датчик 2 Цепь Высокий"
"P0099","P","both","Температура впускного воздуха Датчик 2 Цепь Прерывистый/Нестабильный","Температура впускного воздуха Датчик 2 Цепь Прерывистый/Нестабильный","Температура впускного воздуха Датчик 2 Цепь Прерывистый/Нестабильный"
"P0100","P","both","Массовый or Объем Воздух Поток Цепь Неисправность","Массовый or Объем Воздух Поток Цепь Неисправность","Массовый or Объем Воздух Поток Цепь"
"P0101","P","both","Массовый or Объем Воздух Поток Цепь Диапазон/Производительность Problem","Массовый or Объем Воздух Поток Цепь Диапазон/Производительность Problem","Массовый or Объем Воздух Поток Цепь Диапазон/Производительность"
"P0102","P","both","Массовый or Объем Воздух Поток Цепь Низкий Вход","Массовый or Объем Воздух Поток Цепь Низкий Вход","Массовый or Объем Воздух Поток Цепь Низкий Вход"
"P0103","P","both","Массовый or Объем Воздух Поток Цепь Высокий Вход","Массовый or Объем Воздух Поток Цепь Высокий Вход","Массовый or Объем Воздух Поток Цепь Высокий Вход"
"P0104","P","both","Массовый or Объем Воздух Поток Цепь Прерывистый","Массовый or Объем Воздух Поток Цепь Прерывистый","Массовый or Объем Воздух Поток Цепь Прерывистый"
"P0105","P","both","Коллектор Абсолютное Давление/Барометрическое Давление Цепь Неисправность","Коллектор Абсолютное Давление/Барометрическое Давление Цепь Неисправность","Коллектор Абсолютное Давление/Барометрическое Давление Цепь"
"P0106","P","both","Коллектор Абсолютное Давление/Барометрическое Давление Цепь Диапазон/Производительность Problem","Коллектор Абсолютное Давление/Барометрическое Давление Цепь Диапазон/Производительность Problem","Коллектор Абсолютное Давление/Барометрическое Давление Цепь Диапазон/Производительность"
"P0107","P","both","Коллектор Абсолютное Давление/Барометрическое Давление Цепь Низкий Вход","Коллектор Абсолютное Давление/Барометрическое Давление Цепь Низкий Вход","Коллектор Абсолютное Давление/Барометрическое Давление Цепь Низкий Вход"
"P0108","P","both","Коллектор Абсолютное Давление/Барометрическое Давление Цепь Высокий Вход","Коллектор Абсолютное Давление/Барометрическое Давление Цепь Высокий Вход","Коллектор Абсолютное Давление/Барометрическое Давление Цепь Высокий Вход"
"P0109","P","both","Коллектор Абсолютное Давление/Барометрическое Давление Цепь Прерывистый","Коллектор Абсолютное Давление/Барометрическое Давление Цепь Прерывистый","Коллектор Абсолютное Давление/Барометрическое Давление Цепь Прерывистый"
"P0110","P","both","Температура впускного воздуха Цепь Неисправность","Температура впускного воздуха Цепь Неисправность","Температура впускного воздуха Датчик 1 Цепь"
"P0111","P","both","Температура впускного воздуха Цепь Диапазон/Производительность Problem","Температура впускного воздуха Цепь Диапазон/Производительность Problem","Температура впускного воздуха Датчик 1 Цепь Диапазон/Производительность"
"P0112","P","both","Температура впускного воздуха Цепь Низкий Вход","Температура впускного воздуха Цепь Низкий Вход","Температура впускного воздуха Датчик 1 Цепь Низкий"
"P0113","P","both","Температура впускного воздуха Цепь Высокий Вход","Температура впускного воздуха Цепь Высокий Вход","Температура впускного воздуха Датчик 1 Цепь Высокий"
"P0114","P","both","Температура впускного воздуха Цепь Прерывистый","Температура впускного воздуха Цепь Прерывистый","Температура впускного воздуха Датчик 1 Цепь Прерывистый"
"P0115","P","both","Температура охлаждающей жидкости двигателя Цепь Неисправность","Температура охлаждающей жидкости двигателя Цепь Неисправность","Температура охлаждающей жидкости двигателя Цепь"
"P0116","P","both","Температура охлаждающей жидкости двигателя Цепь Диапазон/Производительность Problem","Температура охлаждающей жидкости двигателя Цепь Диапазон/Производительность Problem","Температура охлаждающей жидкости двигателя Цепь Диапазон/Производительность"
"P0117","P","both","Температура охлаждающей жидкости двигателя Цепь Низкий Вход","Температура охлаждающей жидкости двигателя Цепь Низкий Вход","Температура охлаждающей жидкости двигателя Цепь Низкий"
"P0118","P","both","Температура охлаждающей жидкости двигателя Цепь Высокий Вход","Температура охлаждающей жидкости двигателя Цепь Высокий Вход","Температура охлаждающей жидкости двигателя Цепь Высокий"
"P0119","P","both","Температура охлаждающей жидкости двигателя Цепь Прерывистый","Температура охлаждающей жидкости двигателя Цепь Прерывистый","Температура охлаждающей жидкости двигателя Цепь Прерывистый"
"P0120","P","both","Дроссельная заслонка Педаль Положение Датчик/Switch A Цепь Неисправность","Дроссельная заслонка Педаль Положение Датчик/Switch A Цепь Неисправность","Дроссельная заслонка/Педаль Положение Датчик/Switch "
"P0121","P","both","Дроссельная заслонка/Педаль Положение Датчик/Switch A Цепь Диапазон/Производительность Problem","Дроссельная заслонка/Педаль Положение Датчик/Switch A Цепь Диапазон/Производительность Problem","Дроссельная заслонка/Педаль Положение Датчик/Switch "
"P0122","P","both","Дроссельная заслонка/Педаль Положение Датчик/Switch A Цепь Низкий Вход","Дроссельная заслонка/Педаль Положение Датчик/Switch A Цепь Низкий Вход","Дроссельная заслонка/Педаль Положение Датчик/Switch "
"P0123","P","both","Дроссельная заслонка/Педаль Положение Датчик/Switch A Цепь Высокий Вход","Дроссельная заслонка/Педаль Положение Датчик/Switch A Цепь Высокий Вход","Дроссельная заслонка/Педаль Положение Датчик/Switch "
"P0124","P","both","Дроссельная заслонка/Педаль Положение Датчик/Switch A Цепь Прерывистый","Дроссельная заслонка/Педаль Положение Датчик/Switch A Цепь Прерывистый","Дроссельная заслонка/Педаль Положение Датчик/Switch "
"P0125","P","both","Insufficient Охлаждающая жидкость Температура for Closed Контур Топливо Управление","Insufficient Охлаждающая жидкость Температура for Closed Контур Топливо Управление","Insufficient Охлаждающая жидкость Температура for Closed Контур Топливо Управление"
"P0126","P","both","Insufficient Охлаждающая жидкость Температура for Stable Operation","Insufficient Охлаждающая жидкость Температура for Stable Operation","Insufficient Охлаждающая жидкость Температура for Stable Operation"
"P0127","P","both","Температура впускного воздуха Слишком высокий","Температура впускного воздуха Слишком высокий","Температура впускного воздуха Слишком высокий"
"P0128","P","both","Охлаждающая жидкость Thermostat (Охлаждающая жидкость Temp Below Thermostat Regulating Температура)","Охлаждающая жидкость Thermostat (Охлаждающая жидкость Temp Below Thermostat Regulating Температура)","Охлаждающая жидкость Thermostat (Охлаждающая жидкость Температура Below Thermostat Regulating Температура)"
"P0129","P","both","Барометрическое Давление Слишком низкий","Барометрическое Давление Слишком низкий","Барометрическое Давление Слишком низкий"
"P0130","P","both","O2 Датчик Цепь Неисправность (Ряд 1 Датчик 1)","O2 Датчик Цепь Неисправность (Ряд 1 Датчик 1)","O2 Датчик Цепь"
"P0131","P","both","O2 Датчик Цепь Низкий Напряжение (Ряд 1 Датчик 1)","O2 Датчик Цепь Низкий Напряжение (Ряд 1 Датчик 1)","O2 Датчик Цепь Низкий Напряжение"
"P0132","P","both","O2 Датчик Цепь Высокий Напряжение (Ряд 1 Датчик 1)","O2 Датчик Цепь Высокий Напряжение (Ряд 1 Датчик 1)","O2 Датчик Цепь Высокий Напряжение"
"P0133","P","both","O2 Датчик Цепь Slow Response (Ряд 1 Датчик 1)","O2 Датчик Цепь Slow Response (Ряд 1 Датчик 1)","O2 Датчик Цепь Slow Response"
"P0134","P","both","O2 Датчик Цепь No Activity Обнаружен (Ряд 1 Датчик 1)","O2 Датчик Цепь No Activity Обнаружен (Ряд 1 Датчик 1)","O2 Датчик Цепь No Activity Обнаружен"
"P0135","P","both","O2 Датчик Нагреватель Цепь Неисправность (Ряд 1 Датчик 1)","O2 Датчик Нагреватель Цепь Неисправность (Ряд 1 Датчик 1)","O2 Датчик Нагреватель Цепь"
"P0136","P","both","O2 Датчик Цепь Неисправность (Ряд 1 Датчик 2)","O2 Датчик Цепь Неисправность (Ряд 1 Датчик 2)","O2 Датчик Цепь"
"P0137","P","both","O2 Датчик Цепь Низкий Напряжение (Ряд 1 Датчик 2)","O2 Датчик Цепь Низкий Напряжение (Ряд 1 Датчик 2)","O2 Датчик Цепь Низкий Напряжение"
"P0138","P","both","O2 Датчик Цепь Высокий Напряжение (Ряд 1 Датчик 2)","O2 Датчик Цепь Высокий Напряжение (Ряд 1 Датчик 2)","O2 Датчик Цепь Высокий Напряжение"
"P0139","P","both","O2 Датчик Цепь Slow Response (Ряд 1 Датчик 2)","O2 Датчик Цепь Slow Response (Ряд 1 Датчик 2)","O2 Датчик Цепь Slow Response"
"P0140","P","both","O2 Датчик Цепь No Activity Обнаружен (Ряд 1 Датчик 2)","O2 Датчик Цепь No Activity Обнаружен (Ряд 1 Датчик 2)","O2 Датчик Цепь No Activity Обнаружен"
"P0141","P","both","O2 Датчик Нагреватель Цепь Неисправность (Ряд 1 Датчик 2)","O2 Датчик Нагреватель Цепь Неисправность (Ряд 1 Датчик 2)","O2 Датчик Нагреватель Цепь"
"P0142","P","both","O2 Датчик Цепь Неисправность (Ряд 1 Датчик 3)","O2 Датчик Цепь Неисправность (Ряд 1 Датчик 3)","O2 Датчик Цепь"
"P0143","P","both","O2 Датчик Цепь Низкий Напряжение (Ряд 1 Датчик 3)","O2 Датчик Цепь Низкий Напряжение (Ряд 1 Датчик 3)","O2 Датчик Цепь Низкий Напряжение"
"P0144","P","both","O2 Датчик Цепь Высокий Напряжение (Ряд 1 Датчик 3)","O2 Датчик Цепь Высокий Напряжение (Ряд 1 Датчик 3)","O2 Датчик Цепь Высокий Напряжение"
"P0145","P","both","O2 Датчик Цепь Slow Response (Ряд 1 Датчик 3)","O2 Датчик Цепь Slow Response (Ряд 1 Датчик 3)","O2 Датчик Цепь Slow Response"
"P0146","P","both","O2 Датчик Цепь No Activity Обнаружен (Ряд 1 Датчик 3)","O2 Датчик Цепь No Activity Обнаружен (Ряд 1 Датчик 3)","O2 Датчик Цепь No Activity Обнаружен"
"P0147","P","both","O2 Датчик Нагреватель Цепь Неисправность (Ряд 1 Датчик 3)","O2 Датчик Нагреватель Цепь Неисправность (Ряд 1 Датчик 3)","O2 Датчик Нагреватель Цепь"
"P0148","P","both","Топливо Delivery Error","Топливо Delivery Error","Топливо Delivery Error"
"P0149","P","both","Топливо Синхронизация Error","Топливо Синхронизация Error","Топливо Синхронизация Error"
"P0150","P","both","O2 Датчик Цепь Неисправность (Ряд 2 Датчик 1)","O2 Датчик Цепь Неисправность (Ряд 2 Датчик 1)","O2 Датчик Цепь"
"P0151","P","both","O2 Датчик Цепь Низкий Напряжение (Ряд 2 Датчик 1)","O2 Датчик Цепь Низкий Напряжение (Ряд 2 Датчик 1)","O2 Датчик Цепь Низкий Напряжение"
"P0152","P","both","O2 Датчик Цепь Высокий Напряжение (Ряд 2 Датчик 1)","O2 Датчик Цепь Высокий Напряжение (Ряд 2 Датчик 1)","O2 Датчик Цепь Высокий Напряжение"
"P0153","P","both","O2 Датчик Цепь Slow Response (Ряд 2 Датчик 1)","O2 Датчик Цепь Slow Response (Ряд 2 Датчик 1)","O2 Датчик Цепь Slow Response"
"P0154","P","both","O2 Датчик Цепь No Activity Обнаружен (Ряд 2 Датчик 1)","O2 Датчик Цепь No Activity Обнаружен (Ряд 2 Датчик 1)","O2 Датчик Цепь No Activity Обнаружен"
"P0155","P","both","O2 Датчик Нагреватель Цепь Неисправность (Ряд 2 Датчик 1)","O2 Датчик Нагреватель Цепь Неисправность (Ряд 2 Датчик 1)","O2 Датчик Нагреватель Цепь"
"P0156","P","both","O2 Датчик Цепь Неисправность (Ряд 2 Датчик 2)","O2 Датчик Цепь Неисправность (Ряд 2 Датчик 2)","O2 Датчик Цепь"
"P0157","P","both","O2 Датчик Цепь Низкий Напряжение (Ряд 2 Датчик 2)","O2 Датчик Цепь Низкий Напряжение (Ряд 2 Датчик 2)","O2 Датчик Цепь Низкий Напряжение"
"P0158","P","both","O2 Датчик Цепь Высокий Напряжение (Ряд 2 Датчик 2)","O2 Датчик Цепь Высокий Напряжение (Ряд 2 Датчик 2)","O2 Датчик Цепь Высокий Напряжение"
"P0159","P","both","O2 Датчик Цепь Slow Response (Ряд 2 Датчик 2)","O2 Датчик Цепь Slow Response (Ряд 2 Датчик 2)","O2 Датчик Цепь Slow Response"
"P0160","P","both","O2 Датчик Цепь No Activity Обнаружен (Ряд 2 Датчик 2)","O2 Датчик Цепь No Activity Обнаружен (Ряд 2 Датчик 2)","O2 Датчик Цепь No Activity Обнаружен"
"P0161","P","both","O2 Датчик Нагреватель Цепь Неисправность (Ряд 2 Датчик 2)","O2 Датчик Нагреватель Цепь Неисправность (Ряд 2 Датчик 2)","O2 Датчик Нагреватель Цепь"
"P0162","P","both","O2 Датчик Цепь Неисправность (Ряд 2 Датчик 3)","O2 Датчик Цепь Неисправность (Ряд 2 Датчик 3)","O2 Датчик Цепь"
"P0163","P","both","O2 Датчик Цепь Низкий Напряжение (Ряд 2 Датчик 3)","O2 Датчик Цепь Низкий Напряжение (Ряд 2 Датчик 3)","O2 Датчик Цепь Низкий Напряжение"
"P0164","P","both","O2 Датчик Цепь Высокий Напряжение (Ряд 2 Датчик 3)","O2 Датчик Цепь Высокий Напряжение (Ряд 2 Датчик 3)","O2 Датчик Цепь Высокий Напряжение"
"P0165","P","both","O2 Датчик Цепь Slow Response (Ряд 2 Датчик 3)","O2 Датчик Цепь Slow Response (Ряд 2 Датчик 3)","O2 Датчик Цепь Slow Response"
"P0166","P","both","O2 Датчик Цепь No Activity Обнаружен (Ряд 2 Датчик 3)","O2 Датчик Цепь No Activity Обнаружен (Ряд 2 Датчик 3)","O2 Датчик Цепь No Activity Обнаружен"
"P0167","P","both","O2 Датчик Нагреватель Цепь Неисправность (Ряд 2 Датчик 3)","O2 Датчик Нагреватель Цепь Неисправность (Ряд 2 Датчик 3)","O2 Датчик Нагреватель Цепь"
"P0168","P","both","Двигатель Топливо Температура Слишком высокий","Двигатель Топливо Температура Слишком высокий","Топливо Температура Слишком высокий"
"P0169","P","both","Incorrect Топливо Composition","Incorrect Топливо Composition","Incorrect Топливо Composition"
"P0170","P","both","Топливо Коррекция Неисправность (Ряд 1)","Топливо Коррекция Неисправность (Ряд 1)","Топливо Коррекция"
"P0171","P","both","Система Too Обеднённая (Ряд 1)","Система Too Обеднённая (Ряд 1)","Система Too Обеднённая"
"P0172","P","both","Система Too Обогащённая (Ряд 1)","Система Too Обогащённая (Ряд 1)","Система Too Обогащённая"
"P0173","P","both","Топливо Коррекция Неисправность (Ряд 2)","Топливо Коррекция Неисправность (Ряд 2)","Топливо Коррекция"
"P0174","P","both","Система Too Обеднённая (Ряд 2)","Система Too Обеднённая (Ряд 2)","Система Too Обеднённая"
"P0175","P","both","Система Too Обогащённая (Ряд 2)","Система Too Обогащённая (Ряд 2)","Система Too Обогащённая"
"P0176","P","both","Топливо Composition Датчик Цепь Неисправность","Топливо Composition Датчик Цепь Неисправность","Топливо Composition Датчик Цепь"
"P0177","P","both","Топливо Composition Датчик Цепь Диапазон/Производительность","Топливо Composition Датчик Цепь Диапазон/Производительность","Топливо Composition Датчик Цепь Диапазон/Производительность"
"P0178","P","both","Топливо Composition Датчик Цепь Низкий Вход","Топливо Composition Датчик Цепь Низкий Вход","Топливо Composition Датчик Цепь Низкий"
"P0179","P","both","Топливо Composition Датчик Цепь Высокий Вход","Топливо Composition Датчик Цепь Высокий Вход","Топливо Composition Датчик Цепь Высокий"
"P0180","P","both","Топливо Температура Датчик A Цепь Неисправность","Топливо Температура Датчик A Цепь Неисправность","Топливо Температура Датчик A Цепь"
"P0181","P","both","Топливо Температура Датчик A Цепь Производительность","Топливо Температура Датчик A Цепь Производительность","Топливо Температура Датчик A Цепь Диапазон/Производительность"
"P0182","P","both","Топливо Температура Датчик A Цепь Низкий Вход","Топливо Температура Датчик A Цепь Низкий Вход","Топливо Температура Датчик A Цепь Низкий"
"P0183","P","both","Топливо Температура Датчик A Цепь Прерывистый","Топливо Температура Датчик A Цепь Прерывистый","Топливо Температура Датчик A Цепь Высокий"
"P0184","P","both","Топливо Температура Датчик A Цепь Прерывистый","Топливо Температура Датчик A Цепь Прерывистый","Топливо Температура Датчик A Цепь Прерывистый"
"P0185","P","both","Топливо Температура Датчик B Цепь Неисправность","Топливо Температура Датчик B Цепь Неисправность","Топливо Температура Датчик B Цепь"
"P0186","P","both","Топливо Температура Датчик B Цепь Диапазон/Производительность","Топливо Температура Датчик B Цепь Диапазон/Производительность","Топливо Температура Датчик B Цепь Диапазон/Производительность"
"P0187","P","both","Топливо Температура Датчик B Цепь Низкий Вход","Топливо Температура Датчик B Цепь Низкий Вход","Топливо Температура Датчик B Цепь Низкий"
"P0188","P","both","Топливо Температура Датчик B Цепь Высокий Вход","Топливо Температура Датчик B Цепь Высокий Вход","Топливо Температура Датчик B Цепь Высокий"
"P0189","P","both","Топливо Температура Датчик B Цепь Прерывистый","Топливо Температура Датчик B Цепь Прерывистый","Топливо Температура Датчик B Цепь Прерывистый"
"P0190","P","both","Давление в топливной рампе Датчик Цепь Неисправность","Давление в топливной рампе Датчик Цепь Неисправность","Давление в топливной рампе Датчик Цепь"
"P0191","P","both","Давление в топливной рампе Датчик Цепь Диапазон/Производительность","Давление в топливной рампе Датчик Цепь Диапазон/Производительность","Давление в топливной рампе Датчик Цепь Диапазон/Производительность"
"P0192","P","both","Давление в топливной рампе Датчик Цепь Низкий Вход","Давление в топливной рампе Датчик Цепь Низкий Вход","Давление в топливной рампе Датчик Цепь Низкий"
"P0193","P","both","Давление в топливной рампе Датчик Цепь Высокий Вход","Давление в топливной рампе Датчик Цепь Высокий Вход","Давление в топливной рампе Датчик Цепь Высокий"
"P0194","P","both","Давление в топливной рампе Датчик Цепь Прерывистый","Давление в топливной рампе Датчик Цепь Прерывистый","Давление в топливной рампе Датчик Цепь Прерывистый"
"P0195","P","both","Двигатель Oil Температура Датчик Неисправность","Двигатель Oil Температура Датчик Неисправность","Двигатель Oil Температура Датчик"
"P0196","P","both","Двигатель Oil Температура Датчик Диапазон/Производительность","Двигатель Oil Температура Датчик Диапазон/Производительность","Двигатель Oil Температура Датчик Диапазон/Производительность"
"P0197","P","both","Двигатель Oil Температура Датчик Низкий","Двигатель Oil Температура Датчик Низкий","Двигатель Oil Температура Датчик Низкий"
"P0198","P","both","Двигатель Oil Температура Датчик Высокий","Двигатель Oil Температура Датчик Высокий","Двигатель Oil Температура Датчик Высокий"
"P0199","P","both","Двигатель Oil Температура Датчик Прерывистый","Двигатель Oil Температура Датчик Прерывистый","Двигатель Oil Температура Датчик Прерывистый"
"P0200","P","both","Форсунка Цепь Неисправность","Форсунка Цепь Неисправность","Форсунка Цепь/Обрыв"
"P0201","P","both","Форсунка Цепь Неисправность - Цилиндр 1","Форсунка Цепь Неисправность - Цилиндр 1","Форсунка Цепь/Обрыв - Цилиндр 1"
"P0202","P","both","Форсунка Цепь Неисправность - Цилиндр 2","Форсунка Цепь Неисправность - Цилиндр 2","Форсунка Цепь/Обрыв - Цилиндр 2"
"P0203","P","both","Форсунка Цепь Неисправность - Цилиндр 3","Форсунка Цепь Неисправность - Цилиндр 3","Форсунка Цепь/Обрыв - Цилиндр 3"
"P0204","P","both","Форсунка Цепь Неисправность - Цилиндр 4","Форсунка Цепь Неисправность - Цилиндр 4","Форсунка Цепь/Обрыв - Цилиндр 4"
"P0205","P","both","Форсунка Цепь Неисправность - Цилиндр 5","Форсунка Цепь Неисправность - Цилиндр 5","Форсунка Цепь/Обрыв - Цилиндр 5"
"P0206","P","both","Форсунка Цепь Неисправность - Цилиндр 6","Форсунка Цепь Неисправность - Цилиндр 6","Форсунка Цепь/Обрыв - Цилиндр 6"
"P0207","P","both","Форсунка Цепь Неисправность - Цилиндр 7","Форсунка Цепь Неисправность - Цилиндр 7","Форсунка Цепь/Обрыв - Цилиндр 7"
"P0208","P","both","Форсунка Цепь Неисправность - Цилиндр 8","Форсунка Цепь Неисправность - Цилиндр 8","Форсунка Цепь/Обрыв - Цилиндр 8"
"P0209","P","both","Форсунка Цепь Неисправность - Цилиндр 9","Форсунка Цепь Неисправность - Цилиндр 9","Форсунка Цепь/Обрыв - Цилиндр 9"
"P0210","P","both","Форсунка Цепь Неисправность - Цилиндр 10","Форсунка Цепь Неисправность - Цилиндр 10","Форсунка Цепь/Обрыв - Цилиндр 10"
"P0211","P","both","Форсунка Цепь Неисправность - Цилиндр 11","Форсунка Цепь Неисправность - Цилиндр 11","Форсунка Цепь/Обрыв - Цилиндр 11"
"P0212","P","both","Форсунка Цепь Неисправность - Цилиндр 12","Форсунка Цепь Неисправность - Цилиндр 12","Форсунка Цепь/Обрыв - Цилиндр 12"
"P0213","P","both","Cold Start Форсунка 1 Неисправность","Cold Start Форсунка 1 Неисправность","Cold Start Форсунка 1"
"P0214","P","both","Cold Start Форсунка 2 Неисправность","Cold Start Форсунка 2 Неисправность","Cold Start Форсунка 2"
"P0215","P","both","Двигатель Отключение Соленоид Неисправность","Двигатель Отключение Соленоид Неисправность","Двигатель Отключение Соленоид"
"P0216","P","both","Injection Синхронизация Управление Цепь Неисправность","Injection Синхронизация Управление Цепь Неисправность","Форсунка/Injection Синхронизация Управление Цепь"
"P0217","P","both","Двигатель Overtemp Condition","Двигатель Overtemp Condition","Двигатель Охлаждающая жидкость Over Температура Condition"
"P0218","P","both","Трансмиссия Over Температура Condition","Трансмиссия Over Температура Condition","Трансмиссия Fluid Over Температура Condition"
"P0219","P","both","Двигатель Over Скорость Condition","Двигатель Over Скорость Condition","Двигатель Превышение скорости Condition"
"P0220","P","both","Дроссельная заслонка/Педаль Положение Датчик/Switch B Цепь Неисправность","Дроссельная заслонка/Педаль Положение Датчик/Switch B Цепь Неисправность","Дроссельная заслонка/Педаль Положение Датчик/Switch "
"P0221","P","both","Дроссельная заслонка/Педаль Положение Датчик/Switch B Цепь Диапазон/Производительность Problem","Дроссельная заслонка/Педаль Положение Датчик/Switch B Цепь Диапазон/Производительность Problem","Дроссельная заслонка/Педаль Положение Датчик/Switch "
"P0222","P","both","Дроссельная заслонка/Педаль Положение Датчик/Switch B Цепь Низкий Вход","Дроссельная заслонка/Педаль Положение Датчик/Switch B Цепь Низкий Вход","Дроссельная заслонка/Педаль Положение Датчик/Switch "
"P0223","P","both","Дроссельная заслонка/Педаль Положение Датчик/Switch B Цепь Высокий Вход","Дроссельная заслонка/Педаль Положение Датчик/Switch B Цепь Высокий Вход","Дроссельная заслонка/Педаль Положение Датчик/Switch "
"P0224","P","both","Дроссельная заслонка/Педаль Положение Датчик/Switch B Цепь Прерывистый","Дроссельная заслонка/Педаль Положение Датчик/Switch B Цепь Прерывистый","Дроссельная заслонка/Педаль Положение Датчик/Switch "
"P0225","P","both","Дроссельная заслонка/Педаль Положение Датчик/Switch C Цепь Неисправность","Дроссельная заслонка/Педаль Положение Датчик/Switch C Цепь Неисправность","Дроссельная заслонка/Педаль Положение Датчик/Switch "
"P0226","P","both","Дроссельная заслонка/Педаль Положение Датчик/Switch C Цепь Диапазон/Производительность Problem","Дроссельная заслонка/Педаль Положение Датчик/Switch C Цепь Диапазон/Производительность Problem","Дроссельная заслонка/Педаль Положение Датчик/Switch "
"P0227","P","both","Дроссельная заслонка/Педаль Положение Датчик/Switch C Цепь Низкий Вход","Дроссельная заслонка/Педаль Положение Датчик/Switch C Цепь Низкий Вход","Дроссельная заслонка/Педаль Положение Датчик/Switch "
"P0228","P","both","Дроссельная заслонка/Педаль Положение Датчик/Switch C Цепь Высокий Вход","Дроссельная заслонка/Педаль Положение Датчик/Switch C Цепь Высокий Вход","Дроссельная заслонка/Педаль Положение Датчик/Switch "
"P0229","P","both","Дроссельная заслонка/Педаль Положение Датчик/Switch C Цепь Прерывистый","Дроссельная заслонка/Педаль Положение Датчик/Switch C Цепь Прерывистый","Дроссельная заслонка/Педаль Положение Датчик/Switch "
"P0230","P","both","Топливо Насос Primary Цепь Неисправность","Топливо Насос Primary Цепь Неисправность","Топливо Насос Primary Цепь"
"P0231","P","both","Топливо Насос Secondary Цепь Низкий","Топливо Насос Secondary Цепь Низкий","Топливо Насос Secondary Цепь Низкий"
"P0232","P","both","Топливо Насос Secondary Цепь Прерывистый","Топливо Насос Secondary Цепь Прерывистый","Топливо Насос Secondary Цепь Высокий"
"P0233","P","both","Топливо Насос Secondary Цепь Прерывистый","Топливо Насос Secondary Цепь Прерывистый","Топливо Насос Secondary Цепь Прерывистый"
"P0234","P","both","Двигатель Overboost Condition","Двигатель Overboost Condition","Турбо/Нагнетатель Overboost Condition"
"P0235","P","both","Турбонагнетатель Наддув Датчик A Цепь Неисправность","Турбонагнетатель Наддув Датчик A Цепь Неисправность","Турбо/Нагнетатель Наддув Датчик "
"P0236","P","both","Турбонагнетатель Наддув Датчик A Цепь Диапазон/Производительность.","Турбонагнетатель Наддув Датчик A Цепь Диапазон/Производительность.","Турбо/Нагнетатель Наддув Датчик "
"P0237","P","both","Турбонагнетатель Наддув Датчик A Цепь Низкий","Турбонагнетатель Наддув Датчик A Цепь Низкий","Турбо/Нагнетатель Наддув Датчик "
"P0238","P","both","Турбонагнетатель Наддув Датчик A Цепь Высокий","Турбонагнетатель Наддув Датчик A Цепь Высокий","Турбо/Нагнетатель Наддув Датчик "
"P0239","P","both","Турбонагнетатель Наддув Датчик B Цепь Неисправность","Турбонагнетатель Наддув Датчик B Цепь Неисправность","Турбо/Нагнетатель Наддув Датчик "
"P0240","P","both","Турбонагнетатель Наддув Датчик B Цепь Диапазон/Производительность","Турбонагнетатель Наддув Датчик B Цепь Диапазон/Производительность","Турбо/Нагнетатель Наддув Датчик "
"P0241","P","both","Турбонагнетатель Наддув Датчик B Цепь Низкий","Турбонагнетатель Наддув Датчик B Цепь Низкий","Турбо/Нагнетатель Наддув Датчик "
"P0242","P","both","Турбонагнетатель Наддув Датчик B Цепь Высокий","Турбонагнетатель Наддув Датчик B Цепь Высокий","Турбо/Нагнетатель Наддув Датчик "
"P0243","P","both","Турбонагнетатель Вестгейт Соленоид A Неисправность","Турбонагнетатель Вестгейт Соленоид A Неисправность","Турбо/Нагнетатель Вестгейт Соленоид "
"P0244","P","both","Турбонагнетатель Вестгейт Соленоид A Диапазон/Производительность","Турбонагнетатель Вестгейт Соленоид A Диапазон/Производительность","Турбо/Нагнетатель Вестгейт Соленоид "
"P0245","P","both","Турбонагнетатель Вестгейт Соленоид A Низкий","Турбонагнетатель Вестгейт Соленоид A Низкий","Турбо/Нагнетатель Вестгейт Соленоид "
"P0246","P","both","Турбонагнетатель Вестгейт Соленоид A Высокий","Турбонагнетатель Вестгейт Соленоид A Высокий","Турбо/Нагнетатель Вестгейт Соленоид "
"P0247","P","both","Турбонагнетатель Вестгейт Соленоид B Неисправность","Турбонагнетатель Вестгейт Соленоид B Неисправность","Турбо/Нагнетатель Вестгейт Соленоид "
"P0248","P","both","Турбонагнетатель Вестгейт Соленоид B Диапазон/Производительность","Турбонагнетатель Вестгейт Соленоид B Диапазон/Производительность","Турбо/Нагнетатель Вестгейт Соленоид "
"P0249","P","both","Турбонагнетатель Вестгейт Соленоид B Низкий","Турбонагнетатель Вестгейт Соленоид B Низкий","Турбо/Нагнетатель Вестгейт Соленоид "
"P0250","P","both","Турбонагнетатель Вестгейт Соленоид B Высокий","Турбонагнетатель Вестгейт Соленоид B Высокий","Турбо/Нагнетатель Вестгейт Соленоид "
"P0251","P","both","Injection Насос Топливо Metering Управление A Неисправность (Cam/Rotor/Форсунка)","Injection Насос Топливо Metering Управление A Неисправность (Cam/Rotor/Форсунка)","Injection Насос Топливо Metering Управление "
"P0252","P","both","Injection Насос Топливо Metering Управление A Диапазон/Производительность (Cam/Rotor/Форсунка)","Injection Насос Топливо Metering Управление A Диапазон/Производительность (Cam/Rotor/Форсунка)","Injection Насос Топливо Metering Управление "
"P0253","P","both","Injection Насос Топливо Metering Управление A Низкий (Cam/Rotor/Форсунка)","Injection Насос Топливо Metering Управление A Низкий (Cam/Rotor/Форсунка)","Injection Насос Топливо Metering Управление "
"P0254","P","both","Injection Насос Топливо Metering Управление A Высокий (Cam/Rotor/Форсунка)","Injection Насос Топливо Metering Управление A Высокий (Cam/Rotor/Форсунка)","Injection Насос Топливо Metering Управление "
"P0255","P","both","Injection Насос Топливо Metering Управление A Прерывистый (Cam/Rotor/Форсунка)","Injection Насос Топливо Metering Управление A Прерывистый (Cam/Rotor/Форсунка)","Injection Насос Топливо Metering Управление "
"P0256","P","both","Injection Насос Топливо Metering Управление B Неисправность (Cam/Rotor/Форсунка)","Injection Насос Топливо Metering Управление B Неисправность (Cam/Rotor/Форсунка)","Injection Насос Топливо Metering Управление "
"P0257","P","both","Injection Насос Топливо Metering Управление B Низкий (Cam/Rotor/Форсунка)","Injection Насос Топливо Metering Управление B Низкий (Cam/Rotor/Форсунка)","Injection Насос Топливо Metering Управление "
"P0258","P","both","Injection Насос Топливо Metering Управление B Низкий (Cam/Rotor/Форсунка)","Injection Насос Топливо Metering Управление B Низкий (Cam/Rotor/Форсунка)","Injection Насос Топливо Metering Управление "
"P0259","P","both","Injection lump Топливо Metering Управление B Высокий (Cam/Rotor/Форсунка)","Injection lump Топливо Metering Управление B Высокий (Cam/Rotor/Форсунка)","Injection Насос Топливо Metering Управление "
"P0260","P","both","Injection Насос Топливо Metering Управление B Прерывистый (Cam/Rotor/Форсунка)","Injection Насос Топливо Metering Управление B Прерывистый (Cam/Rotor/Форсунка)","Injection Насос Топливо Metering Управление "
"P0261","P","both","Цилиндр 1 Форсунка Цепь Низкий","Цилиндр 1 Форсунка Цепь Низкий","Цилиндр 1 Форсунка Цепь Низкий"
"P0262","P","both","Цилиндр 1 Форсунка Цепь Высокий","Цилиндр 1 Форсунка Цепь Высокий","Цилиндр 1 Форсунка Цепь Высокий"
"P0263","P","both","Цилиндр 1 Contribution/Balance Fault","Цилиндр 1 Contribution/Balance Fault","Цилиндр 1 Contribution/Balance"
"P0264","P","both","Цилиндр 2 Форсунка Цепь Низкий","Цилиндр 2 Форсунка Цепь Низкий","Цилиндр 2 Форсунка Цепь Низкий"
"P0265","P","both","Цилиндр 2 Форсунка Цепь Высокий","Цилиндр 2 Форсунка Цепь Высокий","Цилиндр 2 Форсунка Цепь Высокий"
"P0266","P","both","Цилиндр 2 Contribution/Balance Fault","Цилиндр 2 Contribution/Balance Fault","Цилиндр 2 Contribution/Balance"
"P0267","P","both","Цилиндр 3 Форсунка Цепь Низкий","Цилиндр 3 Форсунка Цепь Низкий","Цилиндр 3 Форсунка Цепь Низкий"
"P0268","P","both","Цилиндр 3 Форсунка Цепь Высокий","Цилиндр 3 Форсунка Цепь Высокий","Цилиндр 3 Форсунка Цепь Высокий"
"P0269","P","both","Цилиндр 3 Contribution/Balance Fault","Цилиндр 3 Contribution/Balance Fault","Цилиндр 3 Contribution/Balance"
"P0270","P","both","Цилиндр 4 Форсунка Цепь Низкий","Цилиндр 4 Форсунка Цепь Низкий","Цилиндр 4 Форсунка Цепь Низкий"
"P0271","P","both","Цилиндр 4 Форсунка Цепь Высокий","Цилиндр 4 Форсунка Цепь Высокий","Цилиндр 4 Форсунка Цепь Высокий"
"P0272","P","both","Цилиндр 4 Contribution/Balance Fault","Цилиндр 4 Contribution/Balance Fault","Цилиндр 4 Contribution/Balance"
"P0273","P","both","Цилиндр 5 Форсунка Цепь Низкий","Цилиндр 5 Форсунка Цепь Низкий","Цилиндр 5 Форсунка Цепь Низкий"
"P0274","P","both","Цилиндр 5 Форсунка Цепь Высокий","Цилиндр 5 Форсунка Цепь Высокий","Цилиндр 5 Форсунка Цепь Высокий"
"P0275","P","both","Цилиндр 5 Contribution/Balance Fault","Цилиндр 5 Contribution/Balance Fault","Цилиндр 5 Contribution/Balance"
"P0276","P","both","Цилиндр 6 Форсунка Цепь Низкий","Цилиндр 6 Форсунка Цепь Низкий","Цилиндр 6 Форсунка Цепь Низкий"
"P0277","P","both","Цилиндр 6 Форсунка Цепь Высокий","Цилиндр 6 Форсунка Цепь Высокий","Цилиндр 6 Форсунка Цепь Высокий"
"P0278","P","both","Цилиндр 6 Contribution/Balance Fault","Цилиндр 6 Contribution/Balance Fault","Цилиндр 6 Contribution/Balance"
"P0279","P","both","Цилиндр 7 Форсунка Цепь Низкий","Цилиндр 7 Форсунка Цепь Низкий","Цилиндр 7 Форсунка Цепь Низкий"
"P0280","P","both","Цилиндр 7 Форсунка Цепь Высокий","Цилиндр 7 Форсунка Цепь Высокий","Цилиндр 7 Форсунка Цепь Высокий"
"P0281","P","both","Цилиндр 7 Contribution/Balance Fault","Цилиндр 7 Contribution/Balance Fault","Цилиндр 7 Contribution/Balance"
"P0282","P","both","Цилиндр 8 Форсунка Цепь Низкий","Цилиндр 8 Форсунка Цепь Низкий","Цилиндр 8 Форсунка Цепь Низкий"
"P0283","P","both","Цилиндр 8 Форсунка Цепь Высокий","Цилиндр 8 Форсунка Цепь Высокий","Цилиндр 8 Форсунка Цепь Высокий"
"P0284","P","both","Цилиндр 8 Contribution/Balance Fault","Цилиндр 8 Contribution/Balance Fault","Цилиндр 8 Contribution/Balance"
"P0285","P","both","Цилиндр 9 Форсунка Цепь Низкий","Цилиндр 9 Форсунка Цепь Низкий","Цилиндр 9 Форсунка Цепь Низкий"
"P0286","P","both","Цилиндр 9 Форсунка Цепь Высокий","Цилиндр 9 Форсунка Цепь Высокий","Цилиндр 9 Форсунка Цепь Высокий"
"P0287","P","both","Цилиндр 9 Contribution/Balance Fault","Цилиндр 9 Contribution/Balance Fault","Цилиндр 9 Contribution/Balance"
"P0288","P","both","Цилиндр 10 Форсунка Цепь Низкий","Цилиндр 10 Форсунка Цепь Низкий","Цилиндр 10 Форсунка Цепь Низкий"
"P0289","P","both","Цилиндр 10 Форсунка Цепь Высокий","Цилиндр 10 Форсунка Цепь Высокий","Цилиндр 10 Форсунка Цепь Высокий"
"P0290","P","both","Цилиндр 10 Contribution/Balance Fault","Цилиндр 10 Contribution/Balance Fault","Цилиндр 10 Contribution/Balance"
"P0291","P","both","Цилиндр 11 Форсунка Цепь Низкий","Цилиндр 11 Форсунка Цепь Низкий","Цилиндр 11 Форсунка Цепь Низкий"
"P0292","P","both","Цилиндр 11 Форсунка Цепь Высокий","Цилиндр 11 Форсунка Цепь Высокий","Цилиндр 11 Форсунка Цепь Высокий"
"P0293","P","both","Цилиндр 11 Contribution/Balance Fault","Цилиндр 11 Contribution/Balance Fault","Цилиндр 11 Contribution/Balance"
"P0294","P","both","Цилиндр 12 Форсунка Цепь Низкий","Цилиндр 12 Форсунка Цепь Низкий","Цилиндр 12 Форсунка Цепь Низкий"
"P0295","P","both","Цилиндр 12 Форсунка Цепь Высокий","Цилиндр 12 Форсунка Цепь Высокий","Цилиндр 12 Форсунка Цепь Высокий"
"P0296","P","both","Цилиндр 12 Contribution/Balance Fault","Цилиндр 12 Contribution/Balance Fault","Цилиндр 12 Contribution/Balance"
"P0297","P","both","Автомобиль Превышение скорости Condition","Автомобиль Превышение скорости Condition","Автомобиль Превышение скорости Condition"
"P0298","P","both","Двигатель Oil Over Температура","Двигатель Oil Over Температура","Двигатель Oil Over Температура"
"P0299","P","both","Турбо / Нагнетатель Underboost","Турбо / Нагнетатель Underboost","Турбо/Нагнетатель Underboost"
"P0300","P","both","Случайный/Множественный Цилиндр Пропуск зажигания Обнаружен","Случайный/Множественный Цилиндр Пропуск зажигания Обнаружен","Случайный/Множественный Цилиндр Пропуск зажигания Обнаружен"
"P0301","P","both","Цилиндр 1 Пропуск зажигания Обнаружен","Цилиндр 1 Пропуск зажигания Обнаружен","Цилиндр 1 Пропуск зажигания Обнаружен"
"P0302","P","both","Цилиндр 2 Пропуск зажигания Обнаружен ","Цилиндр 2 Пропуск зажигания Обнаружен ","Цилиндр 2 Пропуск зажигания Обнаружен"
"P0303","P","both","Цилиндр 3 Пропуск зажигания Обнаружен","Цилиндр 3 Пропуск зажигания Обнаружен","Цилиндр 3 Пропуск зажигания Обнаружен"
"P0304","P","both","Цилиндр 4 Пропуск зажигания Обнаружен ","Цилиндр 4 Пропуск зажигания Обнаружен ","Цилиндр 4 Пропуск зажигания Обнаружен"
"P0305","P","both","Цилиндр 5 Пропуск зажигания Обнаружен","Цилиндр 5 Пропуск зажигания Обнаружен","Цилиндр 5 Пропуск зажигания Обнаружен"
"P0306","P","both","Цилиндр 6 Пропуск зажигания Обнаружен","Цилиндр 6 Пропуск зажигания Обнаружен","Цилиндр 6 Пропуск зажигания Обнаружен"
"P0307","P","both","Цилиндр 7 Пропуск зажигания Обнаружен","Цилиндр 7 Пропуск зажигания Обнаружен","Цилиндр 7 Пропуск зажигания Обнаружен"
"P0308","P","both","Цилиндр 8 Пропуск зажигания Обнаружен","Цилиндр 8 Пропуск зажигания Обнаружен","Цилиндр 8 Пропуск зажигания Обнаружен"
"P0309","P","both","Цилиндр 9 Пропуск зажигания Обнаружен","Цилиндр 9 Пропуск зажигания Обнаружен","Цилиндр 9 Пропуск зажигания Обнаружен"
"P0310","P","both","Цилиндр 10 Пропуск зажигания Обнаружен","Цилиндр 10 Пропуск зажигания Обнаружен","Цилиндр 10 Пропуск зажигания Обнаружен"
"P0311","P","both","Цилиндр 11 Пропуск зажигания Обнаружен","Цилиндр 11 Пропуск зажигания Обнаружен","Цилиндр 11 Пропуск зажигания Обнаружен"
"P0312","P","both","Цилиндр 12 Пропуск зажигания Обнаружен","Цилиндр 12 Пропуск зажигания Обнаружен","Цилиндр 12 Пропуск зажигания Обнаружен"
"P0313","P","both","Пропуск зажигания Обнаружен with Низкий Топливо","Пропуск зажигания Обнаружен with Низкий Топливо","Пропуск зажигания Обнаружен with Низкий Топливо"
"P0314","P","both","Single Цилиндр Пропуск зажигания (Цилиндр not Specified)","Single Цилиндр Пропуск зажигания (Цилиндр not Specified)","Single Цилиндр Пропуск зажигания (Цилиндр not Specified)"
"P0315","P","both","Коленвал Положение Система Variation Not Learned","Коленвал Положение Система Variation Not Learned","Коленвал Положение Система Variation Not Learned"
"P0316","P","both","Пропуск зажигания Обнаружен On Startup (First 1000 Revolutions)","Пропуск зажигания Обнаружен On Startup (First 1000 Revolutions)","Двигатель Пропуск зажигания Обнаружен on Startup (First 1000 Revolutions)"
"P0317","P","both","Rough Road Hardware Not Present","Rough Road Hardware Not Present","Rough Road Hardware Not Present"
"P0318","P","both","Rough Road Датчик A Сигнал Цепь","Rough Road Датчик A Сигнал Цепь","Rough Road Датчик "
"P0319","P","both","Rough Road Датчик B Сигнал Цепь","Rough Road Датчик B Сигнал Цепь","Rough Road Датчик "
"P0320","P","both","Зажигание/Distributor Двигатель Скорость Вход Цепь Неисправность","Зажигание/Distributor Двигатель Скорость Вход Цепь Неисправность","Зажигание/Distributor Двигатель Скорость Вход Цепь"
"P0321","P","both","Зажигание/Distributor Двигатель Скорость Вход Цепь Диапазон/Производительность","Зажигание/Distributor Двигатель Скорость Вход Цепь Диапазон/Производительность","Зажигание/Distributor Двигатель Скорость Вход Цепь Диапазон/Производительность"
"P0322","P","both","Зажигание/Distributor Двигатель Скорость Вход Цепь No Сигнал","Зажигание/Distributor Двигатель Скорость Вход Цепь No Сигнал","Зажигание/Distributor Двигатель Скорость Вход Цепь No Сигнал"
"P0323","P","both","Зажигание/Distributor Двигатель Скорость Вход Цепь Прерывистый","Зажигание/Distributor Двигатель Скорость Вход Цепь Прерывистый","Зажигание/Distributor Двигатель Скорость Вход Цепь Прерывистый"
"P0324","P","both","Single Цилиндр Пропуск зажигания (Цилиндр not Specified)","Single Цилиндр Пропуск зажигания (Цилиндр not Specified)","Детонация Управление Система Error"
"P0325","P","both","Детонация Датчик 1 Цепь (Ряд 2 or Single Датчик)","Детонация Датчик 1 Цепь (Ряд 2 or Single Датчик)","Детонация Датчик 1 Цепь"
"P0326","P","both","Детонация Датчик 1 Цепь Диапазон/Производительность (Ряд 2 or Single Датчик)","Детонация Датчик 1 Цепь Диапазон/Производительность (Ряд 2 or Single Датчик)","Детонация Датчик 1 Цепь Диапазон/Производительность"
"P0327","P","both","Детонация Датчик 1 Цепь Низкий Вход (Ряд 2 or Single Датчик)","Детонация Датчик 1 Цепь Низкий Вход (Ряд 2 or Single Датчик)","Детонация Датчик 1 Цепь Низкий"
"P0328","P","both","Детонация Датчик 1 Цепь Высокий Вход (Ряд 2 or Single Датчик)","Детонация Датчик 1 Цепь Высокий Вход (Ряд 2 or Single Датчик)","Детонация Датчик 1 Цепь Высокий"
"P0329","P","both","Детонация Датчик 1 Цепь Вход Прерывистый (Ряд 2 or Single Датчик)","Детонация Датчик 1 Цепь Вход Прерывистый (Ряд 2 or Single Датчик)","Детонация Датчик 1 Цепь Вход Прерывистый"
"P0330","P","both","Детонация Датчик 2 Цепь (Ряд 2)","Детонация Датчик 2 Цепь (Ряд 2)","Детонация Датчик 2 Цепь"
"P0331","P","both","Детонация Датчик 2 Цепь Диапазон/Производительность (Ряд 2)","Детонация Датчик 2 Цепь Диапазон/Производительность (Ряд 2)","Детонация Датчик 2 Цепь Диапазон/Производительность"
"P0332","P","both","Детонация Датчик 2 Цепь Низкий Вход (Ряд 2)","Детонация Датчик 2 Цепь Низкий Вход (Ряд 2)","Детонация Датчик 2 Цепь Низкий"
"P0333","P","both","Детонация Датчик 2 Цепь Высокий Вход (Ряд 2)","Детонация Датчик 2 Цепь Высокий Вход (Ряд 2)","Детонация Датчик 2 Цепь Высокий"
"P0334","P","both","Детонация Датчик 2 Цепь Вход Прерывистый (Ряд 2)","Детонация Датчик 2 Цепь Вход Прерывистый (Ряд 2)","Детонация Датчик 2 Цепь Вход Прерывистый"
"P0335","P","both","Коленвал Положение Датчик A Цепь Неисправность","Коленвал Положение Датчик A Цепь Неисправность","Коленвал Положение Датчик "
"P0336","P","both","Коленвал Положение Датчик A Цепь Диапазон/Производительность","Коленвал Положение Датчик A Цепь Диапазон/Производительность","Коленвал Положение Датчик "
"P0337","P","both","Коленвал Положение Датчик A Цепь Низкий Вход","Коленвал Положение Датчик A Цепь Низкий Вход","Коленвал Положение Датчик "
"P0338","P","both","Коленвал Положение Датчик A Цепь Высокий Вход","Коленвал Положение Датчик A Цепь Высокий Вход","Коленвал Положение Датчик "
"P0339","P","both","Коленвал Положение Датчик A Цепь Прерывистый","Коленвал Положение Датчик A Цепь Прерывистый","Коленвал Положение Датчик "
"P0340","P","both","Распредвал Положение Датчик Цепь Неисправность","Распредвал Положение Датчик Цепь Неисправность","Распредвал Положение Датчик "
"P0341","P","both","Распредвал Положение Датчик Цепь Диапазон/Производительность","Распредвал Положение Датчик Цепь Диапазон/Производительность","Распредвал Положение Датчик "
"P0342","P","both","Распредвал Положение Датчик Цепь Низкий Вход","Распредвал Положение Датчик Цепь Низкий Вход","Распредвал Положение Датчик "
"P0343","P","both","Распредвал Положение Датчик Цепь Высокий Вход","Распредвал Положение Датчик Цепь Высокий Вход","Распредвал Положение Датчик "
"P0344","P","both","Распредвал Положение Датчик Цепь Прерывистый","Распредвал Положение Датчик Цепь Прерывистый","Распредвал Положение Датчик "
"P0345","P","both","Распредвал Положение Датчик A Цепь (Ряд 2)","Распредвал Положение Датчик A Цепь (Ряд 2)","Распредвал Положение Датчик "
"P0346","P","both","Распредвал Положение Датчик A Цепь Диапазон/Производительность (Ряд 2)","Распредвал Положение Датчик A Цепь Диапазон/Производительность (Ряд 2)","Распредвал Положение Датчик "
"P0347","P","both","Распредвал Положение Датчик A Цепь Низкий Вход (Ряд 2)","Распредвал Положение Датчик A Цепь Низкий Вход (Ряд 2)","Распредвал Положение Датчик "
"P0348","P","both","Распредвал Положение Датчик A Цепь Высокий Вход (Ряд 2)","Распредвал Положение Датчик A Цепь Высокий Вход (Ряд 2)","Распредвал Положение Датчик "
"P0349","P","both","Распредвал Положение Датчик A Цепь Прерывистый (Ряд 2)","Распредвал Положение Датчик A Цепь Прерывистый (Ряд 2)","Распредвал Положение Датчик "
"P0350","P","both","Зажигание Катушка Primary/Secondary Цепь Неисправность","Зажигание Катушка Primary/Secondary Цепь Неисправность","Зажигание Катушка Primary/Secondary Цепь"
"P0351","P","both","Зажигание Катушка A Primary/Secondary Цепь Неисправность","Зажигание Катушка A Primary/Secondary Цепь Неисправность","Зажигание Катушка "
"P0352","P","both","Зажигание Катушка B Primary/Secondary Цепь Неисправность","Зажигание Катушка B Primary/Secondary Цепь Неисправность","Зажигание Катушка "
"P0353","P","both","Зажигание Катушка C Primary/Secondary Цепь Неисправность","Зажигание Катушка C Primary/Secondary Цепь Неисправность","Зажигание Катушка "
"P0354","P","both","Зажигание Катушка D Primary/Secondary Цепь Неисправность","Зажигание Катушка D Primary/Secondary Цепь Неисправность","Зажигание Катушка "
"P0355","P","both","Зажигание Катушка E Primary/Secondary Цепь Неисправность","Зажигание Катушка E Primary/Secondary Цепь Неисправность","Зажигание Катушка "
"P0356","P","both","Зажигание Катушка F Primary/Secondary Цепь Неисправность","Зажигание Катушка F Primary/Secondary Цепь Неисправность","Зажигание Катушка "
"P0357","P","both","Зажигание Катушка G Primary/Secondary Цепь Неисправность","Зажигание Катушка G Primary/Secondary Цепь Неисправность","Зажигание Катушка "
"P0358","P","both","Зажигание Катушка H Primary/Secondary Цепь Неисправность","Зажигание Катушка H Primary/Secondary Цепь Неисправность","Зажигание Катушка "
"P0359","P","both","Зажигание Катушка I Primary/Secondary Цепь Неисправность","Зажигание Катушка I Primary/Secondary Цепь Неисправность","Зажигание Катушка "
"P0360","P","both","Зажигание Катушка J Primary/Secondary Цепь Неисправность","Зажигание Катушка J Primary/Secondary Цепь Неисправность","Зажигание Катушка "
"P0361","P","both","Зажигание Катушка K Primary/Secondary Цепь Неисправность","Зажигание Катушка K Primary/Secondary Цепь Неисправность","Зажигание Катушка "
"P0362","P","both","Зажигание Катушка L Primary/Secondary Цепь Неисправность","Зажигание Катушка L Primary/Secondary Цепь Неисправность","Зажигание Катушка "
"P0363","P","both","Пропуск зажигания Обнаружен - Fueling Disabled","Пропуск зажигания Обнаружен - Fueling Disabled","Пропуск зажигания Обнаружен - Fueling Disabled"
"P0364","P","both","Зажигание Катушка L Primary/Secondary Цепь","Зажигание Катушка L Primary/Secondary Цепь","Зарезервировано"
"P0365","P","both","Распредвал Положение Датчик B Цепь (Ряд 2)","Распредвал Положение Датчик B Цепь (Ряд 2)","Распредвал Положение Датчик "
"P0366","P","both","Распредвал Положение Датчик B Цепь Диапазон/Производительность (Ряд 2)","Распредвал Положение Датчик B Цепь Диапазон/Производительность (Ряд 2)","Распредвал Положение Датчик "
"P0367","P","both","Распредвал Положение Датчик B Цепь Низкий Вход (Ряд 2)","Распредвал Положение Датчик B Цепь Низкий Вход (Ряд 2)","Распредвал Положение Датчик "
"P0368","P","both","Распредвал Положение Датчик B Цепь Высокий Вход (Ряд 2)","Распредвал Положение Датчик B Цепь Высокий Вход (Ряд 2)","Распредвал Положение Датчик "
"P0369","P","both","Распредвал Положение Датчик B Цепь Прерывистый (Ряд 2)","Распредвал Положение Датчик B Цепь Прерывистый (Ряд 2)","Распредвал Положение Датчик "
"P0370","P","both","Синхронизация Reference Высокий Resolution Сигнал A Неисправность","Синхронизация Reference Высокий Resolution Сигнал A Неисправность","Синхронизация Reference Высокий Resolution Сигнал "
"P0371","P","both","Синхронизация Reference Высокий Resolution Сигнал A Слишком много Pulses","Синхронизация Reference Высокий Resolution Сигнал A Слишком много Pulses","Синхронизация Reference Высокий Resolution Сигнал "
"P0372","P","both","Синхронизация Reference Высокий Resolution Сигнал A Too Few Pulses","Синхронизация Reference Высокий Resolution Сигнал A Too Few Pulses","Синхронизация Reference Высокий Resolution Сигнал "
"P0373","P","both","Синхронизация Reference Высокий Resolution Сигнал A Прерывистый/Нестабильный Pulses","Синхронизация Reference Высокий Resolution Сигнал A Прерывистый/Нестабильный Pulses","Синхронизация Reference Высокий Resolution Сигнал "
"P0374","P","both","Синхронизация Reference Высокий Resolution Сигнал A No Pulses","Синхронизация Reference Высокий Resolution Сигнал A No Pulses","Синхронизация Reference Высокий Resolution Сигнал "
"P0375","P","both","Синхронизация Reference Высокий Resolution Сигнал B Неисправность","Синхронизация Reference Высокий Resolution Сигнал B Неисправность","Синхронизация Reference Высокий Resolution Сигнал "
"P0376","P","both","Синхронизация Reference Высокий Resolution Сигнал B Слишком много Pulses","Синхронизация Reference Высокий Resolution Сигнал B Слишком много Pulses","Синхронизация Reference Высокий Resolution Сигнал "
"P0377","P","both","Синхронизация Reference Высокий Resolution Сигнал B Too Few Pulses","Синхронизация Reference Высокий Resolution Сигнал B Too Few Pulses","Синхронизация Reference Высокий Resolution Сигнал "
"P0378","P","both","Синхронизация Reference Высокий Resolution Сигнал B Прерывистый/Нестабильный Pulses","Синхронизация Reference Высокий Resolution Сигнал B Прерывистый/Нестабильный Pulses","Синхронизация Reference Высокий Resolution Сигнал "
"P0379","P","both","Синхронизация Reference Высокий Resolution Сигнал B No Pulses","Синхронизация Reference Высокий Resolution Сигнал B No Pulses","Синхронизация Reference Высокий Resolution Сигнал "
"P0380","P","both","Glow Plug/Нагреватель Цепь A Неисправность More details...","Glow Plug/Нагреватель Цепь A Неисправность More details...","Glow Plug/Нагреватель Цепь "
"P0381","P","both","Glow Plug/Нагреватель Индикатор Цепь Неисправность","Glow Plug/Нагреватель Индикатор Цепь Неисправность","Glow Plug/Нагреватель Индикатор Цепь"
"P0382","P","both","Glow Plug/Нагреватель Цепь B Неисправность","Glow Plug/Нагреватель Цепь B Неисправность","Glow Plug/Нагреватель Цепь "
"P0383","P","both","Glow Plug/Нагреватель Индикатор Цепь","Glow Plug/Нагреватель Индикатор Цепь","Зарезервировано by SAE J2012"
"P0384","P","both","Glow Plug/Нагреватель Цепь B","Glow Plug/Нагреватель Цепь B","Зарезервировано by SAE J2012"
"P0385","P","both","Коленвал Положение Датчик B Цепь Неисправность","Коленвал Положение Датчик B Цепь Неисправность","Коленвал Положение Датчик "
"P0386","P","both","Коленвал Положение Датчик B Цепь Диапазон/Производительность","Коленвал Положение Датчик B Цепь Диапазон/Производительность","Коленвал Положение Датчик "
"P0387","P","both","Коленвал Положение Датчик B Цепь Низкий Вход","Коленвал Положение Датчик B Цепь Низкий Вход","Коленвал Положение Датчик "
"P0388","P","both","Коленвал Положение Датчик B Цепь Высокий Вход","Коленвал Положение Датчик B Цепь Высокий Вход","Коленвал Положение Датчик "
"P0389","P","both","Коленвал Положение Датчик B Цепь Прерывистый","Коленвал Положение Датчик B Цепь Прерывистый","Коленвал Положение Датчик "
"P0390","P","both","Распредвал Положение Датчик B Цепь (Ряд 2)","Распредвал Положение Датчик B Цепь (Ряд 2)","Распредвал Положение Датчик "
"P0391","P","both","Распредвал Положение Датчик B Цепь Диапазон/Производительность (Ряд 2)","Распредвал Положение Датчик B Цепь Диапазон/Производительность (Ряд 2)","Распредвал Положение Датчик "
"P0392","P","both","Распредвал Положение Датчик B Цепь Низкий Вход (Ряд 2)","Распредвал Положение Датчик B Цепь Низкий Вход (Ряд 2)","Распредвал Положение Датчик "
"P0393","P","both","Распредвал Положение Датчик B Цепь Высокий Вход (Ряд 2)","Распредвал Положение Датчик B Цепь Высокий Вход (Ряд 2)","Распредвал Положение Датчик "
"P0394","P","both","Распредвал Положение Датчик B Цепь Прерывистый (Ряд 2)","Распредвал Положение Датчик B Цепь Прерывистый (Ряд 2)","Распредвал Положение Датчик "
"P0395","P","base-only","Распредвал Положение Датчик B Цепь Высокий Вход (Ряд 2)","Распредвал Положение Датчик B Цепь Высокий Вход (Ряд 2)",
"P0396","P","base-only","Распредвал Положение Датчик B Цепь Прерывистый (Ряд 2)","Распредвал Положение Датчик B Цепь Прерывистый (Ряд 2)",
"P0397","P","unknown",,"",
"P0398","P","unknown",,"",
"P0399","P","unknown",,"",
"P0400","P","both","Выхлоп Gas Recirculation Поток Неисправность","Выхлоп Gas Recirculation Поток Неисправность","Выхлоп Gas Recirculation Поток"
"P0401","P","both","Выхлоп Gas Recirculation Поток Insufficient Обнаружен","Выхлоп Gas Recirculation Поток Insufficient Обнаружен","Выхлоп Gas Recirculation Поток Insufficient Обнаружен"
"P0402","P","both","Выхлоп Gas Recirculation Поток Excessive Обнаружен","Выхлоп Gas Recirculation Поток Excessive Обнаружен","Выхлоп Gas Recirculation Поток Excessive Обнаружен"
"P0403","P","both","Выхлоп Gas Recirculation Цепь Неисправность","Выхлоп Gas Recirculation Цепь Неисправность","Выхлоп Gas Recirculation Управление Цепь"
"P0404","P","both","Выхлоп Gas Recirculation Цепь Диапазон/Производительность","Выхлоп Gas Recirculation Цепь Диапазон/Производительность","Выхлоп Gas Recirculation Управление Цепь Диапазон/Производительность"
"P0405","P","both","Выхлоп Gas Recirculation Датчик A Цепь Низкий","Выхлоп Gas Recirculation Датчик A Цепь Низкий","Выхлоп Gas Recirculation Датчик "
"P0406","P","both","Выхлоп Gas Recirculation Датчик A Цепь Высокий","Выхлоп Gas Recirculation Датчик A Цепь Высокий","Выхлоп Gas Recirculation Датчик "
"P0407","P","both","Выхлоп Gas Recirculation Датчик B Цепь Низкий","Выхлоп Gas Recirculation Датчик B Цепь Низкий","Выхлоп Gas Recirculation Датчик "
"P0408","P","both","Выхлоп Gas Recirculation Датчик B Цепь Высокий","Выхлоп Gas Recirculation Датчик B Цепь Высокий","Выхлоп Gas Recirculation Датчик "
"P0409","P","both","Выхлоп Gas Recirculation Датчик A Цепь","Выхлоп Gas Recirculation Датчик A Цепь","Выхлоп Gas Recirculation Датчик "
"P0410","P","both","Secondary Воздух Injection Система Неисправность","Secondary Воздух Injection Система Неисправность","Secondary Воздух Injection Система"
"P0411","P","both","Secondary Воздух Injection Система Incorrect Поток Обнаружен","Secondary Воздух Injection Система Incorrect Поток Обнаружен","Secondary Воздух Injection Система Incorrect Поток Обнаружен"
"P0412","P","both","Secondary Воздух Injection Система Switching Клапан A Цепь Неисправность","Secondary Воздух Injection Система Switching Клапан A Цепь Неисправность","Secondary Воздух Injection Система Switching Клапан "
"P0413","P","both","Secondary Воздух Injection Система Switching Клапан A Цепь Обрыв","Secondary Воздух Injection Система Switching Клапан A Цепь Обрыв","Secondary Воздух Injection Система Switching Клапан "
"P0414","P","both","Secondary Воздух Injection Система Switching Клапан A Цепь Shorted","Secondary Воздух Injection Система Switching Клапан A Цепь Shorted","Secondary Воздух Injection Система Switching Клапан "
"P0415","P","both","Secondary Воздух Injection Система Switching Клапан B Цепь Неисправность","Secondary Воздух Injection Система Switching Клапан B Цепь Неисправность","Secondary Воздух Injection Система Switching Клапан "
"P0416","P","both","Secondary Воздух Injection Система Switching Клапан B Цепь Обрыв","Secondary Воздух Injection Система Switching Клапан B Цепь Обрыв","Secondary Воздух Injection Система Switching Клапан "
"P0417","P","both","Secondary Воздух Injection Система Switching Клапан B Цепь Shorted","Secondary Воздух Injection Система Switching Клапан B Цепь Shorted","Secondary Воздух Injection Система Switching Клапан "
"P0418","P","both","Secondary Воздух Injection Система Relay A Цепь Неисправность","Secondary Воздух Injection Система Relay A Цепь Неисправность","Secondary Воздух Injection Система Управление "
"P0419","P","both","Secondary Воздух Injection Система Relay B Цепь Неисправность","Secondary Воздух Injection Система Relay B Цепь Неисправность","Secondary Воздух Injection Система Управление "
"P0420","P","both","Катализатор Система Эффективность Ниже порога (Ряд 1)","Катализатор Система Эффективность Ниже порога (Ряд 1)","Катализатор Система Эффективность Ниже порога"
"P0421","P","both","Warm Up Катализатор Эффективность Ниже порога (Ряд 1)","Warm Up Катализатор Эффективность Ниже порога (Ряд 1)","Warm Up Катализатор Эффективность Ниже порога"
"P0422","P","both","Main Катализатор Эффективность Ниже порога (Ряд 1)","Main Катализатор Эффективность Ниже порога (Ряд 1)","Main Катализатор Эффективность Ниже порога"
"P0423","P","both","Heated Катализатор Эффективность Ниже порога (Ряд 1)","Heated Катализатор Эффективность Ниже порога (Ряд 1)","Heated Катализатор Эффективность Ниже порога"
"P0424","P","both","Heated Катализатор Температура Ниже порога (Ряд 1)","Heated Катализатор Температура Ниже порога (Ряд 1)","Heated Катализатор Температура Ниже порога"
"P0425","P","both","Катализатор Температура Датчик (Ряд 1 Датчик 1)","Катализатор Температура Датчик (Ряд 1 Датчик 1)","Катализатор Температура Датчик"
"P0426","P","both","Катализатор Температура Датчик Диапазон/Производительность (Ряд 1 Датчик 1)","Катализатор Температура Датчик Диапазон/Производительность (Ряд 1 Датчик 1)","Катализатор Температура Датчик Диапазон/Производительность"
"P0427","P","both","Катализатор Температура Датчик Низкий Вход (Ряд 1 Датчик 1)","Катализатор Температура Датчик Низкий Вход (Ряд 1 Датчик 1)","Катализатор Температура Датчик Низкий"
"P0428","P","both","Катализатор Температура Датчик Высокий Вход (Ряд 1 Датчик 1)","Катализатор Температура Датчик Высокий Вход (Ряд 1 Датчик 1)","Катализатор Температура Датчик Высокий"
"P0429","P","both","Катализатор Нагреватель Управление Цепь (Ряд 1)","Катализатор Нагреватель Управление Цепь (Ряд 1)","Катализатор Нагреватель Управление Цепь"
"P0430","P","both","Катализатор Система Эффективность Ниже порога (Ряд 2)","Катализатор Система Эффективность Ниже порога (Ряд 2)","Катализатор Система Эффективность Ниже порога"
"P0431","P","both","Warm Up Катализатор Эффективность Ниже порога (Ряд 2)","Warm Up Катализатор Эффективность Ниже порога (Ряд 2)","Warm Up Катализатор Эффективность Ниже порога"
"P0432","P","both","Main Катализатор Эффективность Ниже порога (Ряд 2)","Main Катализатор Эффективность Ниже порога (Ряд 2)","Main Катализатор Эффективность Ниже порога"
"P0433","P","both","Heated Катализатор Эффективность Ниже порога (Ряд 2)","Heated Катализатор Эффективность Ниже порога (Ряд 2)","Heated Катализатор Эффективность Ниже порога"
"P0434","P","both","Heated Катализатор Температура Ниже порога (Ряд 2)","Heated Катализатор Температура Ниже порога (Ряд 2)","Heated Катализатор Температура Ниже порога"
"P0435","P","both","Катализатор Температура Датчик (Ряд 2 Датчик 1)","Катализатор Температура Датчик (Ряд 2 Датчик 1)","Катализатор Температура Датчик"
"P0436","P","both","Катализатор Температура Датчик Диапазон/Производительность (Ряд 2 Датчик 1)","Катализатор Температура Датчик Диапазон/Производительность (Ряд 2 Датчик 1)","Катализатор Температура Датчик Диапазон/Производительность"
"P0437","P","both","Катализатор Температура Датчик Низкий Вход (Ряд 2 Датчик 1)","Катализатор Температура Датчик Низкий Вход (Ряд 2 Датчик 1)","Катализатор Температура Датчик Низкий"
"P0438","P","both","Катализатор Температура Датчик Высокий Вход (Ряд 2 Датчик 1)","Катализатор Температура Датчик Высокий Вход (Ряд 2 Датчик 1)","Катализатор Температура Датчик Высокий"
"P0439","P","both","Катализатор Нагреватель Управление Цепь (Ряд 2)","Катализатор Нагреватель Управление Цепь (Ряд 2)","Катализатор Нагреватель Управление Цепь"
"P0440","P","both","Испарительная Выброс Управление Система Неисправность","Испарительная Выброс Управление Система Неисправность","Испарительная Выброс Система"
"P0441","P","both","Испарительная Выброс Управление Система Incorrect Продувка Поток","Испарительная Выброс Управление Система Incorrect Продувка Поток","Испарительная Выброс Система Incorrect Продувка Поток"
"P0442","P","both","Испарительная Выброс Управление Система Утечка Обнаружен (Малая утечка)","Испарительная Выброс Управление Система Утечка Обнаружен (Малая утечка)","Испарительная Выброс Система Утечка Обнаружен (Малая утечка)"
"P0443","P","both","Испарительная Выброс Управление Система Продувка Управление Клапан Цепь Неисправность","Испарительная Выброс Управление Система Продувка Управление Клапан Цепь Неисправность","Испарительная Выброс Система Продувка Управление Клапан Цепь"
"P0444","P","both","Испарительная Выброс Управление Система Продувка Управление Клапан Цепь Обрыв","Испарительная Выброс Управление Система Продувка Управление Клапан Цепь Обрыв","Испарительная Выброс Система Продувка Управление Клапан Цепь Обрыв"
"P0445","P","both","Испарительная Выброс Управление Система Продувка Управление Клапан Цепь Shorted","Испарительная Выброс Управление Система Продувка Управление Клапан Цепь Shorted","Испарительная Выброс Система Продувка Управление Клапан Цепь Shorted"
"P0446","P","both","Испарительная Выброс Управление Система Вентиляция Управление Цепь Неисправность","Испарительная Выброс Управление Система Вентиляция Управление Цепь Неисправность","Испарительная Выброс Система Вентиляция Управление Цепь"
"P0447","P","both","Испарительная Выброс Управление Система Вентиляция Управление Цепь Обрыв","Испарительная Выброс Управление Система Вентиляция Управление Цепь Обрыв","Испарительная Выброс Система Вентиляция Управление Цепь Обрыв"
"P0448","P","both","Испарительная Выброс Управление Система Вентиляция Управление Цепь Shorted","Испарительная Выброс Управление Система Вентиляция Управление Цепь Shorted","Испарительная Выброс Система Вентиляция Управление Цепь Shorted"
"P0449","P","both","Испарительная Выброс Управление Система Вентиляция Клапан/Соленоид Цепь Неисправность","Испарительная Выброс Управление Система Вентиляция Клапан/Соленоид Цепь Неисправность","Испарительная Выброс Система Вентиляция Клапан/Соленоид Цепь"
"P0450","P","app-only","Испарительная Выброс Система Давление Датчик/Switch",,"Испарительная Выброс Система Давление Датчик/Switch"
"P0451","P","app-only","Испарительная Выброс Система Давление Датчик/Switch Диапазон/Производительность",,"Испарительная Выброс Система Давление Датчик/Switch Диапазон/Производительность"
"P0452","P","both","- Испарительная Выброс Управление Система Давление Датчик Низкий Вход","- Испарительная Выброс Управление Система Давление Датчик Низкий Вход","Испарительная Выброс Система Давление Датчик/Switch Низкий"
"P0453","P","app-only","Испарительная Выброс Система Давление Датчик/Switch Высокий",,"Испарительная Выброс Система Давление Датчик/Switch Высокий"
"P0454","P","app-only","Испарительная Выброс Система Давление Датчик/Switch Прерывистый",,"Испарительная Выброс Система Давление Датчик/Switch Прерывистый"
"P0455","P","both","Система Грубая утечка Испарительная Выброс","Система Грубая утечка Испарительная Выброс","Испарительная Выброс Система Утечка Обнаружен (Большая утечка)"
"P0456","P","both","Испарительная Emissions Система Малая утечка Обнаружен","Испарительная Emissions Система Малая утечка Обнаружен","Испарительная Выброс Система Утечка Обнаружен (Очень малая утечка)"
"P0457","P","both","Испарительная Выброс Управление Система Утечка Обнаружен","Испарительная Выброс Управление Система Утечка Обнаружен","Испарительная Выброс Система Утечка Обнаружен (Топливо cap loose/off)"
"P0458","P","app-only","Испарительная Выброс Система Продувка Управление Клапан Цепь Низкий",,"Испарительная Выброс Система Продувка Управление Клапан Цепь Низкий"
"P0459","P","app-only","Испарительная Выброс Система Продувка Управление Клапан Цепь Высокий",,"Испарительная Выброс Система Продувка Управление Клапан Цепь Высокий"
"P0460","P","both","Испарительная Выброс Управление Система Давление Датчик Неисправность / Топливо Level Датчик Цепь Неисправность","Испарительная Выброс Управление Система Давление Датчик Неисправность / Топливо Level Датчик Цепь Неисправность","Топливо Level Датчик "
"P0461","P","both","Испарительная Выброс Управление Система Давление Датчик Диапазон/Производительность / Топливо Level Датчик Цепь Диапазон/Производительность","Испарительная Выброс Управление Система Давление Датчик Диапазон/Производительность / Топливо Level Датчик Цепь Диапазон/Производительность","Топливо Level Датчик "
"P0462","P","both","Испарительная Выброс Управление Система Давление Датчик Низкий Вход / Топливо Level Датчик Цепь Низкий Вход","Испарительная Выброс Управление Система Давление Датчик Низкий Вход / Топливо Level Датчик Цепь Низкий Вход","Топливо Level Датчик "
"P0463","P","both","Испарительная Выброс Управление Система Давление Датчик Высокий Вход / Топливо Level Датчик Цепь Высокий Вход","Испарительная Выброс Управление Система Давление Датчик Высокий Вход / Топливо Level Датчик Цепь Высокий Вход","Топливо Level Датчик "
"P0464","P","both","Испарительная Выброс Управление Система Давление Датчик Прерывистый / Топливо Level Датчик Цепь Прерывистый","Испарительная Выброс Управление Система Давление Датчик Прерывистый / Топливо Level Датчик Цепь Прерывистый","Топливо Level Датчик "
"P0465","P","both","Испарительная Выброс Управление Система Tank Обнаружен (Грубая утечка) / Продувка Поток Датчик Цепь Неисправность","Испарительная Выброс Управление Система Tank Обнаружен (Грубая утечка) / Продувка Поток Датчик Цепь Неисправность","Система улавливания паров Продувка Поток Датчик Цепь"
"P0466","P","both","Испарительная Выброс Система Утечка Обнаружен (Очень малая утечка) / Продувка Поток Датчик Цепь Диапазон/Производительность","Испарительная Выброс Система Утечка Обнаружен (Очень малая утечка) / Продувка Поток Датчик Цепь Диапазон/Производительность","Система улавливания паров Продувка Поток Датчик Цепь Диапазон/Производительность"
"P0467","P","both","Испарительная Выброс Система Утечка Обнаружен (Топливо cap loose/off) / Продувка Поток Датчик Цепь Низкий Вход","Испарительная Выброс Система Утечка Обнаружен (Топливо cap loose/off) / Продувка Поток Датчик Цепь Низкий Вход","Система улавливания паров Продувка Поток Датчик Цепь Низкий"
"P0468","P","both","Испарительная Выброс Система Продувка Управление Клапан Цепь Низкий / Продувка Поток Датчик Цепь Высокий Вход","Испарительная Выброс Система Продувка Управление Клапан Цепь Низкий / Продувка Поток Датчик Цепь Высокий Вход","Система улавливания паров Продувка Поток Датчик Цепь Высокий"
"P0469","P","both","Испарительная Выброс Система Продувка Управление Клапан Цепь Высокий / Продувка Поток Датчик Цепь Прерывистый","Испарительная Выброс Система Продувка Управление Клапан Цепь Высокий / Продувка Поток Датчик Цепь Прерывистый","Система улавливания паров Продувка Поток Датчик Цепь Прерывистый"
"P0470","P","both","Выхлоп Давление Датчик Неисправность","Выхлоп Давление Датчик Неисправность","Выхлоп Давление Датчик"
"P0471","P","both","Выхлоп Давление Датчик Диапазон/Производительность","Выхлоп Давление Датчик Диапазон/Производительность","Выхлоп Давление Датчик Диапазон/Производительность"
"P0472","P","both","Выхлоп Давление Датчик Низкий","Выхлоп Давление Датчик Низкий","Выхлоп Давление Датчик Низкий"
"P0473","P","both","Выхлоп Давление Датчик Высокий","Выхлоп Давление Датчик Высокий","Выхлоп Давление Датчик Высокий"
"P0474","P","both","Выхлоп Давление Датчик Прерывистый","Выхлоп Давление Датчик Прерывистый","Выхлоп Давление Датчик Прерывистый"
"P0475","P","both","Выхлоп Давление Управление Клапан Неисправность","Выхлоп Давление Управление Клапан Неисправность","Выхлоп Давление Управление Клапан"
"P0476","P","both","Выхлоп Давление Управление Клапан Диапазон/Производительность","Выхлоп Давление Управление Клапан Диапазон/Производительность","Выхлоп Давление Управление Клапан Диапазон/Производительность"
"P0477","P","both","Выхлоп Давление Управление Клапан Низкий","Выхлоп Давление Управление Клапан Низкий","Выхлоп Давление Управление Клапан Низкий"
"P0478","P","both","Выхлоп Давление Управление Клапан Высокий","Выхлоп Давление Управление Клапан Высокий","Выхлоп Давление Управление Клапан Высокий"
"P0479","P","both","Выхлоп Давление Управление Клапан Прерывистый","Выхлоп Давление Управление Клапан Прерывистый","Выхлоп Давление Управление Клапан Прерывистый"
"P0480","P","both","Cooling Fan 1 Управление Цепь Неисправность","Cooling Fan 1 Управление Цепь Неисправность","Fan 1 Управление Цепь"
"P0481","P","both","Cooling Fan 2 Управление Цепь Неисправность","Cooling Fan 2 Управление Цепь Неисправность","Fan 2 Управление Цепь"
"P0482","P","both","Cooling Fan 3 Управление Цепь Неисправность","Cooling Fan 3 Управление Цепь Неисправность","Fan 3 Управление Цепь"
"P0483","P","both","Cooling Fan Rationality Check Неисправность","Cooling Fan Rationality Check Неисправность","Fan Rationality Check"
"P0484","P","both","Cooling Fan Цепь Over Current","Cooling Fan Цепь Over Current","Fan Цепь Over Current"
"P0485","P","both","Cooling Fan Power/Масса Цепь Неисправность","Cooling Fan Power/Масса Цепь Неисправность","Fan Power/Масса Цепь"
"P0486","P","both","Выхлоп Gas Recirculation Датчик B Цепь","Выхлоп Gas Recirculation Датчик B Цепь","Выхлоп Gas Recirculation Датчик "
"P0487","P","both","Выхлоп Gas Recirculation Положение дроссельной заслонки Управление Цепь","Выхлоп Gas Recirculation Положение дроссельной заслонки Управление Цепь","Выхлоп Gas Recirculation Положение дроссельной заслонки Управление Цепь"
"P0488","P","both","Выхлоп Gas Recirculation Положение дроссельной заслонки Управление Диапазон/Производительность","Выхлоп Gas Recirculation Положение дроссельной заслонки Управление Диапазон/Производительность","Выхлоп Gas Recirculation Положение дроссельной заслонки Управление Диапазон/Производительность"
"P0489","P","both","Выхлоп Gas Recirculation Управление Цепь Низкий","Выхлоп Gas Recirculation Управление Цепь Низкий","Выхлоп Gas Recirculation Управление Цепь Низкий"
"P0490","P","both","Выхлоп Gas Recirculation Управление Цепь Низкий","Выхлоп Gas Recirculation Управление Цепь Низкий","Выхлоп Gas Recirculation Управление Цепь Высокий"
"P0491","P","both","Secondary Воздух Injection Система (Ряд 2)","Secondary Воздух Injection Система (Ряд 2)","Secondary Воздух Injection Система Insufficient Поток"
"P0492","P","both","Secondary Воздух Injection Система (Ряд 2)","Secondary Воздух Injection Система (Ряд 2)","Secondary Воздух Injection Система Insufficient Поток"
"P0493","P","both","Fan Превышение скорости (clutch locked)","Fan Превышение скорости (clutch locked)","Fan Превышение скорости"
"P0494","P","both","Fan Скорость Низкий","Fan Скорость Низкий","Fan Скорость Низкий"
"P0495","P","both","Fan Скорость Высокий","Fan Скорость Высокий","Fan Скорость Высокий"
"P0496","P","both","Испарительная Выброс Система Высокий Продувка Поток","Испарительная Выброс Система Высокий Продувка Поток","Испарительная Выброс Система Высокий Продувка Поток"
"P0497","P","both","Испарительная Выброс Система Низкий Продувка Поток","Испарительная Выброс Система Низкий Продувка Поток","Испарительная Выброс Система Низкий Продувка Поток"
"P0498","P","both","Испарительная Выброс Система Вентиляция Управление Цепь Низкий","Испарительная Выброс Система Вентиляция Управление Цепь Низкий","Испарительная Выброс Система Вентиляция Клапан Управление Цепь Низкий"
"P0499","P","both","Испарительная Выброс Система Вентиляция Управление Цепь Высокий","Испарительная Выброс Система Вентиляция Управление Цепь Высокий","Испарительная Выброс Система Вентиляция Клапан Управление Цепь Высокий"
"P0500","P","both","Скорость автомобиля Датчик Неисправность","Скорость автомобиля Датчик Неисправность","Скорость автомобиля Датчик "
"P0501","P","both","Скорость автомобиля Датчик Диапазон/Производительность","Скорость автомобиля Датчик Диапазон/Производительность","Скорость автомобиля Датчик "
"P0502","P","both","Скорость автомобиля Датчик Цепь Низкий Вход","Скорость автомобиля Датчик Цепь Низкий Вход","Скорость автомобиля Датчик "
"P0503","P","both","Скорость автомобиля Датчик Прерывистый/Нестабильный/Высокий","Скорость автомобиля Датчик Прерывистый/Нестабильный/Высокий","Скорость автомобиля Датчик "
"P0504","P","both","Brake Switch A / B Корреляция","Brake Switch A / B Корреляция","Brake Switch "
"P0505","P","both","Холостой ход Управление Система Неисправность","Холостой ход Управление Система Неисправность","Холостой ход Воздух Управление Система"
"P0506","P","both","Холостой ход Управление Система Обороты lower Than Expected","Холостой ход Управление Система Обороты lower Than Expected","Холостой ход Воздух Управление Система Обороты Lower Than Expected"
"P0507","P","both","Холостой ход Управление Система Обороты higher Than Expected","Холостой ход Управление Система Обороты higher Than Expected","Холостой ход Воздух Управление Система Обороты Higher Than Expected"
"P0508","P","both","Холостой ход Воздух Управление Система Цепь Низкий","Холостой ход Воздух Управление Система Цепь Низкий","Холостой ход Воздух Управление Система Цепь Низкий"
"P0509","P","both","Холостой ход Воздух Управление Система Цепь Высокий","Холостой ход Воздух Управление Система Цепь Высокий","Холостой ход Воздух Управление Система Цепь Высокий"
"P0510","P","both","Closed Положение дроссельной заслонки Switch Неисправность","Closed Положение дроссельной заслонки Switch Неисправность","Closed Положение дроссельной заслонки Switch"
"P0511","P","both","Холостой ход Воздух Управление Цепь","Холостой ход Воздух Управление Цепь","Холостой ход Воздух Управление Цепь"
"P0512","P","both","Starter Запрос Цепь","Starter Запрос Цепь","Starter Запрос Цепь"
"P0513","P","both","Incorrect Immobilizer Key","Incorrect Immobilizer Key","Incorrect Immobilizer Key"
"P0514","P","both","Батарея Температура Датчик Цепь Диапазон/Производительность","Батарея Температура Датчик Цепь Диапазон/Производительность","Батарея Температура Датчик Цепь Диапазон/Производительность"
"P0515","P","both","Батарея Температура Датчик Цепь","Батарея Температура Датчик Цепь","Батарея Температура Датчик Цепь"
"P0516","P","both","Батарея Температура Датчик Цепь Низкий","Батарея Температура Датчик Цепь Низкий","Батарея Температура Датчик Цепь Низкий"
"P0517","P","both","Батарея Температура Датчик Цепь Высокий","Батарея Температура Датчик Цепь Высокий","Батарея Температура Датчик Цепь Высокий"
"P0518","P","both","Холостой ход Воздух Управление Цепь Прерывистый","Холостой ход Воздух Управление Цепь Прерывистый","Холостой ход Воздух Управление Цепь Прерывистый"
"P0519","P","both","Холостой ход Воздух Управление Цепь Система Производительность","Холостой ход Воздух Управление Цепь Система Производительность","Холостой ход Воздух Управление Система Производительность"
"P051B","P","base-only","Crankcase Давление Датчик Цепь Диапазон/Производительность","Crankcase Давление Датчик Цепь Диапазон/Производительность",
"P0520","P","both","Двигатель Oil Давление Датчик/Switch Цепь Неисправность","Двигатель Oil Давление Датчик/Switch Цепь Неисправность","Двигатель Oil Давление Датчик/Switch Цепь"
"P0521","P","both","Двигатель Oil Давление Датчик/Switch Диапазон/Производительность","Двигатель Oil Давление Датчик/Switch Диапазон/Производительность","Двигатель Oil Давление Датчик/Switch Диапазон/Производительность"
"P0522","P","both","Двигатель Oil Давление Датчик/Switch Низкий Напряжение","Двигатель Oil Давление Датчик/Switch Низкий Напряжение","Двигатель Oil Давление Датчик/Switch Низкий Напряжение"
"P0523","P","both","Двигатель Oil Давление Датчик/Switch Высокий Напряжение","Двигатель Oil Давление Датчик/Switch Высокий Напряжение","Двигатель Oil Давление Датчик/Switch Высокий Напряжение"
"P0524","P","both","Двигатель Oil Давление Слишком низкий","Двигатель Oil Давление Слишком низкий","Двигатель Oil Давление Слишком низкий"
"P0525","P","both","Cruise Управление Servo Управление Цепь Диапазон/Производительность","Cruise Управление Servo Управление Цепь Диапазон/Производительность","Cruise Управление Servo Управление Цепь Диапазон/Производительность"
"P0526","P","both","Fan Скорость Датчик Цепь","Fan Скорость Датчик Цепь","Fan Скорость Датчик Цепь"
"P0527","P","both","Fan Скорость Датчик Цепь Диапазон/Производительность","Fan Скорость Датчик Цепь Диапазон/Производительность","Fan Скорость Датчик Цепь Диапазон/Производительность"
"P0528","P","both","Fan Скорость Датчик Цепь No Сигнал","Fan Скорость Датчик Цепь No Сигнал","Fan Скорость Датчик Цепь No Сигнал"
"P0529","P","both","Fan Скорость Датчик Цепь Прерывистый","Fan Скорость Датчик Цепь Прерывистый","Fan Скорость Датчик Цепь Прерывистый"
"P0530","P","both","A/C Refrigerant Давление Датчик Цепь Неисправность","A/C Refrigerant Давление Датчик Цепь Неисправность","A/C Refrigerant Давление Датчик "
"P0531","P","both","A/C Refrigerant Давление Датчик Цепь Диапазон/Производительность","A/C Refrigerant Давление Датчик Цепь Диапазон/Производительность","A/C Refrigerant Давление Датчик "
"P0532","P","both","A/C Refrigerant Давление Датчик Цепь Низкий Вход","A/C Refrigerant Давление Датчик Цепь Низкий Вход","A/C Refrigerant Давление Датчик "
"P0533","P","both","A/C Refrigerant Давление Датчик Цепь Высокий Вход","A/C Refrigerant Давление Датчик Цепь Высокий Вход","A/C Refrigerant Давление Датчик "
"P0534","P","both","Воздух Conditioner Refrigerant Charge Loss","Воздух Conditioner Refrigerant Charge Loss","Воздух Conditioner Refrigerant Charge Loss"
"P0535","P","both","A/C Evaporator Температура Датчик Цепь","A/C Evaporator Температура Датчик Цепь","A/C Evaporator Температура Датчик Цепь"
"P0536","P","both","A/C Evaporator Температура Датчик Цепь Диапазон/Производительность","A/C Evaporator Температура Датчик Цепь Диапазон/Производительность","A/C Evaporator Температура Датчик Цепь Диапазон/Производительность"
"P0537","P","both","A/C Evaporator Температура Датчик Цепь Низкий","A/C Evaporator Температура Датчик Цепь Низкий","A/C Evaporator Температура Датчик Цепь Низкий"
"P0538","P","both","A/C Evaporator Температура Датчик Цепь Высокий","A/C Evaporator Температура Датчик Цепь Высокий","A/C Evaporator Температура Датчик Цепь Высокий"
"P0539","P","both","A/C Evaporator Температура Датчик Цепь Прерывистый","A/C Evaporator Температура Датчик Цепь Прерывистый","A/C Evaporator Температура Датчик Цепь Прерывистый"
"P0540","P","both","Впуск Воздух Нагреватель A Цепь","Впуск Воздух Нагреватель A Цепь","Впуск Воздух Нагреватель "
"P0541","P","both","Впуск Воздух Нагреватель A Цепь Низкий","Впуск Воздух Нагреватель A Цепь Низкий","Впуск Воздух Нагреватель "
"P0542","P","both","Впуск Воздух Нагреватель A Цепь Высокий","Впуск Воздух Нагреватель A Цепь Высокий","Впуск Воздух Нагреватель "
"P0543","P","both","Впуск Воздух Нагреватель A Цепь Обрыв","Впуск Воздух Нагреватель A Цепь Обрыв","Впуск Воздух Нагреватель "
"P0544","P","both","Выхлоп Gas Температура Датчик Цепь - Ряд 2 Датчик 1","Выхлоп Gas Температура Датчик Цепь - Ряд 2 Датчик 1","Выхлоп Gas Температура Датчик Цепь"
"P0545","P","both","Выхлоп Gas Температура Датчик Цепь Низкий - Ряд 2 Датчик 1","Выхлоп Gas Температура Датчик Цепь Низкий - Ряд 2 Датчик 1","Выхлоп Gas Температура Датчик Цепь Низкий"
"P0546","P","both","Выхлоп Gas Температура Датчик Цепь Высокий - Ряд 2 Датчик 1","Выхлоп Gas Температура Датчик Цепь Высокий - Ряд 2 Датчик 1","Выхлоп Gas Температура Датчик Цепь Высокий"
"P0547","P","both","Выхлоп Gas Температура Датчик Цепь - Ряд 2 Датчик 1","Выхлоп Gas Температура Датчик Цепь - Ряд 2 Датчик 1","Выхлоп Gas Температура Датчик Цепь"
"P0548","P","both","Выхлоп Gas Температура Датчик Цепь Низкий - Ряд 2 Датчик 1","Выхлоп Gas Температура Датчик Цепь Низкий - Ряд 2 Датчик 1","Выхлоп Gas Температура Датчик Цепь Низкий"
"P0549","P","both","Выхлоп Gas Температура Датчик Цепь Высокий - Ряд 2 Датчик 1","Выхлоп Gas Температура Датчик Цепь Высокий - Ряд 2 Датчик 1","Выхлоп Gas Температура Датчик Цепь Высокий"
"P0550","P","both","Power Steering Давление Датчик Цепь Неисправность","Power Steering Давление Датчик Цепь Неисправность","Power Steering Давление Датчик/Switch Цепь"
"P0551","P","both","Power Steering Давление Датчик Цепь Диапазон/Производительность","Power Steering Давление Датчик Цепь Диапазон/Производительность","Power Steering Давление Датчик/Switch Цепь Диапазон/Производительность"
"P0552","P","both","Power Steering Давление Датчик Цепь Низкий Вход","Power Steering Давление Датчик Цепь Низкий Вход","Power Steering Давление Датчик/Switch Цепь Низкий Вход"
"P0553","P","both","Power Steering Давление Датчик Цепь Высокий Вход","Power Steering Давление Датчик Цепь Высокий Вход","Power Steering Давление Датчик/Switch Цепь Высокий Вход"
"P0554","P","both","Power Steering Давление Датчик Цепь Прерывистый","Power Steering Давление Датчик Цепь Прерывистый","Power Steering Давление Датчик/Switch Цепь Прерывистый"
"P0555","P","both","Brake Booster Давление Датчик Цепь","Brake Booster Давление Датчик Цепь","Brake Booster Давление Датчик Цепь"
"P0556","P","both","Brake Booster Давление Датчик Цепь Диапазон/Производительность","Brake Booster Давление Датчик Цепь Диапазон/Производительность","Brake Booster Давление Датчик Цепь Диапазон/Производительность"
"P0557","P","both","Brake Booster Давление Датчик Цепь Низкий Вход","Brake Booster Давление Датчик Цепь Низкий Вход","Brake Booster Давление Датчик Цепь Низкий Вход"
"P0558","P","both","Brake Booster Давление Датчик Цепь Высокий Вход","Brake Booster Давление Датчик Цепь Высокий Вход","Brake Booster Давление Датчик Цепь Высокий Вход"
"P0559","P","both","Brake Booster Давление Датчик Цепь Прерывистый","Brake Booster Давление Датчик Цепь Прерывистый","Brake Booster Давление Датчик Цепь Прерывистый"
"P0560","P","both","Система Напряжение Неисправность","Система Напряжение Неисправность","Система Напряжение"
"P0561","P","both","Система Напряжение Unstable","Система Напряжение Unstable","Система Напряжение Unstable"
"P0562","P","both","Система Напряжение Низкий","Система Напряжение Низкий","Система Напряжение Низкий"
"P0563","P","both","Система Напряжение Высокий","Система Напряжение Высокий","Система Напряжение Высокий"
"P0564","P","both","Cruise Управление Multi-Function Вход A Цепь","Cruise Управление Multi-Function Вход A Цепь","Cruise Управление Multi-Function Вход "
"P0565","P","both","Cruise Управление On Сигнал Неисправность","Cruise Управление On Сигнал Неисправность","Cruise Управление On Сигнал"
"P0566","P","both","Cruise Управление Off Сигнал Неисправность","Cruise Управление Off Сигнал Неисправность","Cruise Управление Off Сигнал"
"P0567","P","both","Cruise Управление Resume Сигнал Неисправность","Cruise Управление Resume Сигнал Неисправность","Cruise Управление Resume Сигнал"
"P0568","P","both","Cruise Управление Set Сигнал Неисправность","Cruise Управление Set Сигнал Неисправность","Cruise Управление Set Сигнал"
"P0569","P","both","Cruise Управление Coast Сигнал Неисправность","Cruise Управление Coast Сигнал Неисправность","Cruise Управление Coast Сигнал"
"P0570","P","both","Cruise Управление Accel Сигнал Неисправность","Cruise Управление Accel Сигнал Неисправность","Cruise Управление Accelerate Сигнал"
"P0571","P","both","Cruise Управление/Brake Switch A Цепь Неисправность","Cruise Управление/Brake Switch A Цепь Неисправность","Brake Switch "
"P0572","P","both","Cruise Управление/Brake Switch A Цепь Низкий","Cruise Управление/Brake Switch A Цепь Низкий","Brake Switch "
"P0573","P","both","Cruise Управление/Brake Switch A Цепь Высокий","Cruise Управление/Brake Switch A Цепь Высокий","Brake Switch "
"P0574","P","both","Cruise Управление Система - Скорость автомобиля Слишком высокий","Cruise Управление Система - Скорость автомобиля Слишком высокий","Cruise Управление Система - Скорость автомобиля Слишком высокий"
"P0575","P","both","Cruise Управление Вход Цепь","Cruise Управление Вход Цепь","Cruise Управление Вход Цепь"
"P0576","P","both","Cruise Управление Вход Цепь Низкий","Cruise Управление Вход Цепь Низкий","Cruise Управление Вход Цепь Низкий"
"P0577","P","both","Cruise Управление Вход Цепь Высокий","Cruise Управление Вход Цепь Высокий","Cruise Управление Вход Цепь Высокий"
"P0578","P","both","Cruise Управление Multi-Function Вход A Цепь Заклинило","Cruise Управление Multi-Function Вход A Цепь Заклинило","Cruise Управление Multi-Function Вход "
"P0579","P","both","Cruise Управление Multi-Function Вход A Цепь Диапазон/Производительность","Cruise Управление Multi-Function Вход A Цепь Диапазон/Производительность","Cruise Управление Multi-Function Вход "
"P0580","P","both","Cruise Управление Multi-Function Вход A Цепь Низкий","Cruise Управление Multi-Function Вход A Цепь Низкий","Cruise Управление Multi-Function Вход "
"P0581","P","both","Cruise Управление Multi-Function Вход A Цепь Высокий","Cruise Управление Multi-Function Вход A Цепь Высокий","Cruise Управление Multi-Function Вход "
"P0582","P","both","Cruise Управление Разрежение Управление Цепь /Обрыв","Cruise Управление Разрежение Управление Цепь /Обрыв","Cruise Управление Разрежение Управление Цепь/Обрыв"
"P0583","P","both","Cruise Управление Разрежение Управление Цепь Низкий","Cruise Управление Разрежение Управление Цепь Низкий","Cruise Управление Разрежение Управление Цепь Низкий"
"P0584","P","both","Cruise Управление Разрежение Управление Цепь Высокий","Cruise Управление Разрежение Управление Цепь Высокий","Cruise Управление Разрежение Управление Цепь Высокий"
"P0585","P","both","Cruise Управление Multi-Function Вход A / B Корреляция","Cruise Управление Multi-Function Вход A / B Корреляция","Cruise Управление Multi-Function Вход "
"P0586","P","both","Cruise Управление Вентиляция Управление Цепь / Обрыв","Cruise Управление Вентиляция Управление Цепь / Обрыв","Cruise Управление Вентиляция Управление Цепь/Обрыв"
"P0587","P","both","Cruise Управление Вентиляция Управление Цепь Низкий","Cruise Управление Вентиляция Управление Цепь Низкий","Cruise Управление Вентиляция Управление Цепь Низкий"
"P0588","P","both","Cruise Управление Вентиляция Управление Цепь Высокий","Cruise Управление Вентиляция Управление Цепь Высокий","Cruise Управление Вентиляция Управление Цепь Высокий"
"P0589","P","both","Cruise Управление Multi-Function Вход B Цепь","Cruise Управление Multi-Function Вход B Цепь","Cruise Управление Multi-Function Вход "
"P0590","P","both","Cruise Управление Multi-Function Вход B Цепь Заклинило","Cruise Управление Multi-Function Вход B Цепь Заклинило","Cruise Управление Multi-Function Вход "
"P0591","P","both","Cruise Управление Multi-Function Вход B Цепь Диапазон/Производительность","Cruise Управление Multi-Function Вход B Цепь Диапазон/Производительность","Cruise Управление Multi-Function Вход "
"P0592","P","both","Cruise Управление Multi-Function Вход B Цепь Низкий","Cruise Управление Multi-Function Вход B Цепь Низкий","Cruise Управление Multi-Function Вход "
"P0593","P","both","Cruise Управление Multi-Function Вход B Цепь Высокий","Cruise Управление Multi-Function Вход B Цепь Высокий","Cruise Управление Multi-Function Вход "
"P0594","P","both","Cruise Управление Servo Управление Цепь / Обрыв","Cruise Управление Servo Управление Цепь / Обрыв","Cruise Управление Servo Управление Цепь/Обрыв"
"P0595","P","both","Cruise Управление Servo Управление Цепь Низкий","Cruise Управление Servo Управление Цепь Низкий","Cruise Управление Servo Управление Цепь Низкий"
"P0596","P","both","Cruise Управление Servo Управление Цепь Высокий","Cruise Управление Servo Управление Цепь Высокий","Cruise Управление Servo Управление Цепь Высокий"
"P0597","P","both","Thermostat Нагреватель Управление Цепь / Обрыв","Thermostat Нагреватель Управление Цепь / Обрыв","Thermostat Нагреватель Управление Цепь/Обрыв"
"P0598","P","both","Thermostat Нагреватель Управление Цепь Низкий","Thermostat Нагреватель Управление Цепь Низкий","Thermostat Нагреватель Управление Цепь Низкий"
"P0599","P","both","Thermostat Нагреватель Управление Цепь Высокий","Thermostat Нагреватель Управление Цепь Высокий","Thermostat Нагреватель Управление Цепь Высокий"
"P0600","P","both","Serial Связь Link Неисправность","Serial Связь Link Неисправность","Serial Связь Link"
"P0601","P","both","Internal Управление Модуль Memory Check Sum Error","Internal Управление Модуль Memory Check Sum Error","Internal Управление Модуль Memory Check Sum Error"
"P0602","P","both","Управление Модуль Programming Error","Управление Модуль Programming Error","Управление Модуль Programming Error"
"P0603","P","both","Internal Управление Модуль Keep Alive Memory (KAM) Error","Internal Управление Модуль Keep Alive Memory (KAM) Error","Internal Управление Модуль Keep Alive Memory (KAM) Error"
"P0604","P","both","Internal Управление Модуль Случайный Access Memory (RAM) Error","Internal Управление Модуль Случайный Access Memory (RAM) Error","Internal Управление Модуль Случайный Access Memory (RAM) Error"
"P0605","P","both","Internal Управление Модуль Read Only Memory (ROM) Error (Модуль Identification Defined by SAE J1979)","Internal Управление Модуль Read Only Memory (ROM) Error (Модуль Identification Defined by SAE J1979)","Internal Управление Модуль Read Only Memory (ROM) Error"
"P0606","P","both","Блок управления двигателем/Блок управления двигателем Processor Fault","Блок управления двигателем/Блок управления двигателем Processor Fault","Блок управления двигателем/Блок управления двигателем Processor"
"P0607","P","both","Управление Модуль Производительность","Управление Модуль Производительность","Управление Модуль Производительность"
"P0608","P","both","Управление Модуль VSS Выход A Неисправность","Управление Модуль VSS Выход A Неисправность","Управление Модуль VSS Выход "
"P0609","P","both","Управление Модуль VSS Выход B Неисправность","Управление Модуль VSS Выход B Неисправность","Управление Модуль VSS Выход "
"P0610","P","both","Управление Модуль VSS Выход B Неисправность","Управление Модуль VSS Выход B Неисправность","Управление Модуль Автомобиль Options Error"
"P0611","P","both","Топливо Форсунка Управление Модуль Производительность","Топливо Форсунка Управление Модуль Производительность","Топливо Форсунка Управление Модуль Производительность"
"P0612","P","both","Топливо Форсунка Управление Модуль Relay Управление Цепь","Топливо Форсунка Управление Модуль Relay Управление Цепь","Топливо Форсунка Управление Модуль Relay Управление"
"P0613","P","both","Блок управления трансмиссией Processor","Блок управления трансмиссией Processor","Блок управления трансмиссией Processor"
"P0614","P","both","Блок управления двигателем / Блок управления трансмиссией Mismatch","Блок управления двигателем / Блок управления трансмиссией Mismatch","Блок управления двигателем / Блок управления трансмиссией Incompatible"
"P0615","P","both","Starter Relay Цепь","Starter Relay Цепь","Starter Relay Цепь"
"P0616","P","both","Starter Relay Цепь Низкий","Starter Relay Цепь Низкий","Starter Relay Цепь Низкий"
"P0617","P","both","Starter Relay Цепь Высокий","Starter Relay Цепь Высокий","Starter Relay Цепь Высокий"
"P0618","P","both","Alternative Топливо Управление Модуль KAM Error","Alternative Топливо Управление Модуль KAM Error","Alternative Топливо Управление Модуль KAM Error"
"P0619","P","both","Alternative Топливо Управление Модуль RAM/ROM Error","Alternative Топливо Управление Модуль RAM/ROM Error","Alternative Топливо Управление Модуль RAM/ROM Error"
"P0620","P","both","Generator Управление Цепь Неисправность","Generator Управление Цепь Неисправность","Generator Управление Цепь"
"P0621","P","both","Generator Лампа L Управление Цепь Неисправность","Generator Лампа L Управление Цепь Неисправность","Generator Лампа/L Terminal Цепь"
"P0622","P","both","Generator Field F Управление Цепь Неисправность","Generator Field F Управление Цепь Неисправность","Generator Field/F Terminal Цепь"
"P0623","P","both","Generator Лампа Управление Цепь","Generator Лампа Управление Цепь","Generator Лампа Управление Цепь"
"P0624","P","both","Топливо Cap Лампа Управление Цепь","Топливо Cap Лампа Управление Цепь","Топливо Cap Лампа Управление Цепь"
"P0625","P","both","Generator Field Terminal Цепь Низкий","Generator Field Terminal Цепь Низкий","Generator Field/F Terminal Цепь Низкий"
"P0626","P","both","Generator Field Terminal Цепь Высокий","Generator Field Terminal Цепь Высокий","Generator Field/F Terminal Цепь Высокий"
"P0627","P","both","Топливо Насос A Управление Цепь / Обрыв","Топливо Насос A Управление Цепь / Обрыв","Топливо Насос "
"P0628","P","both","Топливо Насос A Управление Цепь Низкий","Топливо Насос A Управление Цепь Низкий","Топливо Насос "
"P0629","P","both","Топливо Насос A Управление Цепь Высокий","Топливо Насос A Управление Цепь Высокий","Топливо Насос "
"P0630","P","both","VIN Not Programmed or Mismatch - Блок управления двигателем/Блок управления двигателем","VIN Not Programmed or Mismatch - Блок управления двигателем/Блок управления двигателем","VIN Not Programmed or Incompatible - Блок управления двигателем/Блок управления двигателем"
"P0631","P","both","VIN Not Programmed or Mismatch - Блок управления трансмиссией","VIN Not Programmed or Mismatch - Блок управления трансмиссией","VIN Not Programmed or Incompatible - Блок управления трансмиссией"
"P0632","P","both","Odometer Not Programmed - Блок управления двигателем/Блок управления двигателем","Odometer Not Programmed - Блок управления двигателем/Блок управления двигателем","Odometer Not Programmed - Блок управления двигателем/Блок управления двигателем"
"P0633","P","both","Immobolizer Key Not Programmed - Блок управления двигателем/Блок управления двигателем","Immobolizer Key Not Programmed - Блок управления двигателем/Блок управления двигателем","Immobilizer Key Not Programmed - Блок управления двигателем/Блок управления двигателем"
"P0634","P","both","Блок управления двигателем / Блок управления двигателем / Блок управления трансмиссией Internal Температура Слишком высокий","Блок управления двигателем / Блок управления двигателем / Блок управления трансмиссией Internal Температура Слишком высокий","Блок управления двигателем/Блок управления двигателем/Блок управления трансмиссией Internal Температура Слишком высокий"
"P0635","P","both","Power Steering Управление Цепь","Power Steering Управление Цепь","Power Steering Управление Цепь"
"P0636","P","both","Power Steering Управление Цепь Низкий","Power Steering Управление Цепь Низкий","Power Steering Управление Цепь Низкий"
"P0637","P","both","Power Steering Управление Цепь Высокий","Power Steering Управление Цепь Высокий","Power Steering Управление Цепь Высокий"
"P0638","P","both","Дроссельная заслонка Привод Управление Диапазон/Производительность (Ряд 1)","Дроссельная заслонка Привод Управление Диапазон/Производительность (Ряд 1)","Дроссельная заслонка Привод Управление Диапазон/Производительность"
"P0639","P","both","Дроссельная заслонка Привод Управление Диапазон/Производительность (Ряд 2)","Дроссельная заслонка Привод Управление Диапазон/Производительность (Ряд 2)","Дроссельная заслонка Привод Управление Диапазон/Производительность"
"P0640","P","both","Впуск Воздух Нагреватель Управление Цепь","Впуск Воздух Нагреватель Управление Цепь","Впуск Воздух Нагреватель Управление Цепь"
"P0641","P","both","Датчик Reference Напряжение A Цепь/Обрыв","Датчик Reference Напряжение A Цепь/Обрыв","Датчик Reference Напряжение "
"P0642","P","both","Датчик Reference Напряжение A Цепь Низкий","Датчик Reference Напряжение A Цепь Низкий","Датчик Reference Напряжение "
"P0643","P","both","Датчик Reference Напряжение A Цепь Высокий","Датчик Reference Напряжение A Цепь Высокий","Датчик Reference Напряжение "
"P0644","P","both","Водитель Display Serial Связь Цепь","Водитель Display Serial Связь Цепь","Водитель Display Serial Связь Цепь"
"P0645","P","both","A/C Clutch Relay Управление Цепь","A/C Clutch Relay Управление Цепь","A/C Clutch Relay Управление Цепь"
"P0646","P","both","A/C Clutch Relay Управление Цепь Низкий","A/C Clutch Relay Управление Цепь Низкий","A/C Clutch Relay Управление Цепь Низкий"
"P0647","P","both","A/C Clutch Relay Управление Цепь Высокий","A/C Clutch Relay Управление Цепь Высокий","A/C Clutch Relay Управление Цепь Высокий"
"P0648","P","both","Immobilizer Лампа Управление Цепь","Immobilizer Лампа Управление Цепь","Immobilizer Лампа Управление Цепь"
"P0649","P","both","Скорость Управление Лампа Управление Цепь","Скорость Управление Лампа Управление Цепь","Скорость Управление Лампа Управление Цепь"
"P0650","P","both","Неисправность Индикатор Лампа (MIL) Управление Цепь Неисправность","Неисправность Индикатор Лампа (MIL) Управление Цепь Неисправность","Неисправность Индикатор Лампа (MIL) Управление Цепь"
"P0651","P","both","Датчик Reference Напряжение B Цепь/Обрыв","Датчик Reference Напряжение B Цепь/Обрыв","Датчик Reference Напряжение "
"P0652","P","both","Датчик Reference Напряжение B Цепь Низкий","Датчик Reference Напряжение B Цепь Низкий","Датчик Reference Напряжение "
"P0653","P","both","Датчик Reference Напряжение B Цепь Высокий","Датчик Reference Напряжение B Цепь Высокий","Датчик Reference Напряжение "
"P0654","P","both","Обороты двигателя Выход Цепь Неисправность","Обороты двигателя Выход Цепь Неисправность","Обороты двигателя Выход Цепь"
"P0655","P","both","Двигатель Hot Лампа Выход Управление Цепь Неисправность","Двигатель Hot Лампа Выход Управление Цепь Неисправность","Двигатель Hot Лампа Выход Управление Цепь"
"P0656","P","both","Топливо Level Выход Цепь Неисправность","Топливо Level Выход Цепь Неисправность","Топливо Level Выход Цепь"
"P0657","P","both","Привод Supply Напряжение Цепь / Обрыв","Привод Supply Напряжение Цепь / Обрыв","Привод Supply Напряжение "
"P0658","P","both","Привод Supply Напряжение Цепь Низкий","Привод Supply Напряжение Цепь Низкий","Привод Supply Напряжение "
"P0659","P","both","Привод Supply Напряжение Цепь Высокий","Привод Supply Напряжение Цепь Высокий","Привод Supply Напряжение "
"P0660","P","both","Впуск Коллектор Tuning Клапан Управление Цепь (Ряд 1)","Впуск Коллектор Tuning Клапан Управление Цепь (Ряд 1)","Впуск Коллектор Tuning Клапан Управление Цепь/Обрыв"
"P0661","P","both","Впуск Коллектор Tuning Клапан Управление Цепь Низкий (Ряд 1)","Впуск Коллектор Tuning Клапан Управление Цепь Низкий (Ряд 1)","Впуск Коллектор Tuning Клапан Управление Цепь Низкий"
"P0662","P","both","Впуск Коллектор Tuning Клапан Управление Цепь Высокий (Ряд 1)","Впуск Коллектор Tuning Клапан Управление Цепь Высокий (Ряд 1)","Впуск Коллектор Tuning Клапан Управление Цепь Высокий"
"P0663","P","both","Впуск Коллектор Tuning Клапан Управление Цепь (Ряд 2)","Впуск Коллектор Tuning Клапан Управление Цепь (Ряд 2)","Впуск Коллектор Tuning Клапан Управление Цепь/Обрыв"
"P0664","P","both","Впуск Коллектор Tuning Клапан Управление Цепь Низкий (Ряд 2)","Впуск Коллектор Tuning Клапан Управление Цепь Низкий (Ряд 2)","Впуск Коллектор Tuning Клапан Управление Цепь Низкий"
"P0665","P","both","Впуск Коллектор Tuning Клапан Управление Цепь Высокий (Ряд 2)","Впуск Коллектор Tuning Клапан Управление Цепь Высокий (Ряд 2)","Впуск Коллектор Tuning Клапан Управление Цепь Высокий"
"P0666","P","both","Блок управления двигателем / Блок управления двигателем / Блок управления трансмиссией Internal Температура Датчик Цепь","Блок управления двигателем / Блок управления двигателем / Блок управления трансмиссией Internal Температура Датчик Цепь","Блок управления двигателем/Блок управления двигателем/Блок управления трансмиссией Internal Температура Датчик Цепь"
"P0667","P","both","Блок управления двигателем / Блок управления двигателем / Блок управления трансмиссией Internal Температура Датчик Диапазон/Производительность","Блок управления двигателем / Блок управления двигателем / Блок управления трансмиссией Internal Температура Датчик Диапазон/Производительность","Блок управления двигателем/Блок управления двигателем/Блок управления трансмиссией Internal Температура Датчик Диапазон/Производительность"
"P0668","P","both","Блок управления двигателем / Блок управления двигателем / Блок управления трансмиссией Internal Температура Датчик Цепь Низкий","Блок управления двигателем / Блок управления двигателем / Блок управления трансмиссией Internal Температура Датчик Цепь Низкий","Блок управления двигателем/Блок управления двигателем/Блок управления трансмиссией Internal Температура Датчик Цепь Низкий"
"P0669","P","both","Блок управления двигателем / Блок управления двигателем / Блок управления трансмиссией Internal Температура Датчик Цепь Высокий","Блок управления двигателем / Блок управления двигателем / Блок управления трансмиссией Internal Температура Датчик Цепь Высокий","Блок управления двигателем/Блок управления двигателем/Блок управления трансмиссией Internal Температура Датчик Цепь Высокий"
"P0670","P","both","Glow Plug Модуль Управление Цепь More details...","Glow Plug Модуль Управление Цепь More details...","Glow Plug Модуль Управление Цепь"
"P0671","P","both","Цилиндр 1 Glow Plug Цепь","Цилиндр 1 Glow Plug Цепь","Цилиндр 1 Glow Plug Цепь"
"P0672","P","both","Цилиндр 2 Glow Plug Цепь","Цилиндр 2 Glow Plug Цепь","Цилиндр 2 Glow Plug Цепь"
"P0673","P","both","Цилиндр 3 Glow Plug Цепь","Цилиндр 3 Glow Plug Цепь","Цилиндр 3 Glow Plug Цепь"
"P0674","P","both","Цилиндр 4 Glow Plug Цепь","Цилиндр 4 Glow Plug Цепь","Цилиндр 4 Glow Plug Цепь"
"P0675","P","both","Цилиндр 5 Glow Plug Цепь","Цилиндр 5 Glow Plug Цепь","Цилиндр 5 Glow Plug Цепь"
"P0676","P","both","Цилиндр 6 Glow Plug Цепь","Цилиндр 6 Glow Plug Цепь","Цилиндр 6 Glow Plug Цепь"
"P0677","P","both","Цилиндр 7 Glow Plug Цепь","Цилиндр 7 Glow Plug Цепь","Цилиндр 7 Glow Plug Цепь"
"P0678","P","both","Цилиндр 8 Glow Plug Цепь","Цилиндр 8 Glow Plug Цепь","Цилиндр 8 Glow Plug Цепь"
"P0679","P","both","Цилиндр 9 Glow Plug Цепь","Цилиндр 9 Glow Plug Цепь","Цилиндр 9 Glow Plug Цепь"
"P0680","P","both","Цилиндр 10 Glow Plug Цепь","Цилиндр 10 Glow Plug Цепь","Цилиндр 10 Glow Plug Цепь"
"P0681","P","both","Цилиндр 11 Glow Plug Цепь","Цилиндр 11 Glow Plug Цепь","Цилиндр 11 Glow Plug Цепь"
"P0682","P","both","Цилиндр 12 Glow Plug Цепь","Цилиндр 12 Glow Plug Цепь","Цилиндр 12 Glow Plug Цепь"
"P0683","P","both","Glow Plug Управление Модуль to Блок управления двигателем Связь Цепь","Glow Plug Управление Модуль to Блок управления двигателем Связь Цепь","Glow Plug Управление Модуль to Блок управления двигателем Связь Цепь"
"P0684","P","both","Glow Plug Управление Модуль to Блок управления двигателем Связь Цепь Диапазон/Производительность","Glow Plug Управление Модуль to Блок управления двигателем Связь Цепь Диапазон/Производительность","Glow Plug Управление Модуль to Блок управления двигателем Связь Цепь Диапазон/Производительность"
"P0685","P","both","Блок управления двигателем/Блок управления двигателем Power Relay Управление Цепь/Обрыв","Блок управления двигателем/Блок управления двигателем Power Relay Управление Цепь/Обрыв","Блок управления двигателем/Блок управления двигателем Power Relay Управление Цепь /Обрыв"
"P0686","P","both","Блок управления двигателем/Блок управления двигателем Power Relay Управление Цепь Низкий","Блок управления двигателем/Блок управления двигателем Power Relay Управление Цепь Низкий","Блок управления двигателем/Блок управления двигателем Power Relay Управление Цепь Низкий"
"P0687","P","both","Блок управления двигателем/Блок управления двигателем Power Relay Управление Цепь Высокий","Блок управления двигателем/Блок управления двигателем Power Relay Управление Цепь Высокий","Блок управления двигателем/Блок управления двигателем Power Relay Управление Цепь Высокий"
"P0688","P","both","Блок управления двигателем/Блок управления двигателем Power Relay Sense Цепь","Блок управления двигателем/Блок управления двигателем Power Relay Sense Цепь","Блок управления двигателем/Блок управления двигателем Power Relay Sense Цепь /Обрыв"
"P0689","P","both","Блок управления двигателем/Блок управления двигателем Power Relay Sense Цепь Низкий","Блок управления двигателем/Блок управления двигателем Power Relay Sense Цепь Низкий","Блок управления двигателем/Блок управления двигателем Power Relay Sense Цепь Низкий"
"P0690","P","both","Блок управления двигателем/Блок управления двигателем Power Relay Sense Цепь Высокий","Блок управления двигателем/Блок управления двигателем Power Relay Sense Цепь Высокий","Блок управления двигателем/Блок управления двигателем Power Relay Sense Цепь Высокий"
"P0691","P","both","Fan 1 Управление Цепь Низкий","Fan 1 Управление Цепь Низкий","Fan 1 Управление Цепь Низкий"
"P0692","P","both","Fan 1 Управление Цепь Высокий","Fan 1 Управление Цепь Высокий","Fan 1 Управление Цепь Высокий"
"P0693","P","both","Fan 2 Управление Цепь Низкий","Fan 2 Управление Цепь Низкий","Fan 2 Управление Цепь Низкий"
"P0694","P","both","Fan 2 Управление Цепь Высокий","Fan 2 Управление Цепь Высокий","Fan 2 Управление Цепь Высокий"
"P0695","P","both","Fan 3 Управление Цепь Низкий","Fan 3 Управление Цепь Низкий","Fan 3 Управление Цепь Низкий"
"P0696","P","both","Fan 3 Управление Цепь Высокий","Fan 3 Управление Цепь Высокий","Fan 3 Управление Цепь Высокий"
"P0697","P","both","Датчик Reference Напряжение C Цепь / Обрыв","Датчик Reference Напряжение C Цепь / Обрыв","Датчик Reference Напряжение "
"P0698","P","both","Датчик Reference Напряжение C Цепь Низкий","Датчик Reference Напряжение C Цепь Низкий","Датчик Reference Напряжение "
"P0699","P","both","Датчик Reference Напряжение C Цепь Высокий","Датчик Reference Напряжение C Цепь Высокий","Датчик Reference Напряжение "
"P0700","P","both","Трансмиссия Управление Система Неисправность","Трансмиссия Управление Система Неисправность","Трансмиссия Управление Система (MIL Запрос)"
"P0701","P","both","Трансмиссия Управление Система Диапазон/Производительность","Трансмиссия Управление Система Диапазон/Производительность","Трансмиссия Управление Система Диапазон/Производительность"
"P0702","P","both","Трансмиссия Управление Система Electrical","Трансмиссия Управление Система Electrical","Трансмиссия Управление Система Electrical"
"P0703","P","both","Torque Converter/Brake Switch B Цепь Неисправность","Torque Converter/Brake Switch B Цепь Неисправность","Brake Switch "
"P0704","P","both","Clutch Switch Вход Цепь Неисправность","Clutch Switch Вход Цепь Неисправность","Clutch Switch Вход Цепь Неисправность"
"P0705","P","both","Трансмиссия Range Датчик Цепь Неисправность (PRNDL Вход)","Трансмиссия Range Датчик Цепь Неисправность (PRNDL Вход)","Трансмиссия Range Датчик Цепь Неисправность (PRNDL Вход)"
"P0706","P","both","Трансмиссия Range Датчик Цепь Диапазон/Производительность","Трансмиссия Range Датчик Цепь Диапазон/Производительность","Трансмиссия Range Датчик Цепь Диапазон/Производительность"
"P0707","P","both","Трансмиссия Range Датчик Цепь Низкий Вход","Трансмиссия Range Датчик Цепь Низкий Вход","Трансмиссия Range Датчик Цепь Низкий"
"P0708","P","both","Трансмиссия Range Датчик Цепь Высокий Вход","Трансмиссия Range Датчик Цепь Высокий Вход","Трансмиссия Range Датчик Цепь Высокий"
"P0709","P","both","Трансмиссия Range Датчик Цепь Прерывистый","Трансмиссия Range Датчик Цепь Прерывистый","Трансмиссия Range Датчик Цепь Прерывистый"
"P0710","P","both","Трансмиссия Fluid Температура Датчик Цепь Неисправность","Трансмиссия Fluid Температура Датчик Цепь Неисправность","Трансмиссия Fluid Температура Датчик "
"P0711","P","both","Трансмиссия Fluid Температура Датчик Цепь Диапазон/Производительность","Трансмиссия Fluid Температура Датчик Цепь Диапазон/Производительность","Трансмиссия Fluid Температура Датчик "
"P0712","P","both","Трансмиссия Fluid Температура Датчик Цепь Низкий Вход","Трансмиссия Fluid Температура Датчик Цепь Низкий Вход","Трансмиссия Fluid Температура Датчик "
"P0713","P","both","Трансмиссия Fluid Температура Датчик Цепь Высокий Вход","Трансмиссия Fluid Температура Датчик Цепь Высокий Вход","Трансмиссия Fluid Температура Датчик "
"P0714","P","both","Трансмиссия Fluid Температура Датчик Цепь Прерывистый","Трансмиссия Fluid Температура Датчик Цепь Прерывистый","Трансмиссия Fluid Температура Датчик "
"P0715","P","both","Вход/Турбина Скорость Датчик Цепь Неисправность","Вход/Турбина Скорость Датчик Цепь Неисправность","Вход/Турбина Скорость Датчик "
"P0716","P","both","Вход/Турбина Скорость Датчик Цепь Диапазон/Производительность","Вход/Турбина Скорость Датчик Цепь Диапазон/Производительность","Вход/Турбина Скорость Датчик "
"P0717","P","both","Вход/Турбина Скорость Датчик Цепь No Сигнал","Вход/Турбина Скорость Датчик Цепь No Сигнал","Вход/Турбина Скорость Датчик "
"P0718","P","both","Вход/Турбина Скорость Датчик Цепь Прерывистый","Вход/Турбина Скорость Датчик Цепь Прерывистый","Вход/Турбина Скорость Датчик "
"P0719","P","both","Torque Converter/Brake Switch B Цепь Низкий","Torque Converter/Brake Switch B Цепь Низкий","Brake Switch "
"P0720","P","both","Выход Скорость Датчик Цепь Неисправность","Выход Скорость Датчик Цепь Неисправность","Выход Скорость Датчик Цепь"
"P0721","P","both","Выход Скорость Датчик Цепь Диапазон/Производительность","Выход Скорость Датчик Цепь Диапазон/Производительность","Выход Скорость Датчик Цепь Диапазон/Производительность"
"P0722","P","both","Выход Скорость Датчик Цепь No Сигнал","Выход Скорость Датчик Цепь No Сигнал","Выход Скорость Датчик Цепь No Сигнал"
"P0723","P","both","Выход Скорость Датчик Цепь Прерывистый","Выход Скорость Датчик Цепь Прерывистый","Выход Скорость Датчик Цепь Прерывистый"
"P0724","P","both","Torque Converter/Brake Switch B Цепь Высокий","Torque Converter/Brake Switch B Цепь Высокий","Brake Switch "
"P0725","P","both","Двигатель Скорость Вход Цепь Неисправность","Двигатель Скорость Вход Цепь Неисправность","Двигатель Скорость Вход Цепь"
"P0726","P","both","Двигатель Скорость Вход Цепь Диапазон/Производительность","Двигатель Скорость Вход Цепь Диапазон/Производительность","Двигатель Скорость Вход Цепь Диапазон/Производительность"
"P0727","P","both","Двигатель Скорость Вход Цепь No Сигнал","Двигатель Скорость Вход Цепь No Сигнал","Двигатель Скорость Вход Цепь No Сигнал"
"P0728","P","both","Двигатель Скорость Вход Цепь Прерывистый","Двигатель Скорость Вход Цепь Прерывистый","Двигатель Скорость Вход Цепь Прерывистый"
"P0729","P","both","Gear 6 Incorrect Ratio","Gear 6 Incorrect Ratio","Gear 6 Incorrect Ratio"
"P0730","P","both","Incorrect Gear Ratio","Incorrect Gear Ratio","Incorrect Gear Ratio"
"P0731","P","both","Gear 1 Incorrect Ratio","Gear 1 Incorrect Ratio","Gear 1 Incorrect Ratio"
"P0732","P","both","Gear 2 Incorrect Ratio","Gear 2 Incorrect Ratio","Gear 2 Incorrect Ratio"
"P0733","P","both","Gear 3 Incorrect Ratio","Gear 3 Incorrect Ratio","Gear 3 Incorrect Ratio"
"P0734","P","both","Gear 4 Incorrect Ratio","Gear 4 Incorrect Ratio","Gear 4 Incorrect Ratio"
"P0735","P","both","Gear 5 Incorrect Ratio","Gear 5 Incorrect Ratio","Gear 5 Incorrect Ratio"
"P0736","P","both","Reverse Incorrect Ratio","Reverse Incorrect Ratio","Reverse Incorrect Ratio"
"P0737","P","both","Блок управления трансмиссией Двигатель Скорость Выход Цепь","Блок управления трансмиссией Двигатель Скорость Выход Цепь","Блок управления трансмиссией Двигатель Скорость Выход Цепь"
"P0738","P","both","Блок управления трансмиссией Двигатель Скорость Выход Цепь Низкий","Блок управления трансмиссией Двигатель Скорость Выход Цепь Низкий","Блок управления трансмиссией Двигатель Скорость Выход Цепь Низкий"
"P0739","P","both","Синхронизация Reference Высокий Resolution Сигнал B No Pulses","Синхронизация Reference Высокий Resolution Сигнал B No Pulses","Блок управления трансмиссией Двигатель Скорость Выход Цепь Высокий"
"P0740","P","both","Torque Converter Clutch Цепь Неисправность","Torque Converter Clutch Цепь Неисправность","Torque Converter Clutch Цепь/Обрыв"
"P0741","P","both","Torque Converter Clutch Цепь Производительность or Заклинило Off","Torque Converter Clutch Цепь Производительность or Заклинило Off","Torque Converter Clutch Цепь Производительность or Заклинило Off"
"P0742","P","both","Torque Converter Clutch Цепь Заклинило On","Torque Converter Clutch Цепь Заклинило On","Torque Converter Clutch Цепь Заклинило On"
"P0743","P","both","Torque Converter Clutch Цепь Electrical","Torque Converter Clutch Цепь Electrical","Torque Converter Clutch Цепь Electrical"
"P0744","P","both","Torque Converter Clutch Цепь Прерывистый","Torque Converter Clutch Цепь Прерывистый","Torque Converter Clutch Цепь Прерывистый"
"P0745","P","both","Давление Управление Соленоид Неисправность","Давление Управление Соленоид Неисправность","Давление Управление Соленоид "
"P0746","P","both","Давление Управление Соленоид Производительность or Заклинило Off","Давление Управление Соленоид Производительность or Заклинило Off","Давление Управление Соленоид "
"P0747","P","both","Давление Управление Соленоид Заклинило On","Давление Управление Соленоид Заклинило On","Давление Управление Соленоид "
"P0748","P","both","Давление Управление Соленоид Electrical","Давление Управление Соленоид Electrical","Давление Управление Соленоид "
"P0749","P","both","Давление Управление Соленоид Прерывистый","Давление Управление Соленоид Прерывистый","Давление Управление Соленоид "
"P0750","P","both","Shift Соленоид A Неисправность","Shift Соленоид A Неисправность","Shift Соленоид "
"P0751","P","both","Shift Соленоид A Производительность or Заклинило Off","Shift Соленоид A Производительность or Заклинило Off","Shift Соленоид "
"P0752","P","both","Shift Соленоид A Заклинило On","Shift Соленоид A Заклинило On","Shift Соленоид "
"P0753","P","both","Shift Соленоид A Electrical","Shift Соленоид A Electrical","Shift Соленоид "
"P0754","P","both","Shift Соленоид A Прерывистый","Shift Соленоид A Прерывистый","Shift Соленоид "
"P0755","P","both","Shift Соленоид B Неисправность","Shift Соленоид B Неисправность","Shift Соленоид "
"P0756","P","both","Shift Соленоид B Производительность or Заклинило Off","Shift Соленоид B Производительность or Заклинило Off","Shift Соленоид "
"P0757","P","both","Shift Соленоид B Заклинило On","Shift Соленоид B Заклинило On","Shift Соленоид "
"P0758","P","both","Shift Соленоид B Electrical","Shift Соленоид B Electrical","Shift Соленоид "
"P0759","P","both","Shift Соленоид B Прерывистый","Shift Соленоид B Прерывистый","Shift Соленоид "
"P0760","P","both","Shift Соленоид C Неисправность","Shift Соленоид C Неисправность","Shift Соленоид "
"P0761","P","both","Shift Соленоид C Производительность or Заклинило Off","Shift Соленоид C Производительность or Заклинило Off","Shift Соленоид "
"P0762","P","both","Shift Соленоид C Заклинило On","Shift Соленоид C Заклинило On","Shift Соленоид "
"P0763","P","both","Shift Соленоид C Electrical","Shift Соленоид C Electrical","Shift Соленоид "
"P0764","P","both","Shift Соленоид C Прерывистый","Shift Соленоид C Прерывистый","Shift Соленоид "
"P0765","P","both","Shift Соленоид D Неисправность","Shift Соленоид D Неисправность","Shift Соленоид "
"P0766","P","both","Shift Соленоид D Производительность or Заклинило Off","Shift Соленоид D Производительность or Заклинило Off","Shift Соленоид "
"P0767","P","both","Shift Соленоид D Заклинило On","Shift Соленоид D Заклинило On","Shift Соленоид "
"P0768","P","both","Shift Соленоид D Electrical","Shift Соленоид D Electrical","Shift Соленоид "
"P0769","P","both","Shift Соленоид D Прерывистый","Shift Соленоид D Прерывистый","Shift Соленоид "
"P0770","P","both","Shift Соленоид E Неисправность","Shift Соленоид E Неисправность","Shift Соленоид "
"P0771","P","both","Shift Соленоид E Производительность or Заклинило Off","Shift Соленоид E Производительность or Заклинило Off","Shift Соленоид "
"P0772","P","both","Shift Соленоид E Заклинило On","Shift Соленоид E Заклинило On","Shift Соленоид "
"P0773","P","both","Shift Соленоид E Electrical","Shift Соленоид E Electrical","Shift Соленоид "
"P0774","P","both","Shift Соленоид E Прерывистый","Shift Соленоид E Прерывистый","Shift Соленоид "
"P0775","P","both","Давление Управление Соленоид B","Давление Управление Соленоид B","Давление Управление Соленоид "
"P0776","P","both","Давление Управление Соленоид B Производительность or Заклинило off","Давление Управление Соленоид B Производительность or Заклинило off","Давление Управление Соленоид "
"P0777","P","both","Давление Управление Соленоид B Заклинило On","Давление Управление Соленоид B Заклинило On","Давление Управление Соленоид "
"P0778","P","both","Давление Управление Соленоид B Electrical","Давление Управление Соленоид B Electrical","Давление Управление Соленоид "
"P0779","P","both","Давление Управление Соленоид B Прерывистый","Давление Управление Соленоид B Прерывистый","Давление Управление Соленоид "
"P0780","P","both","Shift Неисправность","Shift Неисправность","Shift Error"
"P0781","P","both","1-2 Shift Неисправность","1-2 Shift Неисправность","1-2 Shift"
"P0782","P","both","2-3 Shift Неисправность","2-3 Shift Неисправность","2-3 Shift"
"P0783","P","both","3-4 Shift Неисправность","3-4 Shift Неисправность","3-4 Shift"
"P0784","P","both","4-5 Shift Неисправность","4-5 Shift Неисправность","4-5 Shift"
"P0785","P","both","Shift Синхронизация Соленоид A Неисправность","Shift Синхронизация Соленоид A Неисправность","Shift/Синхронизация Соленоид"
"P0786","P","both","Shift Синхронизация Соленоид A Диапазон/Производительность","Shift Синхронизация Соленоид A Диапазон/Производительность","Shift/Синхронизация Соленоид Диапазон/Производительность"
"P0787","P","both","Shift Синхронизация Соленоид A Низкий","Shift Синхронизация Соленоид A Низкий","Shift/Синхронизация Соленоид Низкий"
"P0788","P","both","Shift Синхронизация Соленоид A Высокий","Shift Синхронизация Соленоид A Высокий","Shift/Синхронизация Соленоид Высокий"
"P0789","P","both","Shift Синхронизация Соленоид A Прерывистый","Shift Синхронизация Соленоид A Прерывистый","Shift/Синхронизация Соленоид Прерывистый"
"P0790","P","both","Normal/Производительность Switch Цепь Неисправность","Normal/Производительность Switch Цепь Неисправность","Normal/Производительность Switch Цепь"
"P0791","P","both","Intermediate Shaft Скорость Датчик Цепь","Intermediate Shaft Скорость Датчик Цепь","Intermediate Shaft Скорость Датчик "
"P0792","P","both","Intermediate Shaft Скорость Датчик Цепь Диапазон/Производительность","Intermediate Shaft Скорость Датчик Цепь Диапазон/Производительность","Intermediate Shaft Скорость Датчик "
"P0793","P","both","Intermediate Shaft Скорость Датчик Цепь No Сигнал","Intermediate Shaft Скорость Датчик Цепь No Сигнал","Intermediate Shaft Скорость Датчик "
"P0794","P","both","Intermediate Shaft Скорость Датчик Цепь Прерывистый","Intermediate Shaft Скорость Датчик Цепь Прерывистый","Intermediate Shaft Скорость Датчик "
"P0795","P","both","Давление Управление Соленоид C","Давление Управление Соленоид C","Давление Управление Соленоид "
"P0796","P","both","Давление Управление Соленоид C Производительность or Заклинило off","Давление Управление Соленоид C Производительность or Заклинило off","Давление Управление Соленоид "
"P0797","P","both","Давление Управление Соленоид C Заклинило On","Давление Управление Соленоид C Заклинило On","Давление Управление Соленоид "
"P0798","P","both","Давление Управление Соленоид C Electrical","Давление Управление Соленоид C Electrical","Давление Управление Соленоид "
"P0799","P","both","Давление Управление Соленоид C Прерывистый","Давление Управление Соленоид C Прерывистый","Давление Управление Соленоид "
"P0800","P","both","Трансмиссия Управление Система (MIL Запрос)","Трансмиссия Управление Система (MIL Запрос)","Transfer Case Управление Система (MIL Запрос)"
"P0801","P","both","Reverse Inhibit Управление Цепь Неисправность","Reverse Inhibit Управление Цепь Неисправность","Reverse Inhibit Управление Цепь"
"P0802","P","both","Трансмиссия Управление Система MIL Запрос Цепь / Обрыв","Трансмиссия Управление Система MIL Запрос Цепь / Обрыв","Трансмиссия Управление Система MIL Запрос Цепь/Обрыв"
"P0803","P","both","1-4 Upshift (Skip Shift) Соленоид Управление Цепь Неисправность","1-4 Upshift (Skip Shift) Соленоид Управление Цепь Неисправность","1-4 Upshift (Skip Shift) Соленоид Управление Цепь"
"P0804","P","both","1-4 Upshift (Skip Shift) Лампа Управление Цепь Неисправность","1-4 Upshift (Skip Shift) Лампа Управление Цепь Неисправность","1-4 Upshift (Skip Shift) Лампа Управление Цепь"
"P0805","P","both","Clutch Положение Датчик Цепь Неисправность","Clutch Положение Датчик Цепь Неисправность","Clutch Положение Датчик Цепь"
"P0806","P","both","Clutch Положение Датчик Цепь Диапазон/Производительность Неисправность","Clutch Положение Датчик Цепь Диапазон/Производительность Неисправность","Clutch Положение Датчик Цепь Диапазон/Производительность"
"P0807","P","both","Clutch Положение Датчик Цепь Низкий Неисправность","Clutch Положение Датчик Цепь Низкий Неисправность","Clutch Положение Датчик Цепь Низкий"
"P0808","P","both","Clutch Положение Датчик Цепь Высокий Неисправность","Clutch Положение Датчик Цепь Высокий Неисправность","Clutch Положение Датчик Цепь Высокий"
"P0809","P","both","Clutch Положение Датчик Цепь Прерывистый Неисправность","Clutch Положение Датчик Цепь Прерывистый Неисправность","Clutch Положение Датчик Цепь Прерывистый"
"P0810","P","both","Clutch Положение Управление Error","Clutch Положение Управление Error","Clutch Положение Управление Error"
"P0811","P","both","Excessive Clutch Slippage","Excessive Clutch Slippage","Excessive Clutch Slippage"
"P0812","P","both","Reverse Вход Цепь","Reverse Вход Цепь","Reverse Вход Цепь"
"P0813","P","both","Reverse Выход Цепь","Reverse Выход Цепь","Reverse Выход Цепь"
"P0814","P","both","Трансмиссия Range Display Цепь","Трансмиссия Range Display Цепь","Трансмиссия Range Display Цепь"
"P0815","P","both","Upshift Switch Цепь","Upshift Switch Цепь","Upshift Switch Цепь"
"P0816","P","both","Downshift Switch Цепь","Downshift Switch Цепь","Downshift Switch Цепь"
"P0817","P","both","Starter Disable Цепь","Starter Disable Цепь","Starter Disable Цепь"
"P0818","P","both","Driveline Disconnect Switch Вход Цепь","Driveline Disconnect Switch Вход Цепь","Driveline Disconnect Switch Вход Цепь"
"P0819","P","both","Up and Down Shift Switch to Трансмиссия Range Корреляция","Up and Down Shift Switch to Трансмиссия Range Корреляция","Up and Down Shift Switch to Трансмиссия Range Корреляция"
"P0820","P","both","Gear Lever X - Y Положение Датчик Цепь","Gear Lever X - Y Положение Датчик Цепь","Gear Lever X-Y Положение Датчик Цепь"
"P0821","P","both","Gear Lever X Положение Цепь","Gear Lever X Положение Цепь","Gear Lever X Положение Цепь"
"P0822","P","both","Gear Lever Y Положение Цепь","Gear Lever Y Положение Цепь","Gear Lever Y Положение Цепь"
"P0823","P","both","Gear Lever X Положение Цепь Прерывистый","Gear Lever X Положение Цепь Прерывистый","Gear Lever X Положение Цепь Прерывистый"
"P0824","P","both","Gear Lever Y Положение Цепь Прерывистый","Gear Lever Y Положение Цепь Прерывистый","Gear Lever Y Положение Цепь Прерывистый"
"P0825","P","both","Gear Lever Push - Pull Switch (Shift Anticipate)","Gear Lever Push - Pull Switch (Shift Anticipate)","Gear Lever Push-Pull Switch (Shift Anticipate)"
"P0826","P","both","Up and Down Switch Вход Цепь","Up and Down Switch Вход Цепь","Up and Down Shift Switch Цепь"
"P0827","P","both","Up and Down Switch Вход Цепь Низкий","Up and Down Switch Вход Цепь Низкий","Up and Down Shift Switch Цепь Низкий"
"P0828","P","both","Up and Down Switch Вход Цепь Высокий","Up and Down Switch Вход Цепь Высокий","Up and Down Shift Switch Цепь Высокий"
"P0829","P","both","5-6 Shift","5-6 Shift","5-6 Shift"
"P0830","P","both","Clutch Педаль Switch A Цепь","Clutch Педаль Switch A Цепь","Clutch Педаль Switch "
"P0831","P","both","Clutch Педаль Switch A Цепь Низкий","Clutch Педаль Switch A Цепь Низкий","Clutch Педаль Switch "
"P0832","P","both","Clutch Педаль Switch A Цепь Высокий","Clutch Педаль Switch A Цепь Высокий","Clutch Педаль Switch "
"P0833","P","both","Clutch Педаль Switch B Цепь","Clutch Педаль Switch B Цепь","Clutch Педаль Switch "
"P0834","P","both","Clutch Педаль Switch B Цепь Низкий","Clutch Педаль Switch B Цепь Низкий","Clutch Педаль Switch "
"P0835","P","both","Clutch Педаль Switch B Цепь Высокий","Clutch Педаль Switch B Цепь Высокий","Clutch Педаль Switch "
"P0836","P","both","Four Wheel Drive (4WD) Switch Цепь","Four Wheel Drive (4WD) Switch Цепь","Four Wheel Drive (4WD) Switch Цепь"
"P0837","P","both","Four Wheel Drive (4WD) Switch Цепь Диапазон/Производительность","Four Wheel Drive (4WD) Switch Цепь Диапазон/Производительность","Four Wheel Drive (4WD) Switch Цепь Диапазон/Производительность"
"P0838","P","both","Four Wheel Drive (4WD) Switch Цепь Низкий","Four Wheel Drive (4WD) Switch Цепь Низкий","Four Wheel Drive (4WD) Switch Цепь Низкий"
"P0839","P","both","Four Wheel Drive (4WD) Switch Цепь Высокий","Four Wheel Drive (4WD) Switch Цепь Высокий","Four Wheel Drive (4WD) Switch Цепь Высокий"
"P0840","P","both","Трансмиссия Fluid Давление Датчик/Switch A Цепь","Трансмиссия Fluid Давление Датчик/Switch A Цепь","Трансмиссия Fluid Давление Датчик/Switch "
"P0841","P","both","Трансмиссия Fluid Давление Датчик/Switch A Цепь Диапазон/Производительность","Трансмиссия Fluid Давление Датчик/Switch A Цепь Диапазон/Производительность","Трансмиссия Fluid Давление Датчик/Switch "
"P0842","P","both","Трансмиссия Fluid Давление Датчик/Switch A Цепь Низкий","Трансмиссия Fluid Давление Датчик/Switch A Цепь Низкий","Трансмиссия Fluid Давление Датчик/Switch "
"P0843","P","both","Трансмиссия Fluid Давление Датчик/Switch A Цепь Высокий","Трансмиссия Fluid Давление Датчик/Switch A Цепь Высокий","Трансмиссия Fluid Давление Датчик/Switch "
"P0844","P","both","Трансмиссия Fluid Давление Датчик/Switch A Цепь Прерывистый","Трансмиссия Fluid Давление Датчик/Switch A Цепь Прерывистый","Трансмиссия Fluid Давление Датчик/Switch "
"P0845","P","both","Трансмиссия Fluid Давление Датчик/Switch B Цепь","Трансмиссия Fluid Давление Датчик/Switch B Цепь","Трансмиссия Fluid Давление Датчик/Switch "
"P0846","P","both","Трансмиссия Fluid Давление Датчик/Switch B Цепь Диапазон/Производительность","Трансмиссия Fluid Давление Датчик/Switch B Цепь Диапазон/Производительность","Трансмиссия Fluid Давление Датчик/Switch "
"P0847","P","both","Трансмиссия Fluid Давление Датчик/Switch B Цепь Низкий","Трансмиссия Fluid Давление Датчик/Switch B Цепь Низкий","Трансмиссия Fluid Давление Датчик/Switch "
"P0848","P","both","Трансмиссия Fluid Давление Датчик/Switch B Цепь Высокий","Трансмиссия Fluid Давление Датчик/Switch B Цепь Высокий","Трансмиссия Fluid Давление Датчик/Switch "
"P0849","P","both","Трансмиссия Fluid Давление Датчик/Switch B Цепь Прерывистый","Трансмиссия Fluid Давление Датчик/Switch B Цепь Прерывистый","Трансмиссия Fluid Давление Датчик/Switch "
"P0850","P","both","Park / Neutral Switch Вход Цепь","Park / Neutral Switch Вход Цепь","Park/Neutral Switch Вход Цепь"
"P0851","P","both","Park / Neutral Switch Вход Цепь Низкий","Park / Neutral Switch Вход Цепь Низкий","Park/Neutral Switch Вход Цепь Низкий"
"P0852","P","both","Park / Neutral Switch Вход Цепь Высокий","Park / Neutral Switch Вход Цепь Высокий","Park/Neutral Switch Вход Цепь Высокий"
"P0853","P","both","Drive Switch Вход Цепь","Drive Switch Вход Цепь","Drive Switch Вход Цепь"
"P0854","P","both","Drive Switch Вход Цепь Низкий","Drive Switch Вход Цепь Низкий","Drive Switch Вход Цепь Низкий"
"P0855","P","both","Drive Switch Вход Цепь Высокий","Drive Switch Вход Цепь Высокий","Drive Switch Вход Цепь Высокий"
"P0856","P","both","Traction Управление Вход Сигнал","Traction Управление Вход Сигнал","Traction Управление Вход Сигнал"
"P0857","P","both","Traction Управление Вход Сигнал Диапазон/Производительность","Traction Управление Вход Сигнал Диапазон/Производительность","Traction Управление Вход Сигнал Диапазон/Производительность"
"P0858","P","both","Traction Управление Вход Сигнал Низкий","Traction Управление Вход Сигнал Низкий","Traction Управление Вход Сигнал Низкий"
"P0859","P","both","Traction Управление Вход Сигнал Высокий","Traction Управление Вход Сигнал Высокий","Traction Управление Вход Сигнал Высокий"
"P0860","P","both","Gear Shift Модуль Связь Цепь","Gear Shift Модуль Связь Цепь","Gear Shift Модуль Связь Цепь"
"P0861","P","both","Gear Shift Модуль Связь Цепь Низкий","Gear Shift Модуль Связь Цепь Низкий","Gear Shift Модуль Связь Цепь Низкий"
"P0862","P","both","Gear Shift Модуль Связь Цепь Высокий","Gear Shift Модуль Связь Цепь Высокий","Gear Shift Модуль Связь Цепь Высокий"
"P0863","P","both","Блок управления трансмиссией Связь Цепь","Блок управления трансмиссией Связь Цепь","Блок управления трансмиссией Связь Цепь"
"P0864","P","both","Блок управления трансмиссией Связь Цепь Диапазон/Производительность","Блок управления трансмиссией Связь Цепь Диапазон/Производительность","Блок управления трансмиссией Связь Цепь Диапазон/Производительность"
"P0865","P","both","Блок управления трансмиссией Связь Цепь Низкий","Блок управления трансмиссией Связь Цепь Низкий","Блок управления трансмиссией Связь Цепь Низкий"
"P0866","P","both","Блок управления трансмиссией Связь Цепь Высокий","Блок управления трансмиссией Связь Цепь Высокий","Блок управления трансмиссией Связь Цепь Высокий"
"P0867","P","both","Трансмиссия Fluid Давление","Трансмиссия Fluid Давление","Трансмиссия Fluid Давление"
"P0868","P","both","Трансмиссия Fluid Давление Низкий","Трансмиссия Fluid Давление Низкий","Трансмиссия Fluid Давление Низкий"
"P0869","P","both","Трансмиссия Fluid Давление Высокий","Трансмиссия Fluid Давление Высокий","Трансмиссия Fluid Давление Высокий"
"P0870","P","both","Трансмиссия Fluid Давление Датчик/Switch C Цепь","Трансмиссия Fluid Давление Датчик/Switch C Цепь","Трансмиссия Fluid Давление Датчик/Switch "
"P0871","P","both","Трансмиссия Fluid Давление Датчик/Switch C Цепь Диапазон/Производительность","Трансмиссия Fluid Давление Датчик/Switch C Цепь Диапазон/Производительность","Трансмиссия Fluid Давление Датчик/Switch "
"P0872","P","both","Трансмиссия Fluid Давление Датчик/Switch C Цепь Низкий","Трансмиссия Fluid Давление Датчик/Switch C Цепь Низкий","Трансмиссия Fluid Давление Датчик/Switch "
"P0873","P","both","Трансмиссия Fluid Давление Датчик/Switch C Цепь Высокий","Трансмиссия Fluid Давление Датчик/Switch C Цепь Высокий","Трансмиссия Fluid Давление Датчик/Switch "
"P0874","P","both","Трансмиссия Fluid Давление Датчик/Switch C Цепь Прерывистый","Трансмиссия Fluid Давление Датчик/Switch C Цепь Прерывистый","Трансмиссия Fluid Давление Датчик/Switch "
"P0875","P","both","Трансмиссия Fluid Давление Датчик/Switch D Цепь","Трансмиссия Fluid Давление Датчик/Switch D Цепь","Трансмиссия Fluid Давление Датчик/Switch "
"P0876","P","both","Трансмиссия Fluid Давление Датчик/Switch D Цепь Диапазон/Производительность","Трансмиссия Fluid Давление Датчик/Switch D Цепь Диапазон/Производительность","Трансмиссия Fluid Давление Датчик/Switch "
"P0877","P","both","Трансмиссия Fluid Давление Датчик/Switch D Цепь Низкий","Трансмиссия Fluid Давление Датчик/Switch D Цепь Низкий","Трансмиссия Fluid Давление Датчик/Switch "
"P0878","P","both","Трансмиссия Fluid Давление Датчик/Switch D Цепь Высокий","Трансмиссия Fluid Давление Датчик/Switch D Цепь Высокий","Трансмиссия Fluid Давление Датчик/Switch "
"P0879","P","both","Трансмиссия Fluid Давление Датчик/Switch D Цепь Прерывистый","Трансмиссия Fluid Давление Датчик/Switch D Цепь Прерывистый","Трансмиссия Fluid Давление Датчик/Switch "
"P0880","P","both","Блок управления трансмиссией Power Вход Сигнал","Блок управления трансмиссией Power Вход Сигнал","Блок управления трансмиссией Power Вход Сигнал"
"P0881","P","both","Блок управления трансмиссией Power Вход Сигнал Диапазон/Производительность","Блок управления трансмиссией Power Вход Сигнал Диапазон/Производительность","Блок управления трансмиссией Power Вход Сигнал Диапазон/Производительность"
"P0882","P","both","Блок управления трансмиссией Power Вход Сигнал Низкий","Блок управления трансмиссией Power Вход Сигнал Низкий","Блок управления трансмиссией Power Вход Сигнал Низкий"
"P0883","P","both","Блок управления трансмиссией Power Вход Сигнал Высокий","Блок управления трансмиссией Power Вход Сигнал Высокий","Блок управления трансмиссией Power Вход Сигнал Высокий"
"P0884","P","both","Блок управления трансмиссией Power Вход Сигнал Прерывистый","Блок управления трансмиссией Power Вход Сигнал Прерывистый","Блок управления трансмиссией Power Вход Сигнал Прерывистый"
"P0885","P","both","Блок управления трансмиссией Power Relay Управление Цепь /Обрыв","Блок управления трансмиссией Power Relay Управление Цепь /Обрыв","Блок управления трансмиссией Power Relay Управление Цепь/Обрыв"
"P0886","P","both","Блок управления трансмиссией Power Relay Управление Цепь Низкий","Блок управления трансмиссией Power Relay Управление Цепь Низкий","Блок управления трансмиссией Power Relay Управление Цепь Низкий"
"P0887","P","both","Блок управления трансмиссией Power Relay Управление Цепь Высокий","Блок управления трансмиссией Power Relay Управление Цепь Высокий","Блок управления трансмиссией Power Relay Управление Цепь Высокий"
"P0888","P","both","Блок управления трансмиссией Power Relay Sense Цепь","Блок управления трансмиссией Power Relay Sense Цепь","Блок управления трансмиссией Power Relay Sense Цепь"
"P0889","P","both","Блок управления трансмиссией Power Relay Sense Цепь Диапазон/Производительность","Блок управления трансмиссией Power Relay Sense Цепь Диапазон/Производительность","Блок управления трансмиссией Power Relay Sense Цепь Диапазон/Производительность"
"P0890","P","both","Блок управления трансмиссией Power Relay Sense Цепь Низкий","Блок управления трансмиссией Power Relay Sense Цепь Низкий","Блок управления трансмиссией Power Relay Sense Цепь Низкий"
"P0891","P","both","Блок управления трансмиссией Power Relay Sense Цепь Высокий","Блок управления трансмиссией Power Relay Sense Цепь Высокий","Блок управления трансмиссией Power Relay Sense Цепь Высокий"
"P0892","P","both","Блок управления трансмиссией Power Relay Sense Цепь Прерывистый","Блок управления трансмиссией Power Relay Sense Цепь Прерывистый","Блок управления трансмиссией Power Relay Sense Цепь Прерывистый"
"P0893","P","both","Множественный Gears Engaged","Множественный Gears Engaged","Множественный Gears Engaged"
"P0894","P","both","Трансмиссия Component Slipping","Трансмиссия Component Slipping","Трансмиссия Component Slipping"
"P0895","P","both","Shift Time Too Короткое замыкание","Shift Time Too Короткое замыкание","Shift Time Too Короткое замыкание"
"P0896","P","both","Shift Time Too Long","Shift Time Too Long","Shift Time Too Long"
"P0897","P","both","Трансмиссия Fluid Deteriorated","Трансмиссия Fluid Deteriorated","Трансмиссия Fluid Deteriorated"
"P0898","P","both","Трансмиссия Управление Система MIL Запрос Цепь Низкий","Трансмиссия Управление Система MIL Запрос Цепь Низкий","Трансмиссия Управление Система MIL Запрос Цепь Низкий"
"P0899","P","both","Трансмиссия Управление Система MIL Запрос Цепь Высокий","Трансмиссия Управление Система MIL Запрос Цепь Высокий","Трансмиссия Управление Система MIL Запрос Цепь Высокий"
"P0900","P","both","Clutch Привод Цепь / Обрыв","Clutch Привод Цепь / Обрыв","Clutch Привод Цепь/Обрыв"
"P0901","P","both","Clutch Привод Цепь Диапазон/Производительность","Clutch Привод Цепь Диапазон/Производительность","Clutch Привод Цепь Диапазон/Производительность"
"P0902","P","both","Clutch Привод Цепь Низкий","Clutch Привод Цепь Низкий","Clutch Привод Цепь Низкий"
"P0903","P","both","Clutch Привод Цепь Высокий","Clutch Привод Цепь Высокий","Clutch Привод Цепь Высокий"
"P0904","P","both","Gate Select Положение Цепь [senses left / right Положение]","Gate Select Положение Цепь [senses left / right Положение]","Gate Select Положение Цепь"
"P0905","P","both","Gate Select Положение Цепь Диапазон/Производительность","Gate Select Положение Цепь Диапазон/Производительность","Gate Select Положение Цепь Диапазон/Производительность"
"P0906","P","both","Gate Select Положение Цепь Низкий","Gate Select Положение Цепь Низкий","Gate Select Положение Цепь Низкий"
"P0907","P","both","Gate Select Положение Цепь Высокий","Gate Select Положение Цепь Высокий","Gate Select Положение Цепь Высокий"
"P0908","P","both","Gate Select Положение Цепь Прерывистый","Gate Select Положение Цепь Прерывистый","Gate Select Положение Цепь Прерывистый"
"P0909","P","both","Gate Select Управление Error","Gate Select Управление Error","Gate Select Управление Error"
"P0910","P","both","Gate Select Привод Цепь / Обрыв [left / right motion]","Gate Select Привод Цепь / Обрыв [left / right motion]","Gate Select Привод Цепь/Обрыв"
"P0911","P","both","Gate Select Привод Цепь Диапазон/Производительность","Gate Select Привод Цепь Диапазон/Производительность","Gate Select Привод Цепь Диапазон/Производительность"
"P0912","P","both","Gate Select Привод Цепь Низкий","Gate Select Привод Цепь Низкий","Gate Select Привод Цепь Низкий"
"P0913","P","both","Gate Select Привод Цепь Высокий","Gate Select Привод Цепь Высокий","Gate Select Привод Цепь Высокий"
"P0914","P","both","Gear Shift Положение Цепь [senses forward / rearward Положение, odd / even gears]","Gear Shift Положение Цепь [senses forward / rearward Положение, odd / even gears]","Gear Shift Положение Цепь"
"P0915","P","both","Gear Shift Положение Цепь Диапазон/Производительность","Gear Shift Положение Цепь Диапазон/Производительность","Gear Shift Положение Цепь Диапазон/Производительность"
"P0916","P","both","Gear Shift Положение Цепь Низкий","Gear Shift Положение Цепь Низкий","Gear Shift Положение Цепь Низкий"
"P0917","P","both","Gear Shift Положение Цепь Высокий","Gear Shift Положение Цепь Высокий","Gear Shift Положение Цепь Высокий"
"P0918","P","both","Gear Shift Положение Цепь Прерывистый","Gear Shift Положение Цепь Прерывистый","Gear Shift Положение Цепь Прерывистый"
"P0919","P","both","Gear Shift Положение Управление Error","Gear Shift Положение Управление Error","Gear Shift Положение Управление Error"
"P0920","P","both","Gear Shift Forward Привод Цепь / Обрыв [forward motion, odd gears, 1,3,5]","Gear Shift Forward Привод Цепь / Обрыв [forward motion, odd gears, 1,3,5]","Gear Shift Forward Привод Цепь/Обрыв"
"P0921","P","both","Gear Shift Foward Привод Цепь Диапазон/Производительность","Gear Shift Foward Привод Цепь Диапазон/Производительность","Gear Shift Forward Привод Цепь Диапазон/Производительность"
"P0922","P","both","Gear Shift Foward Привод Цепь Низкий","Gear Shift Foward Привод Цепь Низкий","Gear Shift Forward Привод Цепь Низкий"
"P0923","P","both","Gear Shift Foward Привод Цепь Высокий","Gear Shift Foward Привод Цепь Высокий","Gear Shift Forward Привод Цепь Высокий"
"P0924","P","both","Gear Shift Reverse Привод Цепь / Обрыв [rearward motion, even gears, 2,4,6]","Gear Shift Reverse Привод Цепь / Обрыв [rearward motion, even gears, 2,4,6]","Gear Shift Reverse Привод Цепь/Обрыв"
"P0925","P","both","Gear Shift Reverse Привод Цепь Диапазон/Производительность","Gear Shift Reverse Привод Цепь Диапазон/Производительность","Gear Shift Reverse Привод Цепь Диапазон/Производительность"
"P0926","P","both","Gear Shift Reverse Привод Цепь Низкий","Gear Shift Reverse Привод Цепь Низкий","Gear Shift Reverse Привод Цепь Низкий"
"P0927","P","both","Gear Shift Reverse Привод Цепь Высокий","Gear Shift Reverse Привод Цепь Высокий","Gear Shift Reverse Привод Цепь Высокий"
"P0928","P","both","Gear Shift Lock Соленоид Цепь / Обрыв","Gear Shift Lock Соленоид Цепь / Обрыв","Gear Shift Lock Соленоид Управление Цепь/Обрыв"
"P0929","P","both","Gear Shift Lock Соленоид Цепь Диапазон/Производительность","Gear Shift Lock Соленоид Цепь Диапазон/Производительность","Gear Shift Lock Соленоид Управление Цепь Диапазон/Производительность"
"P0930","P","both","Gear Shift Lock Соленоид Цепь Низкий","Gear Shift Lock Соленоид Цепь Низкий","Gear Shift Lock Соленоид Управление Цепь Низкий"
"P0931","P","both","Gear Shift Lock Соленоид Цепь Высокий","Gear Shift Lock Соленоид Цепь Высокий","Gear Shift Lock Соленоид Управление Цепь Высокий"
"P0932","P","both","Hydraulic Давление Датчик Цепь","Hydraulic Давление Датчик Цепь","Hydraulic Давление Датчик Цепь"
"P0933","P","both","Hydraulic Давление Датчик Диапазон/Производительность","Hydraulic Давление Датчик Диапазон/Производительность","Hydraulic Давление Датчик Диапазон/Производительность"
"P0934","P","both","Hydraulic Давление Датчик Цепь Низкий Вход","Hydraulic Давление Датчик Цепь Низкий Вход","Hydraulic Давление Датчик Цепь Низкий"
"P0935","P","both","Hydraulic Давление Датчик Цепь Высокий Вход","Hydraulic Давление Датчик Цепь Высокий Вход","Hydraulic Давление Датчик Цепь Высокий"
"P0936","P","both","Hydraulic Давление Датчик Цепь Прерывистый","Hydraulic Давление Датчик Цепь Прерывистый","Hydraulic Давление Датчик Цепь Прерывистый"
"P0937","P","both","Hydraulic Oil Температура Датчик Цепь","Hydraulic Oil Температура Датчик Цепь","Hydraulic Oil Температура Датчик Цепь"
"P0938","P","both","Hydraulic Oil Температура Датчик Диапазон/Производительность","Hydraulic Oil Температура Датчик Диапазон/Производительность","Hydraulic Oil Температура Датчик Диапазон/Производительность"
"P0939","P","both","Hydraulic Oil Температура Датчик Цепь Низкий Вход","Hydraulic Oil Температура Датчик Цепь Низкий Вход","Hydraulic Oil Температура Датчик Цепь Низкий"
"P0940","P","both","Hydraulic Oil Температура Датчик Цепь Высокий Вход","Hydraulic Oil Температура Датчик Цепь Высокий Вход","Hydraulic Oil Температура Датчик Цепь Высокий"
"P0941","P","both","Hydraulic Oil Температура Датчик Цепь Прерывистый","Hydraulic Oil Температура Датчик Цепь Прерывистый","Hydraulic Oil Температура Датчик Цепь Прерывистый"
"P0942","P","both","Hydraulic Давление Unit","Hydraulic Давление Unit","Hydraulic Давление Unit"
"P0943","P","both","Hydraulic Давление Unit Cycling Period Too Короткое замыкание","Hydraulic Давление Unit Cycling Period Too Короткое замыкание","Hydraulic Давление Unit Cycling Period Too Короткое замыкание"
"P0944","P","both","Hydraulic Давление Unit Loss of Давление","Hydraulic Давление Unit Loss of Давление","Hydraulic Давление Unit Loss of Давление"
"P0945","P","both","Hydraulic Насос Relay Цепь / Обрыв","Hydraulic Насос Relay Цепь / Обрыв","Hydraulic Насос Relay Цепь/Обрыв"
"P0946","P","both","Hydraulic Насос Relay Цепь Диапазон/Производительность","Hydraulic Насос Relay Цепь Диапазон/Производительность","Hydraulic Насос Relay Цепь Диапазон/Производительность"
"P0947","P","both","Hydraulic Насос Relay Цепь Низкий","Hydraulic Насос Relay Цепь Низкий","Hydraulic Насос Relay Цепь Низкий"
"P0948","P","both","Hydraulic Насос Relay Цепь Высокий","Hydraulic Насос Relay Цепь Высокий","Hydraulic Насос Relay Цепь Высокий"
"P0949","P","both","ASM Adaptive Learning Not Done","ASM Adaptive Learning Not Done","Auto Shift Manual Adaptive Learning Not Complete"
"P0950","P","both","ASM Управление Цепь [Up / Down / Auto / etc]","ASM Управление Цепь [Up / Down / Auto / etc]","Auto Shift Manual Управление Цепь"
"P0951","P","both","ASM Управление Цепь Диапазон/Производительность","ASM Управление Цепь Диапазон/Производительность","Auto Shift Manual Управление Цепь Диапазон/Производительность"
"P0952","P","both","ASM Управление Цепь Низкий","ASM Управление Цепь Низкий","Auto Shift Manual Управление Цепь Низкий"
"P0953","P","both","ASM Управление Цепь Высокий","ASM Управление Цепь Высокий","Auto Shift Manual Управление Цепь Высокий"
"P0954","P","both","ASM Управление Цепь Прерывистый","ASM Управление Цепь Прерывистый","Auto Shift Manual Управление Цепь Прерывистый"
"P0955","P","both","ASM Mode Цепь [Perf / Winter / Sport / etc]","ASM Mode Цепь [Perf / Winter / Sport / etc]","Auto Shift Manual Mode Цепь"
"P0956","P","both","ASM Mode Цепь Диапазон/Производительность","ASM Mode Цепь Диапазон/Производительность","Auto Shift Manual Mode Цепь Диапазон/Производительность"
"P0957","P","both","ASM Mode Цепь Низкий","ASM Mode Цепь Низкий","Auto Shift Manual Mode Цепь Низкий"
"P0958","P","both","ASM Mode Цепь Высокий","ASM Mode Цепь Высокий","Auto Shift Manual Mode Цепь Высокий"
"P0959","P","both","ASM Mode Цепь Прерывистый","ASM Mode Цепь Прерывистый","Auto Shift Manual Mode Цепь Прерывистый"
"P0960","P","both","Давление Управление Соленоид A Управление Цепь / Обрыв","Давление Управление Соленоид A Управление Цепь / Обрыв","Давление Управление Соленоид "
"P0961","P","both","Давление Управление Соленоид A Управление Цепь Диапазон/Производительность","Давление Управление Соленоид A Управление Цепь Диапазон/Производительность","Давление Управление Соленоид "
"P0962","P","both","Давление Управление Соленоид A Управление Цепь Низкий","Давление Управление Соленоид A Управление Цепь Низкий","Давление Управление Соленоид "
"P0963","P","both","Давление Управление Соленоид A Управление Цепь Высокий","Давление Управление Соленоид A Управление Цепь Высокий","Давление Управление Соленоид "
"P0964","P","both","Давление Управление Соленоид B Управление Цепь / Обрыв","Давление Управление Соленоид B Управление Цепь / Обрыв","Давление Управление Соленоид "
"P0965","P","both","Давление Управление Соленоид B Управление Цепь Диапазон/Производительность","Давление Управление Соленоид B Управление Цепь Диапазон/Производительность","Давление Управление Соленоид "
"P0966","P","both","Давление Управление Соленоид B Управление Цепь Низкий","Давление Управление Соленоид B Управление Цепь Низкий","Давление Управление Соленоид "
"P0967","P","both","Давление Управление Соленоид B Управление Цепь Высокий","Давление Управление Соленоид B Управление Цепь Высокий","Давление Управление Соленоид "
"P0968","P","both","Давление Управление Соленоид C Управление Цепь / Обрыв","Давление Управление Соленоид C Управление Цепь / Обрыв","Давление Управление Соленоид "
"P0969","P","both","Давление Управление Соленоид C Управление Цепь Диапазон/Производительность","Давление Управление Соленоид C Управление Цепь Диапазон/Производительность","Давление Управление Соленоид "
"P0970","P","both","Давление Управление Соленоид C Управление Цепь Низкий","Давление Управление Соленоид C Управление Цепь Низкий","Давление Управление Соленоид "
"P0971","P","both","Давление Управление Соленоид C Управление Цепь Высокий","Давление Управление Соленоид C Управление Цепь Высокий","Давление Управление Соленоид "
"P0972","P","both","Shift Соленоид A Управление Цепь Диапазон/Производительность","Shift Соленоид A Управление Цепь Диапазон/Производительность","Shift Соленоид "
"P0973","P","both","Shift Соленоид A Управление Цепь Низкий","Shift Соленоид A Управление Цепь Низкий","Shift Соленоид "
"P0974","P","both","Shift Соленоид A Управление Цепь Высокий","Shift Соленоид A Управление Цепь Высокий","Shift Соленоид "
"P0975","P","both","Shift Соленоид B Управление Цепь Диапазон/Производительность","Shift Соленоид B Управление Цепь Диапазон/Производительность","Shift Соленоид "
"P0976","P","both","Shift Соленоид B Управление Цепь Низкий","Shift Соленоид B Управление Цепь Низкий","Shift Соленоид "
"P0977","P","both","Shift Соленоид B Управление Цепь Высокий","Shift Соленоид B Управление Цепь Высокий","Shift Соленоид "
"P0978","P","both","Shift Соленоид C Управление Цепь Диапазон/Производительность","Shift Соленоид C Управление Цепь Диапазон/Производительность","Shift Соленоид "
"P0979","P","both","Shift Соленоид C Управление Цепь Низкий","Shift Соленоид C Управление Цепь Низкий","Shift Соленоид "
"P0980","P","both","Shift Соленоид C Управление Цепь Высокий","Shift Соленоид C Управление Цепь Высокий","Shift Соленоид "
"P0981","P","both","Shift Соленоид D Управление Цепь Диапазон/Производительность","Shift Соленоид D Управление Цепь Диапазон/Производительность","Shift Соленоид "
"P0982","P","both","Shift Соленоид D Управление Цепь Низкий","Shift Соленоид D Управление Цепь Низкий","Shift Соленоид "
"P0983","P","both","Shift Соленоид D Управление Цепь Высокий","Shift Соленоид D Управление Цепь Высокий","Shift Соленоид "
"P0984","P","both","Shift Соленоид E Управление Цепь Диапазон/Производительность","Shift Соленоид E Управление Цепь Диапазон/Производительность","Shift Соленоид "
"P0985","P","both","Shift Соленоид E Управление Цепь Низкий","Shift Соленоид E Управление Цепь Низкий","Shift Соленоид "
"P0986","P","both","Shift Соленоид E Управление Цепь Высокий","Shift Соленоид E Управление Цепь Высокий","Shift Соленоид "
"P0987","P","both","Трансмиссия Fluid Давление Датчик/Switch E Цепь","Трансмиссия Fluid Давление Датчик/Switch E Цепь","Трансмиссия Fluid Давление Датчик/Switch "
"P0988","P","both","Трансмиссия Fluid Давление Датчик/Switch E Цепь Диапазон/Производительность","Трансмиссия Fluid Давление Датчик/Switch E Цепь Диапазон/Производительность","Трансмиссия Fluid Давление Датчик/Switch "
"P0989","P","both","Трансмиссия Fluid Давление Датчик/Switch E Цепь Низкий","Трансмиссия Fluid Давление Датчик/Switch E Цепь Низкий","Трансмиссия Fluid Давление Датчик/Switch "
"P0990","P","both","Трансмиссия Fluid Давление Датчик/Switch E Цепь Высокий","Трансмиссия Fluid Давление Датчик/Switch E Цепь Высокий","Трансмиссия Fluid Давление Датчик/Switch "
"P0991","P","both","Трансмиссия Fluid Давление Датчик/Switch E Цепь Прерывистый","Трансмиссия Fluid Давление Датчик/Switch E Цепь Прерывистый","Трансмиссия Fluid Давление Датчик/Switch "
"P0992","P","both","Трансмиссия Fluid Давление Датчик/Switch F Цепь","Трансмиссия Fluid Давление Датчик/Switch F Цепь","Трансмиссия Fluid Давление Датчик/Switch "
"P0993","P","both","Трансмиссия Fluid Давление Датчик/Switch F Цепь Диапазон/Производительность","Трансмиссия Fluid Давление Датчик/Switch F Цепь Диапазон/Производительность","Трансмиссия Fluid Давление Датчик/Switch "
"P0994","P","both","Трансмиссия Fluid Давление Датчик/Switch F Цепь Низкий","Трансмиссия Fluid Давление Датчик/Switch F Цепь Низкий","Трансмиссия Fluid Давление Датчик/Switch "
"P0995","P","both","Трансмиссия Fluid Давление Датчик/Switch F Цепь Высокий","Трансмиссия Fluid Давление Датчик/Switch F Цепь Высокий","Трансмиссия Fluid Давление Датчик/Switch "
"P0996","P","both","Трансмиссия Fluid Давление Датчик/Switch F Цепь Прерывистый","Трансмиссия Fluid Давление Датчик/Switch F Цепь Прерывистый","Трансмиссия Fluid Давление Датчик/Switch "
"P0997","P","both","Shift Соленоид F Управление Цепь Диапазон/Производительность","Shift Соленоид F Управление Цепь Диапазон/Производительность","Shift Соленоид "
"P0998","P","both","Shift Соленоид F Управление Цепь Низкий","Shift Соленоид F Управление Цепь Низкий","Shift Соленоид "
"P0999","P","both","Shift Соленоид F Управление Цепь Высокий","Shift Соленоид F Управление Цепь Высокий","Shift Соленоид "
"P0A00","P","app-only","Motor Electronics Охлаждающая жидкость Температура Датчик Цепь",,"Motor Electronics Охлаждающая жидкость Температура Датчик Цепь"
"P0A01","P","app-only","Motor Electronics Охлаждающая жидкость Температура Датчик Цепь Диапазон/Производительность",,"Motor Electronics Охлаждающая жидкость Температура Датчик Цепь Диапазон/Производительность"
"P0A02","P","app-only","Motor Electronics Охлаждающая жидкость Температура Датчик Цепь Низкий",,"Motor Electronics Охлаждающая жидкость Температура Датчик Цепь Низкий"
"P0A03","P","app-only","Motor Electronics Охлаждающая жидкость Температура Датчик Цепь Высокий",,"Motor Electronics Охлаждающая жидкость Температура Датчик Цепь Высокий"
"P0A04","P","app-only","Motor Electronics Охлаждающая жидкость Температура Датчик Цепь Прерывистый",,"Motor Electronics Охлаждающая жидкость Температура Датчик Цепь Прерывистый"
"P0A05","P","app-only","Motor Electronics Охлаждающая жидкость Насос Управление Цепь/Обрыв",,"Motor Electronics Охлаждающая жидкость Насос Управление Цепь/Обрыв"
"P0A06","P","app-only","Motor Electronics Охлаждающая жидкость Насос Управление Цепь Низкий",,"Motor Electronics Охлаждающая жидкость Насос Управление Цепь Низкий"
"P0A07","P","app-only","Motor Electronics Охлаждающая жидкость Насос Управление Цепь Высокий",,"Motor Electronics Охлаждающая жидкость Насос Управление Цепь Высокий"
"P0A08","P","app-only","DC/DC Converter Состояние Цепь",,"DC/DC Converter Состояние Цепь"
"P0A09","P","app-only","DC/DC Converter Состояние Цепь Низкий Вход",,"DC/DC Converter Состояние Цепь Низкий Вход"
"P0A10","P","app-only","DC/DC Converter Состояние Цепь Высокий Вход",,"DC/DC Converter Состояние Цепь Высокий Вход"
"P0A11","P","app-only","DC/DC Converter Enable Цепь/Обрыв",,"DC/DC Converter Enable Цепь/Обрыв"
"P0A12","P","app-only","DC/DC Converter Enable Цепь Низкий",,"DC/DC Converter Enable Цепь Низкий"
"P0A13","P","app-only","DC/DC Converter Enable Цепь Высокий",,"DC/DC Converter Enable Цепь Высокий"
"P0A14","P","app-only","Двигатель Mount Управление Цепь/Обрыв",,"Двигатель Mount Управление Цепь/Обрыв"
"P0A15","P","app-only","Двигатель Mount Управление Цепь Низкий",,"Двигатель Mount Управление Цепь Низкий"
"P0A16","P","app-only","Двигатель Mount Управление Цепь Высокий",,"Двигатель Mount Управление Цепь Высокий"
"P0A17","P","app-only","Motor Torque Датчик Цепь",,"Motor Torque Датчик Цепь"
"P0A18","P","app-only","Motor Torque Датчик Цепь Диапазон/Производительность",,"Motor Torque Датчик Цепь Диапазон/Производительность"
"P0A19","P","app-only","Motor Torque Датчик Цепь Низкий",,"Motor Torque Датчик Цепь Низкий"
"P0A20","P","app-only","Motor Torque Датчик Цепь Высокий",,"Motor Torque Датчик Цепь Высокий"
"P0A21","P","app-only","Motor Torque Датчик Цепь Прерывистый",,"Motor Torque Датчик Цепь Прерывистый"
"P0A22","P","app-only","Generator Torque Датчик Цепь",,"Generator Torque Датчик Цепь"
"P0A23","P","app-only","Generator Torque Датчик Цепь Диапазон/Производительность",,"Generator Torque Датчик Цепь Диапазон/Производительность"
"P0A24","P","app-only","Generator Torque Датчик Цепь Низкий",,"Generator Torque Датчик Цепь Низкий"
"P0A25","P","app-only","Generator Torque Датчик Цепь Высокий",,"Generator Torque Датчик Цепь Высокий"
"P0A26","P","app-only","Generator Torque Датчик Цепь Прерывистый",,"Generator Torque Датчик Цепь Прерывистый"
"P0A27","P","app-only","Батарея Power Off Цепь",,"Батарея Power Off Цепь"
"P0A28","P","app-only","Батарея Power Off Цепь Низкий",,"Батарея Power Off Цепь Низкий"
"P0A29","P","app-only","Батарея Power Off Цепь Высокий",,"Батарея Power Off Цепь Высокий"
"P1100","P","base-only","Расходомер воздуха Датчик Прерывистый/ Check of all OBDII Systems Not Complete","Расходомер воздуха Датчик Прерывистый/ Check of all OBDII Systems Not Complete",
"P1101","P","base-only","Расходомер воздуха Датчик Out Of Self Test Range./KOER Not Able To Complete KOER Aborted","Расходомер воздуха Датчик Out Of Self Test Range./KOER Not Able To Complete KOER Aborted",
"P1102","P","base-only","Расходомер воздуха Датчик In Range But Lower Than Expected","Расходомер воздуха Датчик In Range But Lower Than Expected",
"P1103","P","base-only","Расходомер воздуха Датчик In Range But Higher Than Expected","Расходомер воздуха Датчик In Range But Higher Than Expected",
"P1104","P","base-only","Расходомер воздуха Масса Неисправность","Расходомер воздуха Масса Неисправность",
"P1105","P","base-only","Dual Alternator Upper Fault","Dual Alternator Upper Fault",
"P1106","P","base-only","Dual Alternator Lower Fault/ Коллектор Абсолютное Давление (Датчик абсолютного давления) Датчик Цепь Прерывистый Высокий Напряжение","Dual Alternator Lower Fault/ Коллектор Абсолютное Давление (Датчик абсолютного давления) Датчик Цепь Прерывистый Высокий Напряжение",
"P1107","P","base-only","Dual Alternator Lower Цепь Неисправность/ Коллектор Абсолютное Давление (Датчик абсолютного давления) Датчик Цепь Прерывистый Низкий Напряжение","Dual Alternator Lower Цепь Неисправность/ Коллектор Абсолютное Давление (Датчик абсолютного давления) Датчик Цепь Прерывистый Низкий Напряжение",
"P1108","P","base-only","Dual Alternator Батарея Лампа Цепь Неисправность","Dual Alternator Батарея Лампа Цепь Неисправность",
"P1109","P","base-only","IAT - B Датчик Прерывистый","IAT - B Датчик Прерывистый",
"P1110","P","base-only","IAT Датчик (D/C) Обрыв/Короткое замыкание","IAT Датчик (D/C) Обрыв/Короткое замыкание",
"P1111","P","base-only","Температура впускного воздуха (IAT) Датчик Цепь Прерывистый Высокий Напряжение","Температура впускного воздуха (IAT) Датчик Цепь Прерывистый Высокий Напряжение",
"P1112","P","base-only","Температура впускного воздуха (IAT) Датчик Цепь Прерывистый Низкий Напряжение","Температура впускного воздуха (IAT) Датчик Цепь Прерывистый Низкий Напряжение",
"P1113","P","base-only","IAT Датчик Обрыв/Короткое замыкание","IAT Датчик Обрыв/Короткое замыкание",
"P1114","P","base-only","Температура охлаждающей жидкости двигателя (ECT) Датчик Цепь Прерывистый Низкий Напряжение/IAT - B Цепь Низкий Вход","Температура охлаждающей жидкости двигателя (ECT) Датчик Цепь Прерывистый Низкий Напряжение/IAT - B Цепь Низкий Вход",
"P1115","P","base-only","Температура охлаждающей жидкости двигателя (ECT) Датчик Цепь Прерывистый Высокий Напряжение/IAT - B Цепь Высокий Вход","Температура охлаждающей жидкости двигателя (ECT) Датчик Цепь Прерывистый Высокий Напряжение/IAT - B Цепь Высокий Вход",
"P1116","P","base-only","Двигатель Охлаждающая жидкость Датчик out of range/ECT Датчик Out Of Self Test Range","Двигатель Охлаждающая жидкость Датчик out of range/ECT Датчик Out Of Self Test Range",
"P1117","P","base-only","Двигатель Охлаждающая жидкость Датчик Прерывистый/ECT Датчик Прерывистый","Двигатель Охлаждающая жидкость Датчик Прерывистый/ECT Датчик Прерывистый",
"P1118","P","base-only","Коллектор Абсолютное Температура Цепь Низкий Вход","Коллектор Абсолютное Температура Цепь Низкий Вход",
"P1119","P","base-only","Коллектор Абсолютное Температура Цепь Высокий Вход","Коллектор Абсолютное Температура Цепь Высокий Вход",
"P1120","P","base-only","Положение дроссельной заслонки Датчик out of range","Положение дроссельной заслонки Датчик out of range",
"P1121","P","base-only","Положение дроссельной заслонки (TP) Датчик Цепь Прерывистый Высокий Напряжение","Положение дроссельной заслонки (TP) Датчик Цепь Прерывистый Высокий Напряжение",
"P1122","P","base-only","Положение дроссельной заслонки (TP) Датчик Цепь Прерывистый Низкий Напряжение","Положение дроссельной заслонки (TP) Датчик Цепь Прерывистый Низкий Напряжение",
"P1123","P","base-only","Положение дроссельной заслонки Датчик In Range But Higher Than Expected","Положение дроссельной заслонки Датчик In Range But Higher Than Expected",
"P1124","P","base-only","Положение дроссельной заслонки Датчик Out Of Self Test Range","Положение дроссельной заслонки Датчик Out Of Self Test Range",
"P1125","P","base-only","Положение дроссельной заслонки Датчик Прерывистый","Положение дроссельной заслонки Датчик Прерывистый",
"P1126","P","base-only","Положение дроссельной заслонки (Narrow Range) Датчик Цепь Неисправность","Положение дроссельной заслонки (Narrow Range) Датчик Цепь Неисправность",
"P1127","P","base-only","Выхлоп Not Warm, Downstream O2 Датчик","Выхлоп Not Warm, Downstream O2 Датчик",
"P1128","P","base-only","Upstream Heated O2 Sensors Swapped","Upstream Heated O2 Sensors Swapped",
"P1129","P","base-only","Downstream Heated O2 Sensors Swapped","Downstream Heated O2 Sensors Swapped",
"P1130","P","base-only","Lack Of HO2S Switch - Adaptive Топливо At Limit","Lack Of HO2S Switch - Adaptive Топливо At Limit",
"P1131","P","base-only","Lack Of HO2S Switch - Датчик Indicates Обеднённая","Lack Of HO2S Switch - Датчик Indicates Обеднённая",
"P1132","P","base-only","Lack Of HO2S Switch - Датчик Indicates Обогащённая","Lack Of HO2S Switch - Датчик Indicates Обогащённая",
"P1133","P","base-only","HO2S Insufficient Switching Датчик 1","HO2S Insufficient Switching Датчик 1",
"P1134","P","base-only","HO2S Transition Time Ratio Датчик 1","HO2S Transition Time Ratio Датчик 1",
"P1135","P","base-only","Педаль Положение Датчик A Цепь Прерывистый","Педаль Положение Датчик A Цепь Прерывистый",
"P1136","P","base-only","Fan Управление Цепь Неисправность","Fan Управление Цепь Неисправность",
"P1137","P","base-only","Lack Of HO2S Switch - Датчик Indicates Обеднённая","Lack Of HO2S Switch - Датчик Indicates Обеднённая",
"P1138","P","base-only","Lack Of HO2S12 Switch - Датчик Indicates Обогащённая","Lack Of HO2S12 Switch - Датчик Indicates Обогащённая",
"P1139","P","base-only","Water In Топливо Индикатор Цепь Неисправность","Water In Топливо Индикатор Цепь Неисправность",
"P1140","P","base-only","Water In Топливо Condition","Water In Топливо Condition",
"P1141","P","base-only","Топливо Restriction Индикатор Цепь Неисправность","Топливо Restriction Индикатор Цепь Неисправность",
"P1142","P","base-only","Топливо Restriction Condition","Топливо Restriction Condition",
"P1143","P","base-only","Воздух Assist Управление Клапан Диапазон/Производительность","Воздух Assist Управление Клапан Диапазон/Производительность",
"P1144","P","base-only","Воздух Assist Управление Клапан Цепь Неисправность","Воздух Assist Управление Клапан Цепь Неисправность",
"P1150","P","base-only","Lack Of HO2S21 Switch - Adaptive Топливо At Limit","Lack Of HO2S21 Switch - Adaptive Топливо At Limit",
"P1151","P","base-only","Lack Of HO2S21 Switch - Датчик Indicates Обеднённая","Lack Of HO2S21 Switch - Датчик Indicates Обеднённая",
"P1152","P","base-only","Lack Of HO2S21 Switch - Датчик Indicates Обогащённая","Lack Of HO2S21 Switch - Датчик Indicates Обогащённая",
"P1153","P","base-only","Ряд 2 Топливо Управление Shifted Обеднённая","Ряд 2 Топливо Управление Shifted Обеднённая",
"P1154","P","base-only","Ряд 2 Топливо Управление Shifted Обогащённая","Ряд 2 Топливо Управление Shifted Обогащённая",
"P1155","P","base-only","Alternative Топливо Controller","Alternative Топливо Controller",
"P1156","P","base-only","Топливо Select Switch Неисправность","Топливо Select Switch Неисправность",
"P1157","P","base-only","Lack Of HO2S22 Switch - Датчик Indicates Обеднённая","Lack Of HO2S22 Switch - Датчик Indicates Обеднённая",
"P1158","P","base-only","Lack Of HO2S22 Switch - Датчик Indicates Обогащённая","Lack Of HO2S22 Switch - Датчик Indicates Обогащённая",
"P1159","P","base-only","Топливо Stepper Motor Неисправность","Топливо Stepper Motor Неисправность",
"P1167","P","base-only","Неверный Test,Дроссельная заслонка not depressed","Неверный Test,Дроссельная заслонка not depressed",
"P1168","P","base-only","Топливо Рампа Датчик In-Range Низкий Failure","Топливо Рампа Датчик In-Range Низкий Failure",
"P1169","P","base-only","Топливо Рампа Датчик In-Range Высокий Failure","Топливо Рампа Датчик In-Range Высокий Failure",
"P1170","P","base-only","ESO - Двигатель Shut Off Соленоид Fault","ESO - Двигатель Shut Off Соленоид Fault",
"P1171","P","base-only","Rotor Датчик Fault","Rotor Датчик Fault",
"P1172","P","base-only","Rotor Управление Fault","Rotor Управление Fault",
"P1173","P","base-only","Rotor Calibration Fault","Rotor Calibration Fault",
"P1174","P","base-only","Cam Датчик Fault","Cam Датчик Fault",
"P1175","P","base-only","Cam Управление Fault","Cam Управление Fault",
"P1176","P","base-only","Cam Calibration Fault","Cam Calibration Fault",
"P1177","P","base-only","Synchronization Fault","Synchronization Fault",
"P1178","P","base-only","( Обрыв )","( Обрыв )",
"P1180","P","base-only","Топливо Delivery Система Неисправность - Низкий","Топливо Delivery Система Неисправность - Низкий",
"P1181","P","base-only","Топливо Delivery Система Неисправность - Высокий","Топливо Delivery Система Неисправность - Высокий",
"P1182","P","base-only","Топливо Shut Off Соленоид Неисправность","Топливо Shut Off Соленоид Неисправность",
"P1183","P","base-only","Двигатель Oil Температура Цепь Неисправность","Двигатель Oil Температура Цепь Неисправность",
"P1184","P","base-only","Двигатель Oil Температура Out Of Self Test Range","Двигатель Oil Температура Out Of Self Test Range",
"P1185","P","base-only","FTS Высокий - Топливо Насос Температура Датчик Высокий","FTS Высокий - Топливо Насос Температура Датчик Высокий",
"P1186","P","base-only","FTS Низкий - Топливо Насос Температура Датчик Низкий","FTS Низкий - Топливо Насос Температура Датчик Низкий",
"P1187","P","base-only","Variant Selection","Variant Selection",
"P1188","P","base-only","Calibration Memory Fault","Calibration Memory Fault",
"P1189","P","base-only","Насос Скорость Сигнал Fault","Насос Скорость Сигнал Fault",
"P1190","P","base-only","Calibration Resistor Out Of Range","Calibration Resistor Out Of Range",
"P1191","P","base-only","Key Line Напряжение","Key Line Напряжение",
"P1192","P","base-only","Напряжение External","Напряжение External",
"P1193","P","base-only","Рециркуляция ОГ Drive Overcurrent","Рециркуляция ОГ Drive Overcurrent",
"P1194","P","base-only","ECU A/D Converter","ECU A/D Converter",
"P1195","P","base-only","SCP HBCC Failed To Initialize","SCP HBCC Failed To Initialize",
"P1196","P","base-only","Key Off Напряжение Высокий","Key Off Напряжение Высокий",
"P1197","P","base-only","Key Off Напряжение Низкий","Key Off Напряжение Низкий",
"P1198","P","base-only","Насос Rotor Управление Underfueling","Насос Rotor Управление Underfueling",
"P1199","P","base-only","Топливо Level Вход Цепь Низкий","Топливо Level Вход Цепь Низкий",
"P1200","P","base-only","Форсунка Управление Цепь","Форсунка Управление Цепь",
"P1201","P","base-only","Форсунка Цепь Обрыв / Shorted - Цилиндр #1","Форсунка Цепь Обрыв / Shorted - Цилиндр #1",
"P1202","P","base-only","Форсунка Цепь Обрыв / Shorted - Цилиндр #2","Форсунка Цепь Обрыв / Shorted - Цилиндр #2",
"P1203","P","base-only","Форсунка Цепь Обрыв / Shorted - Цилиндр #3","Форсунка Цепь Обрыв / Shorted - Цилиндр #3",
"P1204","P","base-only","Форсунка Цепь Обрыв / Shorted - Цилиндр #4","Форсунка Цепь Обрыв / Shorted - Цилиндр #4",
"P1205","P","base-only","Форсунка Цепь Обрыв / Shorted - Цилиндр #5","Форсунка Цепь Обрыв / Shorted - Цилиндр #5",
"P1206","P","base-only","Форсунка Цепь Обрыв / Shorted - Цилиндр #6","Форсунка Цепь Обрыв / Shorted - Цилиндр #6",
"P1209","P","base-only","Форсунка Управление Давление Система Fault","Форсунка Управление Давление Система Fault",
"P1210","P","base-only","Форсунка Управление Давление Above Expected Level","Форсунка Управление Давление Above Expected Level",
"P1211","P","base-only","Форсунка Управление Давление Датчик Above / Below Desired","Форсунка Управление Давление Датчик Above / Below Desired",
"P1212","P","base-only","Форсунка Управление Давление Not Обнаружен During Crank","Форсунка Управление Давление Not Обнаружен During Crank",
"P1213","P","base-only","Start Форсунка Цепь Неисправность","Start Форсунка Цепь Неисправность",
"P1214","P","base-only","Педаль Положение Датчик B Цепь Прерывистый","Педаль Положение Датчик B Цепь Прерывистый",
"P1215","P","base-only","Педаль Положение Датчик C Цепь Низкий Вход","Педаль Положение Датчик C Цепь Низкий Вход",
"P1216","P","base-only","Педаль Положение Датчик C Цепь Высокий Вход","Педаль Положение Датчик C Цепь Высокий Вход",
"P1217","P","base-only","Педаль Положение Датчик C Цепь Прерывистый","Педаль Положение Датчик C Цепь Прерывистый",
"P1218","P","base-only","CID Высокий","CID Высокий",
"P1219","P","base-only","CID Низкий","CID Низкий",
"P1220","P","base-only","Series Дроссельная заслонка Управление Система Неисправность","Series Дроссельная заслонка Управление Система Неисправность",
"P1221","P","base-only","Traction Управление Система Неисправность","Traction Управление Система Неисправность",
"P1222","P","base-only","Traction Управление Выход Цепь Неисправность","Traction Управление Выход Цепь Неисправность",
"P1223","P","base-only","Педаль Demand Датчик B Цепь Высокий Вход","Педаль Demand Датчик B Цепь Высокий Вход",
"P1224","P","base-only","Положение дроссельной заслонки Датчик B Out Of Self Test Range","Положение дроссельной заслонки Датчик B Out Of Self Test Range",
"P1225","P","base-only","Needle Lift Датчик Неисправность","Needle Lift Датчик Неисправность",
"P1226","P","base-only","Управление Sleeve Датчик Неисправность","Управление Sleeve Датчик Неисправность",
"P1227","P","base-only","Вестгейт Failed Closed (Over Давление)","Вестгейт Failed Closed (Over Давление)",
"P1228","P","base-only","Вестгейт Failed Обрыв (Under Давление)","Вестгейт Failed Обрыв (Under Давление)",
"P1229","P","base-only","Intercooler Насос Водитель Fault","Intercooler Насос Водитель Fault",
"P1230","P","base-only","Топливо Насос Низкий Скорость Неисправность","Топливо Насос Низкий Скорость Неисправность",
"P1231","P","base-only","Топливо Насос Secondary Цепь Низкий, Высокий Скорость","Топливо Насос Secondary Цепь Низкий, Высокий Скорость",
"P1232","P","base-only","Топливо Насос Скорость Primary Цепь Неисправность","Топливо Насос Скорость Primary Цепь Неисправность",
"P1233","P","base-only","Топливо Насос Водитель Модуль Off Line","Топливо Насос Водитель Модуль Off Line",
"P1234","P","base-only","Топливо Насос Водитель Модуль Off Line","Топливо Насос Водитель Модуль Off Line",
"P1235","P","base-only","Топливо Насос Управление Out Of Range","Топливо Насос Управление Out Of Range",
"P1236","P","base-only","Топливо Насос Управление Out Of Range","Топливо Насос Управление Out Of Range",
"P1237","P","base-only","Топливо Насос Secondary Цепь Неисправность","Топливо Насос Secondary Цепь Неисправность",
"P1238","P","base-only","Топливо Насос Secondary Цепь Неисправность","Топливо Насос Secondary Цепь Неисправность",
"P1239","P","base-only","Скорость Топливо Насос Positive Feed Fault","Скорость Топливо Насос Positive Feed Fault",
"P1240","P","base-only","Датчик Power Supply Неисправность","Датчик Power Supply Неисправность",
"P1241","P","base-only","Датчик Power Supply Низкий Вход","Датчик Power Supply Низкий Вход",
"P1242","P","base-only","Датчик Power Supply Высокий Вход","Датчик Power Supply Высокий Вход",
"P1243","P","base-only","Second Топливо Насос Faulty or Масса Fault","Second Топливо Насос Faulty or Масса Fault",
"P1244","P","base-only","Alternator Нагрузка Вход Failed Высокий","Alternator Нагрузка Вход Failed Высокий",
"P1245","P","base-only","Alternator Нагрузка Вход Failed Низкий","Alternator Нагрузка Вход Failed Низкий",
"P1246","P","base-only","Alternator Нагрузка Вход Failed","Alternator Нагрузка Вход Failed",
"P1247","P","base-only","Турбо Наддув Давление Низкий","Турбо Наддув Давление Низкий",
"P1248","P","base-only","Турбо Наддув Давление Not Обнаружен","Турбо Наддув Давление Not Обнаружен",
"P1249","P","base-only","Вестгейт Управление Клапан Производительность","Вестгейт Управление Клапан Производительность",
"P1250","P","base-only","PRC Соленоид Цепь Неисправность","PRC Соленоид Цепь Неисправность",
"P1251","P","base-only","Воздух Смесь Соленоид Цепь Неисправность","Воздух Смесь Соленоид Цепь Неисправность",
"P1252","P","base-only","Педаль Корреляция PDS1 and LPDS Высокий","Педаль Корреляция PDS1 and LPDS Высокий",
"P1253","P","base-only","Педаль Корреляция PDS1 and LPDS Низкий","Педаль Корреляция PDS1 and LPDS Низкий",
"P1254","P","base-only","Педаль Корреляция PDS2 and LPDS Высокий","Педаль Корреляция PDS2 and LPDS Высокий",
"P1255","P","base-only","Педаль Корреляция PDS2 and LPDS Низкий","Педаль Корреляция PDS2 and LPDS Низкий",
"P1256","P","base-only","Педаль Корреляция PDS1 and HPDS","Педаль Корреляция PDS1 and HPDS",
"P1257","P","base-only","Педаль Корреляция PDS2 and HPDS","Педаль Корреляция PDS2 and HPDS",
"P1258","P","base-only","Педаль Корреляция PDS1 and PDS2","Педаль Корреляция PDS1 and PDS2",
"P1259","P","base-only","Immobilizer to Блок управления двигателем Сигнал Error","Immobilizer to Блок управления двигателем Сигнал Error",
"P1260","P","base-only","THEFT Обнаружен, Автомобиль Immobilzed","THEFT Обнаружен, Автомобиль Immobilzed",
"P1261","P","base-only","Цилиндр #1 Высокий To Низкий Side Короткое замыкание","Цилиндр #1 Высокий To Низкий Side Короткое замыкание",
"P1262","P","base-only","Цилиндр #2 Высокий To Низкий Side Короткое замыкание","Цилиндр #2 Высокий To Низкий Side Короткое замыкание",
"P1263","P","base-only","Цилиндр #3 Высокий To Низкий Side Короткое замыкание","Цилиндр #3 Высокий To Низкий Side Короткое замыкание",
"P1264","P","base-only","Цилиндр #4 Высокий To Низкий Side Короткое замыкание","Цилиндр #4 Высокий To Низкий Side Короткое замыкание",
"P1265","P","base-only","Цилиндр #5 Высокий To Низкий Side Короткое замыкание","Цилиндр #5 Высокий To Низкий Side Короткое замыкание",
"P1266","P","base-only","Цилиндр #6 Высокий To Низкий Side Короткое замыкание","Цилиндр #6 Высокий To Низкий Side Короткое замыкание",
"P1267","P","base-only","Цилиндр #7 Высокий To Низкий Side Короткое замыкание","Цилиндр #7 Высокий To Низкий Side Короткое замыкание",
"P1268","P","base-only","Цилиндр #8 Высокий To Низкий Side Короткое замыкание","Цилиндр #8 Высокий To Низкий Side Короткое замыкание",
"P1269","P","base-only","Immobilizer Code Not Programmed","Immobilizer Code Not Programmed",
"P1270","P","base-only","Обороты двигателя Or Скорость Limiter Reached","Обороты двигателя Or Скорость Limiter Reached",
"P1271","P","base-only","Цилиндр #1 Высокий To Низкий Side Обрыв","Цилиндр #1 Высокий To Низкий Side Обрыв",
"P1272","P","base-only","Цилиндр #2 Высокий To Низкий Side Обрыв","Цилиндр #2 Высокий To Низкий Side Обрыв",
"P1273","P","base-only","Цилиндр #3 Высокий To Низкий Side Обрыв","Цилиндр #3 Высокий To Низкий Side Обрыв",
"P1274","P","base-only","Цилиндр #4 Высокий To Низкий Side Обрыв","Цилиндр #4 Высокий To Низкий Side Обрыв",
"P1275","P","base-only","Цилиндр #5 Высокий To Низкий Side Обрыв","Цилиндр #5 Высокий To Низкий Side Обрыв",
"P1276","P","base-only","Цилиндр #6 Высокий To Низкий Side Обрыв","Цилиндр #6 Высокий To Низкий Side Обрыв",
"P1277","P","base-only","Цилиндр #7 Высокий To Низкий Side Обрыв","Цилиндр #7 Высокий To Низкий Side Обрыв",
"P1278","P","base-only","Цилиндр #8 Высокий To Низкий Side Обрыв","Цилиндр #8 Высокий To Низкий Side Обрыв",
"P1280","P","base-only","Injection Управление Давление Out Of Range Низкий","Injection Управление Давление Out Of Range Низкий",
"P1281","P","base-only","Injection Управление Давление Out Of Range Высокий","Injection Управление Давление Out Of Range Высокий",
"P1282","P","base-only","Excessive Injection Управление Давление","Excessive Injection Управление Давление",
"P1283","P","base-only","IPR Цепь Failure","IPR Цепь Failure",
"P1284","P","base-only","Aborted KOER - ICP Failure","Aborted KOER - ICP Failure",
"P1285","P","base-only","Цилиндр head over temp sensed","Цилиндр head over temp sensed",
"P1286","P","base-only","Топливо Pulse In Range But Lower Than Expected","Топливо Pulse In Range But Lower Than Expected",
"P1287","P","base-only","Топливо Pulse In Range But Higher Than Expected","Топливо Pulse In Range But Higher Than Expected",
"P1288","P","base-only","Цилиндр Head Temp Датчик Out Of Self Test Range","Цилиндр Head Temp Датчик Out Of Self Test Range",
"P1289","P","base-only","Цилиндр Head Temp Датчик Высокий Вход","Цилиндр Head Temp Датчик Высокий Вход",
"P1290","P","base-only","Цилиндр Head Temp Датчик Низкий Вход","Цилиндр Head Temp Датчик Низкий Вход",
"P1291","P","base-only","Форсунка Высокий Side Короткое замыкание To GND Or VBATT - Ряд 1","Форсунка Высокий Side Короткое замыкание To GND Or VBATT - Ряд 1",
"P1292","P","base-only","Форсунка Высокий Side Короткое замыкание To GND Or VBATT - Ряд 2","Форсунка Высокий Side Короткое замыкание To GND Or VBATT - Ряд 2",
"P1293","P","base-only","Форсунка Высокий Side Обрыв - Ряд 1","Форсунка Высокий Side Обрыв - Ряд 1",
"P1294","P","base-only","Форсунка Высокий Side Обрыв - Ряд 2/Target Холостой ход not reached","Форсунка Высокий Side Обрыв - Ряд 2/Target Холостой ход not reached",
"P1295","P","base-only","Multi-faults - Ряд 1 - With Низкий Side Shorts","Multi-faults - Ряд 1 - With Низкий Side Shorts",
"P1296","P","base-only","Multi-faults - Ряд 2 - With Низкий Side Shorts","Multi-faults - Ряд 2 - With Низкий Side Shorts",
"P1297","P","base-only","Форсунка Высокий Sides Shorted Together","Форсунка Высокий Sides Shorted Together",
"P1298","P","base-only","IDM Failure","IDM Failure",
"P1299","P","base-only","Цилиндр Head Overtemperature Protection Active","Цилиндр Head Overtemperature Protection Active",
"P1300","P","base-only","Наддув Calibration Fault","Наддув Calibration Fault",
"P1301","P","base-only","Наддув Calibration Высокий","Наддув Calibration Высокий",
"P1302","P","base-only","Наддув Calibration Низкий","Наддув Calibration Низкий",
"P1303","P","base-only","Рециркуляция ОГ Calibration Fault","Рециркуляция ОГ Calibration Fault",
"P1304","P","base-only","Рециркуляция ОГ Calibration Высокий","Рециркуляция ОГ Calibration Высокий",
"P1305","P","base-only","Рециркуляция ОГ Calibration Низкий","Рециркуляция ОГ Calibration Низкий",
"P1306","P","base-only","Kickdown Relay Pull - In Цепь Fault","Kickdown Relay Pull - In Цепь Fault",
"P1307","P","base-only","Kickdown Relay Hold Цепь Fault","Kickdown Relay Hold Цепь Fault",
"P1308","P","base-only","A/C Clutch Цепь Fault","A/C Clutch Цепь Fault",
"P1309","P","base-only","Пропуск зажигания Монитор AICE Chip Fault","Пропуск зажигания Монитор AICE Chip Fault",
"P1313","P","base-only","Пропуск зажигания Расход Катализатор Damage Fault - Ряд 1","Пропуск зажигания Расход Катализатор Damage Fault - Ряд 1",
"P1314","P","base-only","Пропуск зажигания Расход Катализатор Damage Fault - Ряд 2","Пропуск зажигания Расход Катализатор Damage Fault - Ряд 2",
"P1315","P","base-only","Persistent Пропуск зажигания","Persistent Пропуск зажигания",
"P1316","P","base-only","Форсунка Цепь / IDM Codes Обнаружен","Форсунка Цепь / IDM Codes Обнаружен",
"P1317","P","base-only","Форсунка Цепь / IDM Codes Not Updated","Форсунка Цепь / IDM Codes Not Updated",
"P1336","P","base-only","Crank / Cam Датчик Range / Производительность","Crank / Cam Датчик Range / Производительность",
"P1340","P","base-only","Распредвал Положение Датчик B Цепь Неисправность","Распредвал Положение Датчик B Цепь Неисправность",
"P1341","P","base-only","Распредвал Положение Датчик B Range / Производительность","Распредвал Положение Датчик B Range / Производительность",
"P1345","P","base-only","SGC (Cam Положение) Датчик Цепь Неисправность/ Коленвал Положение - Распредвал Положение Корреляция","SGC (Cam Положение) Датчик Цепь Неисправность/ Коленвал Положение - Распредвал Положение Корреляция",
"P1346","P","base-only","Топливо Level Датчик B Цепь Неисправность","Топливо Level Датчик B Цепь Неисправность",
"P1347","P","base-only","Топливо Level Датчик B Range / Производительность","Топливо Level Датчик B Range / Производительность",
"P1348","P","base-only","Топливо Level Датчик B Цепь Низкий","Топливо Level Датчик B Цепь Низкий",
"P1349","P","base-only","Топливо Level Датчик B Цепь Высокий","Топливо Level Датчик B Цепь Высокий",
"P1350","P","base-only","Топливо Level Датчик B Прерывистый/Байпас Line Монитор","Топливо Level Датчик B Прерывистый/Байпас Line Монитор",
"P1351","P","base-only","IDM Вход Цепь Неисправность/ Зажигание Катушка Управление Цепь Высокий Напряжение","IDM Вход Цепь Неисправность/ Зажигание Катушка Управление Цепь Высокий Напряжение",
"P1352","P","base-only","Зажигание Катушка A Primary Цепь Неисправность","Зажигание Катушка A Primary Цепь Неисправность",
"P1353","P","base-only","Зажигание Катушка B Primary Цепь Неисправность","Зажигание Катушка B Primary Цепь Неисправность",
"P1354","P","base-only","Зажигание Катушка C Primary Цепь Неисправность","Зажигание Катушка C Primary Цепь Неисправность",
"P1355","P","base-only","Зажигание Катушка D Primary Цепь Неисправность","Зажигание Катушка D Primary Цепь Неисправность",
"P1360","P","base-only","Зажигание Катушка A Secondary Цепь Неисправность","Зажигание Катушка A Secondary Цепь Неисправность",
"P1361","P","base-only","Зажигание Управление (IC) Цепь Низкий Напряжение","Зажигание Управление (IC) Цепь Низкий Напряжение",
"P1362","P","base-only","Зажигание Катушка C Secondary Цепь Неисправность","Зажигание Катушка C Secondary Цепь Неисправность",
"P1363","P","base-only","Зажигание Катушка D Secondary Цепь Неисправность","Зажигание Катушка D Secondary Цепь Неисправность",
"P1364","P","base-only","Зажигание Катушка Primary Цепь Failure","Зажигание Катушка Primary Цепь Failure",
"P1365","P","base-only","Зажигание Катушка Secondary Цепь Failure","Зажигание Катушка Secondary Цепь Failure",
"P1366","P","base-only","Зажигание Spare","Зажигание Spare",
"P1367","P","base-only","Зажигание Spare","Зажигание Spare",
"P1368","P","base-only","Зажигание Spare","Зажигание Spare",
"P1369","P","base-only","Двигатель Температура Light Монитор Failure","Двигатель Температура Light Монитор Failure",
"P1370","P","base-only","Insufficient RMP Increase During Spark Test","Insufficient RMP Increase During Spark Test",
"P1371","P","base-only","Зажигание Катушка - Цилиндр 1 - Early Activation Fault","Зажигание Катушка - Цилиндр 1 - Early Activation Fault",
"P1372","P","base-only","Зажигание Катушка - Цилиндр 2 - Early Activation Fault","Зажигание Катушка - Цилиндр 2 - Early Activation Fault",
"P1373","P","base-only","Зажигание Катушка - Цилиндр 3 - Early Activation Fault","Зажигание Катушка - Цилиндр 3 - Early Activation Fault",
"P1374","P","base-only","Коленвал Положение (CKP)/Зажигание Катушка - Цилиндр 4 - Early Activation Fault","Коленвал Положение (CKP)/Зажигание Катушка - Цилиндр 4 - Early Activation Fault",
"P1375","P","base-only","Зажигание Катушка - Цилиндр 5 - Early Activation Fault","Зажигание Катушка - Цилиндр 5 - Early Activation Fault",
"P1376","P","base-only","Зажигание Катушка - Цилиндр 6 - Early Activation Fault","Зажигание Катушка - Цилиндр 6 - Early Activation Fault",
"P1380","P","base-only","Пропуск зажигания Обнаружен - Rough Road Data Not Available","Пропуск зажигания Обнаружен - Rough Road Data Not Available",
"P1381","P","base-only","Variable Cam Синхронизация Overadvanced (Ряд #1)/ Пропуск зажигания Обнаружен - No Связь with BCM","Variable Cam Синхронизация Overadvanced (Ряд #1)/ Пропуск зажигания Обнаружен - No Связь with BCM",
"P1382","P","base-only","Variable Cam Синхронизация Соленоид #1 Цепь Неисправность","Variable Cam Синхронизация Соленоид #1 Цепь Неисправность",
"P1383","P","base-only","Variable Cam Синхронизация Overretarded (Ряд #1)","Variable Cam Синхронизация Overretarded (Ряд #1)",
"P1384","P","base-only","VVT Соленоид A Неисправность","VVT Соленоид A Неисправность",
"P1385","P","base-only","Variable Cam Синхронизация Соленоид B Неисправность","Variable Cam Синхронизация Соленоид B Неисправность",
"P1386","P","base-only","Variable Cam Синхронизация Overadvanced (Ряд #2)","Variable Cam Синхронизация Overadvanced (Ряд #2)",
"P1387","P","base-only","Variable Cam Синхронизация Соленоид #2 Цепь Неисправность","Variable Cam Синхронизация Соленоид #2 Цепь Неисправность",
"P1388","P","base-only","Variable Cam Синхронизация Overretarded (Ряд #2)","Variable Cam Синхронизация Overretarded (Ряд #2)",
"P1389","P","base-only","Glow Plug Цепь Высокий Side Низкий Вход","Glow Plug Цепь Высокий Side Низкий Вход",
"P1390","P","base-only","Octane Adjust Pin Out Of Self Test Range","Octane Adjust Pin Out Of Self Test Range",
"P1391","P","base-only","Glow Plug Цепь Низкий Вход (Ряд #1)","Glow Plug Цепь Низкий Вход (Ряд #1)",
"P1392","P","base-only","Glow Plug Цепь Высокий Вход (Ряд #1)","Glow Plug Цепь Высокий Вход (Ряд #1)",
"P1393","P","base-only","Glow Plug Цепь Низкий Вход (Ряд #2)","Glow Plug Цепь Низкий Вход (Ряд #2)",
"P1394","P","base-only","Glow Plug Цепь Высокий Вход (Ряд #2)","Glow Plug Цепь Высокий Вход (Ряд #2)",
"P1395","P","base-only","Glow Plug Монитор Fault (Ряд #1)","Glow Plug Монитор Fault (Ряд #1)",
"P1396","P","base-only","Glow Plug Монитор Fault (Ряд #2)","Glow Plug Монитор Fault (Ряд #2)",
"P1397","P","base-only","Система Напряжение Out Of Self Test Range","Система Напряжение Out Of Self Test Range",
"P1398","P","base-only","VVT Соленоид B Цепь Высокий Вход","VVT Соленоид B Цепь Высокий Вход",
"P1399","P","base-only","Glow Plug Цепь Высокий Side, Высокий Вход","Glow Plug Цепь Высокий Side, Высокий Вход",
"P1400","P","base-only","DPFE Цепь Низкий Вход","DPFE Цепь Низкий Вход",
"P1401","P","base-only","DPFE Цепь Высокий Вход","DPFE Цепь Высокий Вход",
"P1402","P","base-only","Рециркуляция ОГ Metering Orifice Restricted","Рециркуляция ОГ Metering Orifice Restricted",
"P1403","P","base-only","DPFE Датчик Hoses Reversed","DPFE Датчик Hoses Reversed",
"P1404","P","base-only","IAT - B Цепь Неисправность/ Выхлоп Gas Recirculation Closed Положение Производительность","IAT - B Цепь Неисправность/ Выхлоп Gas Recirculation Closed Положение Производительность",
"P1405","P","base-only","DPFE Датчик Upstream Hose Off Or Plugged","DPFE Датчик Upstream Hose Off Or Plugged",
"P1406","P","base-only","Выхлоп Gas Recirculation (Рециркуляция ОГ) Положение Датчик Производительность","Выхлоп Gas Recirculation (Рециркуляция ОГ) Положение Датчик Производительность",
"P1407","P","base-only","Рециркуляция ОГ No Поток Обнаружен","Рециркуляция ОГ No Поток Обнаружен",
"P1408","P","base-only","Рециркуляция ОГ Поток Out Of Self Test Range","Рециркуляция ОГ Поток Out Of Self Test Range",
"P1409","P","base-only","EVR Управление Цепь Неисправность","EVR Управление Цепь Неисправность",
"P1411","P","base-only","SAI Система Incorrect Downstream Поток Обнаружен","SAI Система Incorrect Downstream Поток Обнаружен",
"P1413","P","base-only","SAI Система Монитор Цепь Низкий Вход","SAI Система Монитор Цепь Низкий Вход",
"P1414","P","base-only","SAI Система Монитор Цепь Высокий Вход","SAI Система Монитор Цепь Высокий Вход",
"P1415","P","base-only","Воздух Насос Цепь Неисправность/ (Воздух) Система Ряд 1","Воздух Насос Цепь Неисправность/ (Воздух) Система Ряд 1",
"P1416","P","base-only","Port Воздух Цепь Неисправность/ (Воздух) Система Ряд 2","Port Воздух Цепь Неисправность/ (Воздух) Система Ряд 2",
"P1417","P","base-only","Port Воздух Relief Цепь Неисправность","Port Воздух Relief Цепь Неисправность",
"P1418","P","base-only","Split Воздух #1 Цепь Неисправность","Split Воздух #1 Цепь Неисправность",
"P1419","P","base-only","Split Воздух #2 Цепь Неисправность","Split Воздух #2 Цепь Неисправность",
"P1420","P","base-only","Катализатор Температура Датчик Failure","Катализатор Температура Датчик Failure",
"P1421","P","base-only","Катализатор Damage","Катализатор Damage",
"P1422","P","base-only","EGI Температура Датчик Failure","EGI Температура Датчик Failure",
"P1423","P","base-only","EGI Functionality Test Failed","EGI Functionality Test Failed",
"P1424","P","base-only","EGI Glow Plug Primary Failure","EGI Glow Plug Primary Failure",
"P1425","P","base-only","EGI Glow Plug Secondary Failure","EGI Glow Plug Secondary Failure",
"P1426","P","base-only","EGI Mini - Расходомер воздуха Failed Out Of Range","EGI Mini - Расходомер воздуха Failed Out Of Range",
"P1427","P","base-only","EGI Mini - Расходомер воздуха Failed Короткое замыкание Цепь","EGI Mini - Расходомер воздуха Failed Короткое замыкание Цепь",
"P1428","P","base-only","EGI Mini - Расходомер воздуха Failed Обрыв Цепь","EGI Mini - Расходомер воздуха Failed Обрыв Цепь",
"P1429","P","base-only","Electric Воздух Насос Primary Failure","Electric Воздух Насос Primary Failure",
"P1430","P","base-only","Electric Воздух Насос Secondary Failure","Electric Воздух Насос Secondary Failure",
"P1433","P","base-only","A/C Refrigerant Температура Цепь Низкий","A/C Refrigerant Температура Цепь Низкий",
"P1434","P","base-only","A/C Refrigerant Температура Цепь Высокий","A/C Refrigerant Температура Цепь Высокий",
"P1435","P","base-only","A/C Refrigerant Температура Цепь Диапазон/Производительность","A/C Refrigerant Температура Цепь Диапазон/Производительность",
"P1436","P","base-only","A/C Evaporator Воздух Температура Цепь Низкий","A/C Evaporator Воздух Температура Цепь Низкий",
"P1437","P","base-only","A/C Evaporator Воздух Температура Цепь Высокий","A/C Evaporator Воздух Температура Цепь Высокий",
"P1438","P","base-only","A/C Evaporator Воздух Температура Цепь Диапазон/Производительность","A/C Evaporator Воздух Температура Цепь Диапазон/Производительность",
"P1439","P","base-only","Floor Температура Switch Цепь Неисправность","Floor Температура Switch Цепь Неисправность",
"P1440","P","base-only","Продувка Клапан Заклинило Обрыв","Продувка Клапан Заклинило Обрыв",
"P1441","P","base-only","Испарительная Выброс Управление (Система улавливания паров) Система Утечка","Испарительная Выброс Управление (Система улавливания паров) Система Утечка",
"P1442","P","base-only","Испарительная Выброс Управление Система Утечка Обнаружен","Испарительная Выброс Управление Система Утечка Обнаружен",
"P1443","P","base-only","Испарительная Выброс Управление Система Управление Клапан","Испарительная Выброс Управление Система Управление Клапан",
"P1444","P","base-only","Продувка Поток Датчик Цепь Низкий Вход","Продувка Поток Датчик Цепь Низкий Вход",
"P1445","P","base-only","Продувка Поток Датчик Цепь Высокий Вход","Продувка Поток Датчик Цепь Высокий Вход",
"P1446","P","base-only","Испарительная Vac Соленоид Цепь Неисправность","Испарительная Vac Соленоид Цепь Неисправность",
"P1447","P","base-only","ELC Система Closure Клапан Поток Fault","ELC Система Closure Клапан Поток Fault",
"P1448","P","base-only","ELC Система 2 Fault","ELC Система 2 Fault",
"P1449","P","base-only","Испарительная Check Соленоид Цепь Неисправность","Испарительная Check Соленоид Цепь Неисправность",
"P1450","P","base-only","Unable To Bleed Up Топливо Tank Разрежение","Unable To Bleed Up Топливо Tank Разрежение",
"P1451","P","base-only","Система улавливания паров Выброс Управление Sys Вентиляция Управление Клапан Цепь","Система улавливания паров Выброс Управление Sys Вентиляция Управление Клапан Цепь",
"P1452","P","base-only","Unable To Bleed - Up Разрежение in Tank","Unable To Bleed - Up Разрежение in Tank",
"P1453","P","base-only","Топливо Tank Давление Relief Клапан Неисправность","Топливо Tank Давление Relief Клапан Неисправность",
"P1454","P","base-only","Испарительная Система Разрежение Test Неисправность","Испарительная Система Разрежение Test Неисправность",
"P1455","P","base-only","Система улавливания паров Выброс Управление Sys Утечка Обнаружен (Грубая утечка/No Поток)","Система улавливания паров Выброс Управление Sys Утечка Обнаружен (Грубая утечка/No Поток)",
"P1456","P","base-only","Топливо Tank Температура Датчик Цепь Неисправность","Топливо Tank Температура Датчик Цепь Неисправность",
"P1457","P","base-only","Unable To Pull Разрежение In Tank","Unable To Pull Разрежение In Tank",
"P1460","P","base-only","Wide Обрыв Дроссельная заслонка A/C cutoff relay Цепь","Wide Обрыв Дроссельная заслонка A/C cutoff relay Цепь",
"P1461","P","base-only","A/C Давление Датчик Цепь Напряжение Низкий","A/C Давление Датчик Цепь Напряжение Низкий",
"P1462","P","base-only","A/C Давление Датчик Цепь Напряжение Высокий","A/C Давление Датчик Цепь Напряжение Высокий",
"P1463","P","base-only","A/C Давление Датчик Insufficient Давление Change","A/C Давление Датчик Insufficient Давление Change",
"P1464","P","base-only","A/C Demand Out of Self Test Range","A/C Demand Out of Self Test Range",
"P1465","P","base-only","A/C Relay Цепь Неисправность","A/C Relay Цепь Неисправность",
"P1466","P","base-only","A/C Refrigerant Температура Датчик/Цепь Неисправность","A/C Refrigerant Температура Датчик/Цепь Неисправность",
"P1467","P","base-only","A/C Compressor Температура Датчик Неисправность","A/C Compressor Температура Датчик Неисправность",
"P1468","P","base-only","SSPOD Обрыв Цепь or Closed Цепь Fault","SSPOD Обрыв Цепь or Closed Цепь Fault",
"P1469","P","base-only","Низкий A/C Cycling Period","Низкий A/C Cycling Period",
"P1470","P","base-only","A/C Cycling Period Too Короткое замыкание","A/C Cycling Period Too Короткое замыкание",
"P1471","P","base-only","Electrodrive Fan 1 Operational Failure (Водитель Side)","Electrodrive Fan 1 Operational Failure (Водитель Side)",
"P1472","P","base-only","Electrodrive Fan 2 Operational Failure (Пассажир Side)","Electrodrive Fan 2 Operational Failure (Пассажир Side)",
"P1473","P","base-only","Fan Secondary Высокий With Fan(s) Off","Fan Secondary Высокий With Fan(s) Off",
"P1474","P","base-only","Низкий Fan Управление Primary Цепь Неисправность","Низкий Fan Управление Primary Цепь Неисправность",
"P1475","P","base-only","Fan Relay (Низкий) Цепь Неисправность","Fan Relay (Низкий) Цепь Неисправность",
"P1476","P","base-only","Fan Relay (Высокий) Цепь Неисправность","Fan Relay (Высокий) Цепь Неисправность",
"P1477","P","base-only","Additional Fan Relay Цепь Неисправность","Additional Fan Relay Цепь Неисправность",
"P1478","P","base-only","Cooling Fan Водитель Fault","Cooling Fan Водитель Fault",
"P1479","P","base-only","Высокий Fan Управление Primary Цепь Неисправность","Высокий Fan Управление Primary Цепь Неисправность",
"P1480","P","base-only","Fan Secondary Низкий with Низкий Fan On","Fan Secondary Низкий with Низкий Fan On",
"P1481","P","base-only","Fan Secondary Низкий With Высокий Fan On","Fan Secondary Низкий With Высокий Fan On",
"P1482","P","base-only","SCP","SCP",
"P1483","P","base-only","Power To Fan Цепь Overcurrent","Power To Fan Цепь Overcurrent",
"P1484","P","base-only","Обрыв Power To Масса VCRM","Обрыв Power To Масса VCRM",
"P1485","P","base-only","EGRV Цепь Неисправность","EGRV Цепь Неисправность",
"P1486","P","base-only","EGRA Цепь Неисправность","EGRA Цепь Неисправность",
"P1487","P","base-only","EGRCHK Соленоид Цепь Неисправность","EGRCHK Соленоид Цепь Неисправность",
"P1490","P","base-only","Secondary Воздух Relief Соленоид Цепь Неисправность","Secondary Воздух Relief Соленоид Цепь Неисправность",
"P1491","P","base-only","Secondary Switch Соленоид Цепь Неисправность","Secondary Switch Соленоид Цепь Неисправность",
"P1492","P","base-only","APLSOL Соленоид Цепь Неисправность","APLSOL Соленоид Цепь Неисправность",
"P1493","P","base-only","RCNT Соленоид Цепь Неисправность","RCNT Соленоид Цепь Неисправность",
"P1494","P","base-only","SPCUT Соленоид Цепь Неисправность","SPCUT Соленоид Цепь Неисправность",
"P1495","P","base-only","TCSPL Соленоид Цепь Неисправность","TCSPL Соленоид Цепь Неисправность",
"P1500","P","base-only","Скорость автомобиля Датчик Прерывистый","Скорость автомобиля Датчик Прерывистый",
"P1501","P","base-only","Скорость автомобиля Датчик Out Of Self Test Range","Скорость автомобиля Датчик Out Of Self Test Range",
"P1502","P","base-only","Скорость автомобиля Датчик Прерывистый Неисправность","Скорость автомобиля Датчик Прерывистый Неисправность",
"P1503","P","base-only","Auxillary Скорость Датчик Fault","Auxillary Скорость Датчик Fault",
"P1504","P","base-only","Холостой ход Воздух Управление Цепь Неисправность","Холостой ход Воздух Управление Цепь Неисправность",
"P1505","P","base-only","Холостой ход Воздух Управление Система At Adaptive Clip","Холостой ход Воздух Управление Система At Adaptive Clip",
"P1506","P","base-only","Холостой ход Воздух Управление Превышение скорости Error","Холостой ход Воздух Управление Превышение скорости Error",
"P1507","P","base-only","Холостой ход Воздух Управление Underspeed Error","Холостой ход Воздух Управление Underspeed Error",
"P1508","P","base-only","Холостой ход Управление Система Цепь Обрыв","Холостой ход Управление Система Цепь Обрыв",
"P1509","P","base-only","Холостой ход Управление Система Цепь Shorted","Холостой ход Управление Система Цепь Shorted",
"P1510","P","base-only","Холостой ход Сигнал Цепь Неисправность","Холостой ход Сигнал Цепь Неисправность",
"P1511","P","base-only","Холостой ход Switch (Electric Управление Дроссельная заслонка) Цепь Неисправность","Холостой ход Switch (Electric Управление Дроссельная заслонка) Цепь Неисправность",
"P1512","P","base-only","Впуск Коллектор Runner Управление (Ряд 1) Заклинило Closed","Впуск Коллектор Runner Управление (Ряд 1) Заклинило Closed",
"P1513","P","base-only","Впуск Коллектор Runner Управление (Ряд 2) Заклинило Closed","Впуск Коллектор Runner Управление (Ряд 2) Заклинило Closed",
"P1514","P","base-only","Высокий Нагрузка Neutral/Drive Fault","Высокий Нагрузка Neutral/Drive Fault",
"P1515","P","base-only","Electric Current Цепь Неисправность","Electric Current Цепь Неисправность",
"P1516","P","base-only","IMRC Вход Error (Ряд 1)","IMRC Вход Error (Ряд 1)",
"P1517","P","base-only","IMRC Вход Error (Ряд 2)","IMRC Вход Error (Ряд 2)",
"P1518","P","base-only","Впуск Коллектор Runner Управление (Заклинило Обрыв)","Впуск Коллектор Runner Управление (Заклинило Обрыв)",
"P1519","P","base-only","Впуск Коллектор Runner Управление (Заклинило Closed)","Впуск Коллектор Runner Управление (Заклинило Closed)",
"P1520","P","base-only","Впуск Коллектор Runner Управление Цепь Неисправность","Впуск Коллектор Runner Управление Цепь Неисправность",
"P1521","P","base-only","Variable Впуск Соленоид #1 Цепь Неисправность","Variable Впуск Соленоид #1 Цепь Неисправность",
"P1522","P","base-only","Variable Впуск Соленоид #2 Цепь Неисправность","Variable Впуск Соленоид #2 Цепь Неисправность",
"P1523","P","base-only","IVC Соленоид Цепь Неисправность","IVC Соленоид Цепь Неисправность",
"P1524","P","base-only","Variable Впуск Соленоид Система","Variable Впуск Соленоид Система",
"P1525","P","base-only","Воздух Байпас Клапан Система","Воздух Байпас Клапан Система",
"P1526","P","base-only","Воздух Байпас Система","Воздух Байпас Система",
"P1527","P","base-only","Accelerate Warmup Соленоид Цепь Неисправность","Accelerate Warmup Соленоид Цепь Неисправность",
"P1528","P","base-only","Subsidiary Дроссельная заслонка Клапан Соленоид Цепь Неисправность","Subsidiary Дроссельная заслонка Клапан Соленоид Цепь Неисправность",
"P1529","P","base-only","SCAIR Соленоид Цепь Неисправность","SCAIR Соленоид Цепь Неисправность",
"P1530","P","base-only","A/C Clutch Цепь Неисправность","A/C Clutch Цепь Неисправность",
"P1531","P","base-only","Неверный Test - Accelerator Педаль Movement","Неверный Test - Accelerator Педаль Movement",
"P1532","P","base-only","IMCC Цепь Неисправность, Ряд B","IMCC Цепь Неисправность, Ряд B",
"P1533","P","base-only","AAI Цепь Неисправность","AAI Цепь Неисправность",
"P1534","P","base-only","Inertia Switch Activated","Inertia Switch Activated",
"P1535","P","base-only","Blower Fan Скорость Цепь Диапазон/Производительность","Blower Fan Скорость Цепь Диапазон/Производительность",
"P1536","P","base-only","Parking Brake Switch Цепь Failure","Parking Brake Switch Цепь Failure",
"P1537","P","base-only","Впуск Коллектор Runner Управление (Ряд 1) Заклинило Обрыв","Впуск Коллектор Runner Управление (Ряд 1) Заклинило Обрыв",
"P1538","P","base-only","Впуск Коллектор Runner Управление (Ряд 2) Заклинило Обрыв","Впуск Коллектор Runner Управление (Ряд 2) Заклинило Обрыв",
"P1539","P","base-only","Power To A/C Clutch Цепь Overcurrent","Power To A/C Clutch Цепь Overcurrent",
"P1540","P","base-only","Воздух Байпас Клапан Цепь Неисправность","Воздух Байпас Клапан Цепь Неисправность",
"P1549","P","base-only","IMCC Цепь Неисправность, Ряд B","IMCC Цепь Неисправность, Ряд B",
"P1550","P","base-only","PSPS Out Of Self Test Range","PSPS Out Of Self Test Range",
"P1565","P","base-only","Скорость Управление Command Switch Out of Range Высокий","Скорость Управление Command Switch Out of Range Высокий",
"P1566","P","base-only","Скорость Управление Command Switch Out of Range Низкий","Скорость Управление Command Switch Out of Range Низкий",
"P1567","P","base-only","Скорость Управление Выход Цепь Continuity","Скорость Управление Выход Цепь Continuity",
"P1568","P","base-only","Скорость Управление Unable to Hold Скорость","Скорость Управление Unable to Hold Скорость",
"P1571","P","base-only","Brake Switch Неисправность","Brake Switch Неисправность",
"P1572","P","base-only","Brake Педаль Switch Цепь Неисправность","Brake Педаль Switch Цепь Неисправность",
"P1573","P","base-only","Положение дроссельной заслонки Not Available","Положение дроссельной заслонки Not Available",
"P1574","P","base-only","Положение дроссельной заслонки Датчик Disagreement btwn Sensors","Положение дроссельной заслонки Датчик Disagreement btwn Sensors",
"P1575","P","base-only","Педаль Положение Out of Self Test Range","Педаль Положение Out of Self Test Range",
"P1576","P","base-only","Педаль Положение Not Available","Педаль Положение Not Available",
"P1577","P","base-only","Педаль Положение Датчик Disagreement btwn Sensors","Педаль Положение Датчик Disagreement btwn Sensors",
"P1578","P","base-only","ETC Power Less Than Demand","ETC Power Less Than Demand",
"P1579","P","base-only","ETC In Power Limiting Mode","ETC In Power Limiting Mode",
"P1580","P","base-only","Electronic Дроссельная заслонка Монитор Блок управления двигателем Override","Electronic Дроссельная заслонка Монитор Блок управления двигателем Override",
"P1581","P","base-only","Electronic Дроссельная заслонка Монитор Неисправность","Electronic Дроссельная заслонка Монитор Неисправность",
"P1582","P","base-only","Electronic Дроссельная заслонка Монитор Data Available","Electronic Дроссельная заслонка Монитор Data Available",
"P1583","P","base-only","Electronic Дроссельная заслонка Монитор Cruise Disable","Electronic Дроссельная заслонка Монитор Cruise Disable",
"P1584","P","base-only","TCU Обнаружен IPE Цепь Неисправность","TCU Обнаружен IPE Цепь Неисправность",
"P1585","P","base-only","Дроссельная заслонка Управление Unit Неисправность","Дроссельная заслонка Управление Unit Неисправность",
"P1586","P","base-only","Дроссельная заслонка Управление Unit Положение дроссельной заслонки Неисправность","Дроссельная заслонка Управление Unit Положение дроссельной заслонки Неисправность",
"P1587","P","base-only","Дроссельная заслонка Управление Unit Modulated Command Неисправность","Дроссельная заслонка Управление Unit Modulated Command Неисправность",
"P1588","P","base-only","Дроссельная заслонка Управление Unit Обнаружен Loss of Return Spring","Дроссельная заслонка Управление Unit Обнаружен Loss of Return Spring",
"P1589","P","base-only","TCU Unable To Управление Desired Дроссельная заслонка Angle","TCU Unable To Управление Desired Дроссельная заслонка Angle",
"P1600","P","base-only","Loss of KAM Power; Обрыв Цепь","Loss of KAM Power; Обрыв Цепь",
"P1601","P","base-only","Блок управления двигателем/Блок управления трансмиссией Serial Связь Error","Блок управления двигателем/Блок управления трансмиссией Serial Связь Error",
"P1602","P","base-only","Immobilizer/Блок управления двигателем Связь Error","Immobilizer/Блок управления двигателем Связь Error",
"P1603","P","base-only","EEPROM Неисправность","EEPROM Неисправность",
"P1604","P","base-only","Code Word Unregestered","Code Word Unregestered",
"P1605","P","base-only","Keep Alive Memory Test Failure","Keep Alive Memory Test Failure",
"P1606","P","base-only","Блок управления двигателем Управление Relay O/P Цепь Неисправность","Блок управления двигателем Управление Relay O/P Цепь Неисправность",
"P1607","P","base-only","MIL O/P Цепь Неисправность","MIL O/P Цепь Неисправность",
"P1608","P","base-only","Internal Блок управления двигателем Неисправность","Internal Блок управления двигателем Неисправность",
"P1609","P","base-only","Diagnostic Лампа Водитель Fault","Diagnostic Лампа Водитель Fault",
"P1610","P","base-only","SBDS Interactive Codes","SBDS Interactive Codes",
"P1611","P","base-only","SBDS Interactive Codes","SBDS Interactive Codes",
"P1612","P","base-only","SBDS Interactive Codes","SBDS Interactive Codes",
"P1613","P","base-only","SBDS Interactive Codes","SBDS Interactive Codes",
"P1614","P","base-only","SBDS Interactive Codes","SBDS Interactive Codes",
"P1615","P","base-only","SBDS Interactive Codes","SBDS Interactive Codes",
"P1616","P","base-only","SBDS Interactive Codes","SBDS Interactive Codes",
"P1617","P","base-only","SBDS Interactive Codes","SBDS Interactive Codes",
"P1618","P","base-only","SBDS Interactive Codes","SBDS Interactive Codes",
"P1619","P","base-only","SBDS Interactive Codes","SBDS Interactive Codes",
"P1620","P","base-only","SBDS Interactive Codes","SBDS Interactive Codes",
"P1621","P","base-only","Управление Модуль Долгосрочная Memory Производительность/ Immobilizer Code Words Do Not Match","Управление Модуль Долгосрочная Memory Производительность/ Immobilizer Code Words Do Not Match",
"P1622","P","base-only","Immobilizer ID Does Not Match","Immobilizer ID Does Not Match",
"P1623","P","base-only","Immobilizer Code Word/ID Number Write Failure","Immobilizer Code Word/ID Number Write Failure",
"P1624","P","base-only","Anti Theft Система","Anti Theft Система",
"P1625","P","base-only","B+ Supply To VCRM Fan Цепь Неисправность","B+ Supply To VCRM Fan Цепь Неисправность",
"P1626","P","base-only","Theft Deterrent Топливо Enable Сигнал Not Received/ B+ Supply To VCRM A/C Цепь Неисправность","Theft Deterrent Топливо Enable Сигнал Not Received/ B+ Supply To VCRM A/C Цепь Неисправность",
"P1627","P","base-only","Модуль Supply Напряжение Out Of Range","Модуль Supply Напряжение Out Of Range",
"P1628","P","base-only","Модуль Зажигание Supply Вход Неисправность","Модуль Зажигание Supply Вход Неисправность",
"P1629","P","base-only","Internal Напряжение Регулятор Неисправность","Internal Напряжение Регулятор Неисправность",
"P1630","P","base-only","Internal Vref Неисправность","Internal Vref Неисправность",
"P1631","P","base-only","Theft Deterrent Start Enable Сигнал Not Correct/ Main Relay Неисправность (Power Hold)","Theft Deterrent Start Enable Сигнал Not Correct/ Main Relay Неисправность (Power Hold)",
"P1632","P","base-only","Smart Alternator Faults Датчик/Цепь Неисправность","Smart Alternator Faults Датчик/Цепь Неисправность",
"P1633","P","base-only","KAM Напряжение Слишком низкий","KAM Напряжение Слишком низкий",
"P1634","P","base-only","Data Выход Link Цепь Failure","Data Выход Link Цепь Failure",
"P1635","P","base-only","Tire / Axle Ratio Out of Acceptable Range","Tire / Axle Ratio Out of Acceptable Range",
"P1636","P","base-only","Inductive Signature Chip Связь Error","Inductive Signature Chip Связь Error",
"P1637","P","base-only","Can Link Блок управления двигателем/ABSCM Цепь / Сеть Неисправность","Can Link Блок управления двигателем/ABSCM Цепь / Сеть Неисправность",
"P1638","P","base-only","Can Link Блок управления двигателем/INSTM Цепь / Сеть Неисправность","Can Link Блок управления двигателем/INSTM Цепь / Сеть Неисправность",
"P1639","P","base-only","Автомобиль ID Block Corrupted or Not Programmed","Автомобиль ID Block Corrupted or Not Programmed",
"P1640","P","base-only","Силовой агрегат DTCs Available in Another Модуль","Силовой агрегат DTCs Available in Another Модуль",
"P1641","P","base-only","Топливо Насос Primary Цепь Failure","Топливо Насос Primary Цепь Failure",
"P1642","P","base-only","Топливо Насос Монитор Цепь Высокий Вход","Топливо Насос Монитор Цепь Высокий Вход",
"P1643","P","base-only","Топливо Насос Монитор Цепь Низкий Вход","Топливо Насос Монитор Цепь Низкий Вход",
"P1644","P","base-only","Топливо Насос Скорость Управление Цепь Неисправность","Топливо Насос Скорость Управление Цепь Неисправность",
"P1645","P","base-only","Топливо Насос Resistor Switch Цепь Неисправность","Топливо Насос Resistor Switch Цепь Неисправность",
"P1650","P","base-only","PSP Switch Out of Self Test Range","PSP Switch Out of Self Test Range",
"P1651","P","base-only","PSP Switch Вход Неисправность","PSP Switch Вход Неисправность",
"P1652","P","base-only","IAC Монитор Disabled by PSP Switch Failed On","IAC Монитор Disabled by PSP Switch Failed On",
"P1653","P","base-only","Power Steering Выход Цепь Неисправность","Power Steering Выход Цепь Неисправность",
"P1654","P","base-only","Recirculation Override Цепь Неисправность","Recirculation Override Цепь Неисправность",
"P1655","P","base-only","Starter Disable Цепь Неисправность","Starter Disable Цепь Неисправность",
"P1660","P","base-only","Выход Цепь Check Сигнал Высокий","Выход Цепь Check Сигнал Высокий",
"P1661","P","base-only","Выход Цепь Check Сигнал Низкий","Выход Цепь Check Сигнал Низкий",
"P1662","P","base-only","IDM_EN Цепь Failure","IDM_EN Цепь Failure",
"P1663","P","base-only","Топливо Demand Command Сигнал Цепь Неисправность","Топливо Demand Command Сигнал Цепь Неисправность",
"P1667","P","base-only","CI Цепь Неисправность","CI Цепь Неисправность",
"P1668","P","base-only","Блок управления двигателем - IDM Communications Error","Блок управления двигателем - IDM Communications Error",
"P1670","P","base-only","Electronic Feedback Сигнал Not Обнаружен","Electronic Feedback Сигнал Not Обнаружен",
"P1680","P","base-only","Metering Oil Насос Неисправность","Metering Oil Насос Неисправность",
"P1681","P","base-only","Metering Oil Насос Неисправность","Metering Oil Насос Неисправность",
"P1682","P","base-only","Metering Oil Насос Неисправность","Metering Oil Насос Неисправность",
"P1683","P","base-only","Metering Oil Насос Температура Датчик Цепь Неисправность","Metering Oil Насос Температура Датчик Цепь Неисправность",
"P1684","P","base-only","Metering Oil Насос Положение Датчик Цепь Неисправность","Metering Oil Насос Положение Датчик Цепь Неисправность",
"P1685","P","base-only","Metering Oil Насос Stepping Motor Цепь Неисправность","Metering Oil Насос Stepping Motor Цепь Неисправность",
"P1686","P","base-only","Metering Oil Насос Stepping Motor Цепь Неисправность","Metering Oil Насос Stepping Motor Цепь Неисправность",
"P1687","P","base-only","Metering Oil Насос Stepping Motor Цепь Неисправность","Metering Oil Насос Stepping Motor Цепь Неисправность",
"P1688","P","base-only","Metering Oil Насос Stepping Motor Цепь Неисправность","Metering Oil Насос Stepping Motor Цепь Неисправность",
"P1689","P","base-only","Oil Давление Управление Соленоид Цепь Неисправность","Oil Давление Управление Соленоид Цепь Неисправность",
"P1690","P","base-only","Вестгейт Соленоид Цепь Неисправность","Вестгейт Соленоид Цепь Неисправность",
"P1691","P","base-only","Турбо Давление Управление Соленоид Цепь Неисправность","Турбо Давление Управление Соленоид Цепь Неисправность",
"P1692","P","base-only","Турбо Управление Соленоид Цепь Неисправность","Турбо Управление Соленоид Цепь Неисправность",
"P1693","P","base-only","Турбо Charge Управление Цепь Неисправность","Турбо Charge Управление Цепь Неисправность",
"P1694","P","base-only","Турбо Charge Relief Цепь Неисправность","Турбо Charge Relief Цепь Неисправность",
"P1700","P","base-only","Трансмиссия Indeterminate Failure (Failed to Neutral)","Трансмиссия Indeterminate Failure (Failed to Neutral)",
"P1701","P","base-only","Reverse Engagement Error","Reverse Engagement Error",
"P1702","P","base-only","TRS Цепь Прерывистый Неисправность","TRS Цепь Прерывистый Неисправность",
"P1703","P","base-only","Brake Switch Out Of Self Test Range","Brake Switch Out Of Self Test Range",
"P1704","P","base-only","Digital TRS Failed to Transition States in KOEO / KOER","Digital TRS Failed to Transition States in KOEO / KOER",
"P1705","P","base-only","Not in P or N During KOEO / KOER","Not in P or N During KOEO / KOER",
"P1706","P","base-only","Высокий Скорость автомобиля Observed in Park","Высокий Скорость автомобиля Observed in Park",
"P1707","P","base-only","Transfer Case Neutral Индикатор Hard Fault Present","Transfer Case Neutral Индикатор Hard Fault Present",
"P1708","P","base-only","Clutch Switch Цепь Неисправность","Clutch Switch Цепь Неисправность",
"P1709","P","base-only","PNP Switch Out Of Self Test Range","PNP Switch Out Of Self Test Range",
"P1711","P","base-only","TFT Датчик Out Of Self Test Range","TFT Датчик Out Of Self Test Range",
"P1712","P","base-only","Trans Torque Reduction Запрос Сигнал Неисправность","Trans Torque Reduction Запрос Сигнал Неисправность",
"P1713","P","base-only","TFT Датчик In Range Failure Низкий Value","TFT Датчик In Range Failure Низкий Value",
"P1714","P","base-only","SSA Inductive Signature Неисправность","SSA Inductive Signature Неисправность",
"P1715","P","base-only","SSB Inductive Signature Неисправность","SSB Inductive Signature Неисправность",
"P1716","P","base-only","SSC Inductive Signature Неисправность","SSC Inductive Signature Неисправность",
"P1717","P","base-only","SSD Inductive Signature Неисправность","SSD Inductive Signature Неисправность",
"P1718","P","base-only","TFT Датчик In Range Failure Высокий","TFT Датчик In Range Failure Высокий",
"P1720","P","base-only","Скорость автомобиля (Meter) Цепь Неисправность","Скорость автомобиля (Meter) Цепь Неисправность",
"P1721","P","base-only","Gear 1 Incorrect Ratio","Gear 1 Incorrect Ratio",
"P1722","P","base-only","Gear 2 Incorrect Ratio","Gear 2 Incorrect Ratio",
"P1723","P","base-only","Gear 3 incorrect Ratio","Gear 3 incorrect Ratio",
"P1724","P","base-only","Gear 4 Incorrect Ratio","Gear 4 Incorrect Ratio",
"P1725","P","base-only","Insufficient Двигатель Скорость Increase During Self Test","Insufficient Двигатель Скорость Increase During Self Test",
"P1726","P","base-only","Insufficient Двигатель Скорость Decrease During Self Test","Insufficient Двигатель Скорость Decrease During Self Test",
"P1727","P","base-only","Coast Clutch Соленоид Inductive Signature Неисправность","Coast Clutch Соленоид Inductive Signature Неисправность",
"P1728","P","base-only","Трансмиссия Slip Error","Трансмиссия Slip Error",
"P1729","P","base-only","4x4 Низкий Switch Error","4x4 Низкий Switch Error",
"P1730","P","base-only","Gear Управление Неисправность 2,3,5","Gear Управление Неисправность 2,3,5",
"P1731","P","base-only","1-2 Shift Неисправность","1-2 Shift Неисправность",
"P1732","P","base-only","2-3 Shift Неисправность","2-3 Shift Неисправность",
"P1733","P","base-only","3-4 Shift Неисправность","3-4 Shift Неисправность",
"P1734","P","base-only","Gear Управление Неисправность","Gear Управление Неисправность",
"P1735","P","base-only","First Gear Switch Цепь Неисправность","First Gear Switch Цепь Неисправность",
"P1736","P","base-only","Second Gear Switch Цепь Неисправность","Second Gear Switch Цепь Неисправность",
"P1737","P","base-only","Lockup Соленоид Система","Lockup Соленоид Система",
"P1738","P","base-only","Shift Time Error","Shift Time Error",
"P1739","P","base-only","Slip Соленоид Система","Slip Соленоид Система",
"P1740","P","base-only","Torque Converter Clutch Inductive Signature Неисправность","Torque Converter Clutch Inductive Signature Неисправность",
"P1741","P","base-only","Torque Converter Clutch Управление Error","Torque Converter Clutch Управление Error",
"P1742","P","base-only","Torque Converter Clutch Соленоид Failed On","Torque Converter Clutch Соленоид Failed On",
"P1743","P","base-only","Torque Converter Clutch Соленоид Failied On","Torque Converter Clutch Соленоид Failied On",
"P1744","P","base-only","Torque Converter Clutch Система Производительность","Torque Converter Clutch Система Производительность",
"P1745","P","base-only","Line Давление Соленоид Система","Line Давление Соленоид Система",
"P1746","P","base-only","Давление Управление Соленоид A Обрыв Цепь","Давление Управление Соленоид A Обрыв Цепь",
"P1747","P","base-only","Давление Управление Соленоид A Короткое замыкание Цепь","Давление Управление Соленоид A Короткое замыкание Цепь",
"P1748","P","base-only","EPC Неисправность","EPC Неисправность",
"P1749","P","base-only","Давление Управление Соленоид Failed Низкий","Давление Управление Соленоид Failed Низкий",
"P1751","P","base-only","Shift Соленоид A Производительность","Shift Соленоид A Производительность",
"P1754","P","base-only","Coast Clutch Соленоид Цепь Неисправность","Coast Clutch Соленоид Цепь Неисправность",
"P1755","P","base-only","Intermediate Скорость Датчик (ISS) Неисправность","Intermediate Скорость Датчик (ISS) Неисправность",
"P1756","P","base-only","Shift Соленоид B Производительность","Shift Соленоид B Производительность",
"P1760","P","base-only","Давление Управление Соленоид A Короткое замыкание Цепь","Давление Управление Соленоид A Короткое замыкание Цепь",
"P1761","P","base-only","Shift Соленоид C Производительность","Shift Соленоид C Производительность",
"P1762","P","base-only","Overdrive Band Failed Off","Overdrive Band Failed Off",
"P1765","P","base-only","Синхронизация Соленоид Цепь Неисправность","Синхронизация Соленоид Цепь Неисправность",
"P1767","P","base-only","Torque Converter Clutch Цепь Неисправность","Torque Converter Clutch Цепь Неисправность",
"P1768","P","base-only","Производительность / Normal / Winter Mode Вход Неисправность","Производительность / Normal / Winter Mode Вход Неисправность",
"P1769","P","base-only","AG4 Трансмиссия Torque Modulation Fault","AG4 Трансмиссия Torque Modulation Fault",
"P1770","P","base-only","Clutch Соленоид Цепь Неисправность","Clutch Соленоид Цепь Неисправность",
"P1775","P","base-only","Трансмиссия Система MIL Fault","Трансмиссия Система MIL Fault",
"P1776","P","base-only","Зажигание Запаздывание Запрос Duration Fault","Зажигание Запаздывание Запрос Duration Fault",
"P1777","P","base-only","Зажигание Запаздывание Запрос Цепь Fault","Зажигание Запаздывание Запрос Цепь Fault",
"P1778","P","base-only","Трансмиссия Reverse I/P Цепь Неисправность","Трансмиссия Reverse I/P Цепь Неисправность",
"P1779","P","base-only","TCIL Цепь Неисправность","TCIL Цепь Неисправность",
"P1780","P","base-only","Trans Управление Switch (O/D Cancel) Out of Self Test Range","Trans Управление Switch (O/D Cancel) Out of Self Test Range",
"P1781","P","base-only","4X4 Switch Out of Self Test Range","4X4 Switch Out of Self Test Range",
"P1782","P","base-only","P/ES Цепь Out Of Self Test Range","P/ES Цепь Out Of Self Test Range",
"P1783","P","base-only","Трансмиссия Overtemperature Condition","Трансмиссия Overtemperature Condition",
"P1784","P","base-only","Трансмиссия Mechanical Failure - First And Reverse","Трансмиссия Mechanical Failure - First And Reverse",
"P1785","P","base-only","Трансмиссия Mechanical Failure - First And Second","Трансмиссия Mechanical Failure - First And Second",
"P1786","P","base-only","3-2 Downshift Error","3-2 Downshift Error",
"P1787","P","base-only","2-1 Downshift Error","2-1 Downshift Error",
"P1788","P","base-only","Давление Управление Соленоид B Обрыв Цепь","Давление Управление Соленоид B Обрыв Цепь",
"P1789","P","base-only","Давление Управление Соленоид B Короткое замыкание Цепь","Давление Управление Соленоид B Короткое замыкание Цепь",
"P1790","P","base-only","TP (Mechanical) Цепь Неисправность","TP (Mechanical) Цепь Неисправность",
"P1791","P","base-only","TP (Electric) Цепь Неисправность","TP (Electric) Цепь Неисправность",
"P1792","P","base-only","Barometer Давление Цепь Неисправность","Barometer Давление Цепь Неисправность",
"P1793","P","base-only","Впуск Воздух Объем Цепь Неисправность","Впуск Воздух Объем Цепь Неисправность",
"P1794","P","base-only","Батарея Напряжение Цепь Неисправность","Батарея Напряжение Цепь Неисправность",
"P1795","P","base-only","Холостой ход Switch Цепь Неисправность","Холостой ход Switch Цепь Неисправность",
"P1796","P","base-only","Kick Down Switch Цепь Неисправность","Kick Down Switch Цепь Неисправность",
"P1797","P","base-only","Neutral Switch Цепь Неисправность","Neutral Switch Цепь Неисправность",
"P1798","P","base-only","Охлаждающая жидкость Температура Цепь Неисправность","Охлаждающая жидкость Температура Цепь Неисправность",
"P1799","P","base-only","Hold Switch Цепь Неисправность","Hold Switch Цепь Неисправность",
"P1800","P","base-only","Трансмиссия Clutch Interlock Safety Switch Цепь Failure","Трансмиссия Clutch Interlock Safety Switch Цепь Failure",
"P1801","P","base-only","Трансмиссия Clutch Interlock Safety Switch Обрыв Цепь","Трансмиссия Clutch Interlock Safety Switch Обрыв Цепь",
"P1802","P","base-only","Трансмиссия Clutch Interlock Safety Switch Короткое замыкание Цепь To Батарея","Трансмиссия Clutch Interlock Safety Switch Короткое замыкание Цепь To Батарея",
"P1803","P","base-only","Трансмиссия Clutch Interlock Safety Switch Короткое замыкание Цепь To Масса","Трансмиссия Clutch Interlock Safety Switch Короткое замыкание Цепь To Масса",
"P1804","P","base-only","Трансмиссия 4-Wheel Drive Высокий Индикатор Цепь Failure","Трансмиссия 4-Wheel Drive Высокий Индикатор Цепь Failure",
"P1805","P","base-only","Трансмиссия 4-Wheel Drive Высокий Индикатор Обрыв Цепь","Трансмиссия 4-Wheel Drive Высокий Индикатор Обрыв Цепь",
"P1806","P","base-only","Трансмиссия 4-Wheel Drive Высокий Индикатор Короткое замыкание Цепь To Батарея","Трансмиссия 4-Wheel Drive Высокий Индикатор Короткое замыкание Цепь To Батарея",
"P1807","P","base-only","Трансмиссия 4-Wheel Drive Высокий Индикатор Короткое замыкание Цепь To Масса","Трансмиссия 4-Wheel Drive Высокий Индикатор Короткое замыкание Цепь To Масса",
"P1808","P","base-only","Трансмиссия 4-Wheel Drive Низкий Индикатор Цепь Failure","Трансмиссия 4-Wheel Drive Низкий Индикатор Цепь Failure",
"P1809","P","base-only","Трансмиссия 4-Wheel Drive Низкий Индикатор Обрыв Цепь","Трансмиссия 4-Wheel Drive Низкий Индикатор Обрыв Цепь",
"P1810","P","base-only","TFP Клапан Положение Switch Цепь/ Трансмиссия 4-Wheel Drive Низкий Индикатор Короткое замыкание Цепь To Батарея","TFP Клапан Положение Switch Цепь/ Трансмиссия 4-Wheel Drive Низкий Индикатор Короткое замыкание Цепь To Батарея",
"P1811","P","base-only","Трансмиссия 4-Wheel Drive Низкий Индикатор Короткое замыкание Цепь To Масса","Трансмиссия 4-Wheel Drive Низкий Индикатор Короткое замыкание Цепь To Масса",
"P1812","P","base-only","Трансмиссия 4-Wheel Drive Mode Select Цепь Failure","Трансмиссия 4-Wheel Drive Mode Select Цепь Failure",
"P1813","P","base-only","Трансмиссия 4-Wheel Drive Mode Select Обрыв Цепь","Трансмиссия 4-Wheel Drive Mode Select Обрыв Цепь",
"P1814","P","base-only","Трансмиссия 4-Wheel Drive Mode Select Короткое замыкание Цепь To Батарея","Трансмиссия 4-Wheel Drive Mode Select Короткое замыкание Цепь To Батарея",
"P1815","P","base-only","Трансмиссия 4-Wheel Drive Mode Select Короткое замыкание Цепь To Масса","Трансмиссия 4-Wheel Drive Mode Select Короткое замыкание Цепь To Масса",
"P1816","P","base-only","Трансмиссия Neutral Safety Switch Цепь Failure","Трансмиссия Neutral Safety Switch Цепь Failure",
"P1817","P","base-only","Трансмиссия Neutral Safety Switch Обрыв Цепь","Трансмиссия Neutral Safety Switch Обрыв Цепь",
"P1818","P","base-only","Трансмиссия Neutral Safety Switch Короткое замыкание Цепь To Батарея","Трансмиссия Neutral Safety Switch Короткое замыкание Цепь To Батарея",
"P1819","P","base-only","Трансмиссия Neutral Safety Switch Короткое замыкание Цепь To Масса","Трансмиссия Neutral Safety Switch Короткое замыкание Цепь To Масса",
"P1820","P","base-only","Трансмиссия Transfer Case Clockwise Shift Relay Катушка Цепь Failure","Трансмиссия Transfer Case Clockwise Shift Relay Катушка Цепь Failure",
"P1821","P","base-only","Трансмиссия Transfer Case Clockwise Shift Relay Катушка Обрыв Цепь","Трансмиссия Transfer Case Clockwise Shift Relay Катушка Обрыв Цепь",
"P1822","P","base-only","Трансмиссия Transfer Case Clockwise Shift Relay Катушка Короткое замыкание Цепь To Батарея","Трансмиссия Transfer Case Clockwise Shift Relay Катушка Короткое замыкание Цепь To Батарея",
"P1823","P","base-only","Трансмиссия Transfer Case Clockwise Shift Relay Катушка Короткое замыкание Цепь To Масса","Трансмиссия Transfer Case Clockwise Shift Relay Катушка Короткое замыкание Цепь To Масса",
"P1824","P","base-only","Трансмиссия 4-Wheel Drive Clutch Relay Цепь Failure","Трансмиссия 4-Wheel Drive Clutch Relay Цепь Failure",
"P1825","P","base-only","Трансмиссия 4-Wheel Drive Clutch Relay Обрыв Цепь","Трансмиссия 4-Wheel Drive Clutch Relay Обрыв Цепь",
"P1826","P","base-only","Трансмиссия 4-Wheel Drive Низкий Clutch Relay Цепь To Батарея","Трансмиссия 4-Wheel Drive Низкий Clutch Relay Цепь To Батарея",
"P1827","P","base-only","Трансмиссия 4-Wheel Drive Низкий Clutch Relay Цепь To Масса","Трансмиссия 4-Wheel Drive Низкий Clutch Relay Цепь To Масса",
"P1828","P","base-only","Трансмиссия Transfer Case Counter Clockwise Shift Relay Катушка Цепь Failure","Трансмиссия Transfer Case Counter Clockwise Shift Relay Катушка Цепь Failure",
"P1829","P","base-only","Трансмиссия Transfer Case Counter Clockwise Shift Relay Катушка Обрыв Цепь","Трансмиссия Transfer Case Counter Clockwise Shift Relay Катушка Обрыв Цепь",
"P1830","P","base-only","Трансмиссия Transfer Case Counter Clockwise Shift Relay Катушка Короткое замыкание Цепь To Батарея","Трансмиссия Transfer Case Counter Clockwise Shift Relay Катушка Короткое замыкание Цепь To Батарея",
"P1831","P","base-only","Трансмиссия Transfer Case Counter Clockwise Shift Relay Катушка Короткое замыкание Цепь To Масса","Трансмиссия Transfer Case Counter Clockwise Shift Relay Катушка Короткое замыкание Цепь To Масса",
"P1832","P","base-only","Трансмиссия Transfer Case Differential Lock-Up Соленоид Цепь Failure","Трансмиссия Transfer Case Differential Lock-Up Соленоид Цепь Failure",
"P1833","P","base-only","Трансмиссия Transfer Case Differential Lock-Up Соленоид Обрыв Цепь","Трансмиссия Transfer Case Differential Lock-Up Соленоид Обрыв Цепь",
"P1834","P","base-only","Трансмиссия Transfer Case Differential Lock-Up Соленоид Короткое замыкание Цепь To Батарея","Трансмиссия Transfer Case Differential Lock-Up Соленоид Короткое замыкание Цепь To Батарея",
"P1835","P","base-only","Трансмиссия Transfer Case Differential Lock-Up Соленоид Короткое замыкание Цепь To Масса","Трансмиссия Transfer Case Differential Lock-Up Соленоид Короткое замыкание Цепь To Масса",
"P1836","P","base-only","Трансмиссия Transfer Case Front Shaft Скорость Датчик Цепь Failure","Трансмиссия Transfer Case Front Shaft Скорость Датчик Цепь Failure",
"P1837","P","base-only","Трансмиссия Transfer Case Rear Shaft Скорость Датчик Цепь Failure","Трансмиссия Transfer Case Rear Shaft Скорость Датчик Цепь Failure",
"P1838","P","base-only","Трансмиссия Transfer Case Shift Motor Цепь Failure","Трансмиссия Transfer Case Shift Motor Цепь Failure",
"P1839","P","base-only","Трансмиссия Transfer Case Shift Motor Обрыв Цепь","Трансмиссия Transfer Case Shift Motor Обрыв Цепь",
"P1840","P","base-only","Трансмиссия Transfer Case Shift Motor Короткое замыкание Цепь To Батарея","Трансмиссия Transfer Case Shift Motor Короткое замыкание Цепь To Батарея",
"P1841","P","base-only","Трансмиссия Transfer Case Shift Motor Короткое замыкание Цепь To Масса","Трансмиссия Transfer Case Shift Motor Короткое замыкание Цепь To Масса",
"P1842","P","base-only","Трансмиссия Transfer Case Differential Lock-Up Feedback Switch Цепь Failure","Трансмиссия Transfer Case Differential Lock-Up Feedback Switch Цепь Failure",
"P1843","P","base-only","Трансмиссия Transfer Case Differential Lock-Up Feedback Switch Обрыв Цепь","Трансмиссия Transfer Case Differential Lock-Up Feedback Switch Обрыв Цепь",
"P1844","P","base-only","Трансмиссия Transfer Case Differential Lock-Up Feedback Switch Короткое замыкание Цепь To Батарея","Трансмиссия Transfer Case Differential Lock-Up Feedback Switch Короткое замыкание Цепь To Батарея",
"P1845","P","base-only","Трансмиссия Transfer Case Differential Lock-Up Feedback Switch Короткое замыкание Цепь To Масса","Трансмиссия Transfer Case Differential Lock-Up Feedback Switch Короткое замыкание Цепь To Масса",
"P1846","P","base-only","Трансмиссия Transfer Case Contact Plate 'A' Цепь Failure","Трансмиссия Transfer Case Contact Plate 'A' Цепь Failure",
"P1847","P","base-only","Трансмиссия Transfer Case Contact Plate 'A' Обрыв Цепь","Трансмиссия Transfer Case Contact Plate 'A' Обрыв Цепь",
"P1848","P","base-only","Трансмиссия Transfer Case Contact Plate 'A' Короткое замыкание Цепь To Батарея","Трансмиссия Transfer Case Contact Plate 'A' Короткое замыкание Цепь To Батарея",
"P1849","P","base-only","Трансмиссия Transfer Case Contact Plate 'A' Короткое замыкание Цепь To Масса","Трансмиссия Transfer Case Contact Plate 'A' Короткое замыкание Цепь To Масса",
"P1850","P","base-only","Трансмиссия Transfer Case Contact Plate 'B' Цепь Failure","Трансмиссия Transfer Case Contact Plate 'B' Цепь Failure",
"P1851","P","base-only","Трансмиссия Transfer Case Contact Plate 'B' Обрыв Цепь","Трансмиссия Transfer Case Contact Plate 'B' Обрыв Цепь",
"P1852","P","base-only","Трансмиссия Transfer Case Contact Plate 'B' Короткое замыкание Цепь To Батарея","Трансмиссия Transfer Case Contact Plate 'B' Короткое замыкание Цепь To Батарея",
"P1853","P","base-only","Трансмиссия Transfer Case Contact Plate 'B' Короткое замыкание Цепь To Масса","Трансмиссия Transfer Case Contact Plate 'B' Короткое замыкание Цепь To Масса",
"P1854","P","base-only","Трансмиссия Transfer Case Contact Plate 'C' Цепь Failure","Трансмиссия Transfer Case Contact Plate 'C' Цепь Failure",
"P1855","P","base-only","Трансмиссия Transfer Case Contact Plate 'C' Обрыв Цепь","Трансмиссия Transfer Case Contact Plate 'C' Обрыв Цепь",
"P1856","P","base-only","Трансмиссия Transfer Case Contact Plate 'C' Короткое замыкание Цепь To Батарея","Трансмиссия Transfer Case Contact Plate 'C' Короткое замыкание Цепь To Батарея",
"P1857","P","base-only","Трансмиссия Transfer Case Contact Plate 'C' Короткое замыкание Цепь To Масса","Трансмиссия Transfer Case Contact Plate 'C' Короткое замыкание Цепь To Масса",
"P1858","P","base-only","Трансмиссия Transfer Case Contact Plate 'D' Цепь Failure","Трансмиссия Transfer Case Contact Plate 'D' Цепь Failure",
"P1859","P","base-only","Трансмиссия Transfer Case Contact Plate 'D' Обрыв Цепь","Трансмиссия Transfer Case Contact Plate 'D' Обрыв Цепь",
"P1860","P","base-only","TCC PWM Соленоид Цепь Electrical/ Трансмиссия Transfer Case Contact Plate 'D' Короткое замыкание Цепь To Батарея","TCC PWM Соленоид Цепь Electrical/ Трансмиссия Transfer Case Contact Plate 'D' Короткое замыкание Цепь To Батарея",
"P1861","P","base-only","Трансмиссия Transfer Case Contact Plate 'D' Короткое замыкание Цепь To Масса","Трансмиссия Transfer Case Contact Plate 'D' Короткое замыкание Цепь To Масса",
"P1862","P","base-only","Трансмиссия Transfer Case Contact Plate Power Цепь Failure","Трансмиссия Transfer Case Contact Plate Power Цепь Failure",
"P1863","P","base-only","Трансмиссия Transfer Case Contact Plate Power Обрыв Цепь","Трансмиссия Transfer Case Contact Plate Power Обрыв Цепь",
"P1864","P","base-only","Трансмиссия Transfer Case Contact Plate Power Короткое замыкание на батарею","Трансмиссия Transfer Case Contact Plate Power Короткое замыкание на батарею",
"P1865","P","base-only","Трансмиссия Transfer Case Contact Plate Power Короткое замыкание на массу","Трансмиссия Transfer Case Contact Plate Power Короткое замыкание на массу",
"P1866","P","base-only","Трансмиссия Transfer Case Система Concern - Servicing Required","Трансмиссия Transfer Case Система Concern - Servicing Required",
"P1867","P","base-only","Трансмиссия Transfer Case Contact Plate General Цепь Failure","Трансмиссия Transfer Case Contact Plate General Цепь Failure",
"P1868","P","base-only","Трансмиссия Automatic 4-Wheel Drive Индикатор (Лампа) Цепь Failure","Трансмиссия Automatic 4-Wheel Drive Индикатор (Лампа) Цепь Failure",
"P1869","P","base-only","Трансмиссия Automatic 4-Wheel Drive Индикатор (Лампа) Цепь Короткое замыкание на батарею","Трансмиссия Automatic 4-Wheel Drive Индикатор (Лампа) Цепь Короткое замыкание на батарею",
"P1870","P","base-only","Трансмиссия Component Slipping/ Трансмиссия Mechanical Transfer Case 4x4 Switch Цепь Failure","Трансмиссия Component Slipping/ Трансмиссия Mechanical Transfer Case 4x4 Switch Цепь Failure",
"P1871","P","base-only","Трансмиссия Mechanical Transfer Case 4x4 Switch Цепь Короткое замыкание на батарею","Трансмиссия Mechanical Transfer Case 4x4 Switch Цепь Короткое замыкание на батарею",
"P1872","P","base-only","Трансмиссия Mechanical 4-Wheel Drive Axle Lock Лампа Цепь Failure","Трансмиссия Mechanical 4-Wheel Drive Axle Lock Лампа Цепь Failure",
"P1873","P","base-only","Трансмиссия Mechanical 4-Wheel Drive Axle Lock Лампа Цепь Короткое замыкание на батарею","Трансмиссия Mechanical 4-Wheel Drive Axle Lock Лампа Цепь Короткое замыкание на батарею",
"P1874","P","base-only","Трансмиссия Automatic Hall Effect Датчик Power Цепь Failure","Трансмиссия Automatic Hall Effect Датчик Power Цепь Failure",
"P1875","P","base-only","Трансмиссия Automatic Hall Effect Датчик Power Цепь Короткое замыкание на батарею / 4WD Низкий Switch Цепь Electrical","Трансмиссия Automatic Hall Effect Датчик Power Цепь Короткое замыкание на батарею / 4WD Низкий Switch Цепь Electrical",
"P1876","P","base-only","Трансмиссия Transfer Case 2-Wheel Drive Соленоид Цепь Failure","Трансмиссия Transfer Case 2-Wheel Drive Соленоид Цепь Failure",
"P1877","P","base-only","Трансмиссия Transfer Case 2-Wheel Drive Соленоид Цепь Короткое замыкание на батарею","Трансмиссия Transfer Case 2-Wheel Drive Соленоид Цепь Короткое замыкание на батарею",
"P1878","P","base-only","Трансмиссия Transfer Case Disengaged Соленоид Цепь Failure","Трансмиссия Transfer Case Disengaged Соленоид Цепь Failure",
"P1879","P","base-only","Трансмиссия Transfer Case Disengaged Соленоид Обрыв Цепь","Трансмиссия Transfer Case Disengaged Соленоид Обрыв Цепь",
"P1880","P","base-only","Трансмиссия Transfer Case Disengaged Соленоид Короткое замыкание на батарею","Трансмиссия Transfer Case Disengaged Соленоид Короткое замыкание на батарею",
"P1881","P","base-only","Двигатель Охлаждающая жидкость Level Switch Цепь Failure, GEM","Двигатель Охлаждающая жидкость Level Switch Цепь Failure, GEM",
"P1882","P","base-only","Двигатель Охлаждающая жидкость Level Switch Цепь Короткое замыкание на массу","Двигатель Охлаждающая жидкость Level Switch Цепь Короткое замыкание на массу",
"P1883","P","base-only","Двигатель Охлаждающая жидкость Level Switch Цепь Failure, GEM","Двигатель Охлаждающая жидкость Level Switch Цепь Failure, GEM",
"P1884","P","base-only","Двигатель Охлаждающая жидкость Level Лампа Цепь Короткое замыкание на массу","Двигатель Охлаждающая жидкость Level Лампа Цепь Короткое замыкание на массу",
"P1885","P","base-only","Трансмиссия Transfer Case Disengaged Соленоид Короткое замыкание на массу","Трансмиссия Transfer Case Disengaged Соленоид Короткое замыкание на массу",
"P1886","P","base-only","4X4 Initialization Failure","4X4 Initialization Failure",
"P1890","P","base-only","Трансмиссия 4WD Mode Select Return Вход Цепь Failure","Трансмиссия 4WD Mode Select Return Вход Цепь Failure",
"P1891","P","base-only","Трансмиссия Transfer Case Contact Plate Масса Return Обрыв Цепь","Трансмиссия Transfer Case Contact Plate Масса Return Обрыв Цепь",
"P1900","P","base-only","OSS Цепь Прерывистый Неисправность","OSS Цепь Прерывистый Неисправность",
"P1901","P","base-only","TSS Цепь Прерывистый Неисправность","TSS Цепь Прерывистый Неисправность",
"P1902","P","base-only","Давление Управление Соленоид B Прерывистый Короткое замыкание","Давление Управление Соленоид B Прерывистый Короткое замыкание",
"P1903","P","base-only","Давление Управление Соленоид C Короткое замыкание Цепь","Давление Управление Соленоид C Короткое замыкание Цепь",
"P1904","P","base-only","Давление Управление Соленоид C Обрыв Цепь","Давление Управление Соленоид C Обрыв Цепь",
"P1905","P","base-only","Давление Управление Соленоид C Прерывистый Короткое замыкание","Давление Управление Соленоид C Прерывистый Короткое замыкание",
"P1906","P","base-only","Kickdown Pull Relay Обрыв or Короткое замыкание Цепь to Масса","Kickdown Pull Relay Обрыв or Короткое замыкание Цепь to Масса",
"P1907","P","base-only","Kickdown Hold Relay Обрыв or Короткое замыкание Цепь to Масса","Kickdown Hold Relay Обрыв or Короткое замыкание Цепь to Масса",
"P1908","P","base-only","Трансмиссия Давление Цепь Соленоид Обрыв or Короткое замыкание на массу","Трансмиссия Давление Цепь Соленоид Обрыв or Короткое замыкание на массу",
"P1909","P","base-only","Trans Temp Датчик Цепь Обрыв or Shorted to Pwr or Gnd","Trans Temp Датчик Цепь Обрыв or Shorted to Pwr or Gnd",
"P1910","P","base-only","VFS A Давление Выход Failed Низкий","VFS A Давление Выход Failed Низкий",
"P1911","P","base-only","VFS B Давление Выход Failed Низкий","VFS B Давление Выход Failed Низкий",
"P1912","P","base-only","VFS C Давление Выход Failed Низкий","VFS C Давление Выход Failed Низкий",
"P1913","P","base-only","Давление Switch A Цепь Неисправность","Давление Switch A Цепь Неисправность",
"P1914","P","base-only","Manually Shifted Automatic (MSA) Sw Цепь Malf","Manually Shifted Automatic (MSA) Sw Цепь Malf",
"P1915","P","base-only","Reverse Switch Цепь Неисправность","Reverse Switch Цепь Неисправность",
"P1916","P","base-only","Высокий Clutch Drum Скорость Датчик Неисправность","Высокий Clutch Drum Скорость Датчик Неисправность",
"P1917","P","base-only","Высокий Clutch Drum Скорость Датчик Прерывистый","Высокий Clutch Drum Скорость Датчик Прерывистый",
"P1918","P","base-only","Трансмиссия Range Display Цепь Неисправность","Трансмиссия Range Display Цепь Неисправность",
"P2000","P","both","NOx Adsorber Эффективность Ниже порога Ряд 1","NOx Adsorber Эффективность Ниже порога Ряд 1","NOx Trap Эффективность Ниже порога"
"P2001","P","app-only","NOx Trap Эффективность Ниже порога",,"NOx Trap Эффективность Ниже порога"
"P2002","P","both","Diesel Particulate Filter Эффективность Ниже порога Ряд 1","Diesel Particulate Filter Эффективность Ниже порога Ряд 1","Particulate Trap Эффективность Ниже порога"
"P2003","P","app-only","Particulate Trap Эффективность Ниже порога",,"Particulate Trap Эффективность Ниже порога"
"P2004","P","app-only","Впуск Коллектор Runner Управление Заклинило Обрыв",,"Впуск Коллектор Runner Управление Заклинило Обрыв"
"P2005","P","app-only","Впуск Коллектор Runner Управление Заклинило Обрыв",,"Впуск Коллектор Runner Управление Заклинило Обрыв"
"P2006","P","app-only","Впуск Коллектор Runner Управление Заклинило Closed",,"Впуск Коллектор Runner Управление Заклинило Closed"
"P2007","P","app-only","Впуск Коллектор Runner Управление Заклинило Closed",,"Впуск Коллектор Runner Управление Заклинило Closed"
"P2008","P","app-only","Впуск Коллектор Runner Управление Цепь/Обрыв",,"Впуск Коллектор Runner Управление Цепь/Обрыв"
"P2009","P","app-only","Впуск Коллектор Runner Управление Цепь Низкий",,"Впуск Коллектор Runner Управление Цепь Низкий"
"P2010","P","app-only","Впуск Коллектор Runner Управление Цепь Высокий",,"Впуск Коллектор Runner Управление Цепь Высокий"
"P2011","P","app-only","Впуск Коллектор Runner Управление Цепь/Обрыв",,"Впуск Коллектор Runner Управление Цепь/Обрыв"
"P2012","P","app-only","Впуск Коллектор Runner Управление Цепь Низкий",,"Впуск Коллектор Runner Управление Цепь Низкий"
"P2013","P","app-only","Впуск Коллектор Runner Управление Цепь Высокий",,"Впуск Коллектор Runner Управление Цепь Высокий"
"P2014","P","app-only","Впуск Коллектор Runner Положение Датчик/Switch Цепь",,"Впуск Коллектор Runner Положение Датчик/Switch Цепь"
"P2015","P","app-only","Впуск Коллектор Runner Положение Датчик/Switch Цепь Диапазон/Производительность",,"Впуск Коллектор Runner Положение Датчик/Switch Цепь Диапазон/Производительность"
"P2016","P","app-only","Впуск Коллектор Runner Положение Датчик/Switch Цепь Низкий",,"Впуск Коллектор Runner Положение Датчик/Switch Цепь Низкий"
"P2017","P","app-only","Впуск Коллектор Runner Положение Датчик/Switch Цепь Высокий",,"Впуск Коллектор Runner Положение Датчик/Switch Цепь Высокий"
"P2018","P","app-only","Впуск Коллектор Runner Положение Датчик/Switch Цепь Прерывистый",,"Впуск Коллектор Runner Положение Датчик/Switch Цепь Прерывистый"
"P2019","P","app-only","Впуск Коллектор Runner Положение Датчик/Switch Цепь",,"Впуск Коллектор Runner Положение Датчик/Switch Цепь"
"P2020","P","app-only","Впуск Коллектор Runner Положение Датчик/Switch Цепь Диапазон/Производительность",,"Впуск Коллектор Runner Положение Датчик/Switch Цепь Диапазон/Производительность"
"P2021","P","app-only","Впуск Коллектор Runner Положение Датчик/Switch Цепь Низкий",,"Впуск Коллектор Runner Положение Датчик/Switch Цепь Низкий"
"P2022","P","app-only","Впуск Коллектор Runner Положение Датчик/Switch Цепь Высокий",,"Впуск Коллектор Runner Положение Датчик/Switch Цепь Высокий"
"P2023","P","app-only","Впуск Коллектор Runner Положение Датчик/Switch Цепь Прерывистый",,"Впуск Коллектор Runner Положение Датчик/Switch Цепь Прерывистый"
"P2024","P","app-only","Испарительная Emissions (Система улавливания паров) Топливо Vapor Температура Датчик Цепь",,"Испарительная Emissions (Система улавливания паров) Топливо Vapor Температура Датчик Цепь"
"P2025","P","app-only","Испарительная Emissions (Система улавливания паров) Топливо Vapor Температура Датчик Производительность",,"Испарительная Emissions (Система улавливания паров) Топливо Vapor Температура Датчик Производительность"
"P2026","P","app-only","Испарительная Emissions (Система улавливания паров) Топливо Vapor Температура Датчик Цепь Низкий Напряжение",,"Испарительная Emissions (Система улавливания паров) Топливо Vapor Температура Датчик Цепь Низкий Напряжение"
"P2027","P","app-only","Испарительная Emissions (Система улавливания паров) Топливо Vapor Температура Датчик Цепь Высокий Напряжение",,"Испарительная Emissions (Система улавливания паров) Топливо Vapor Температура Датчик Цепь Высокий Напряжение"
"P2028","P","app-only","Испарительная Emissions (Система улавливания паров) Топливо Vapor Температура Датчик Цепь Прерывистый",,"Испарительная Emissions (Система улавливания паров) Топливо Vapor Температура Датчик Цепь Прерывистый"
"P2029","P","app-only","Топливо Fired Нагреватель Disabled",,"Топливо Fired Нагреватель Disabled"
"P2030","P","app-only","Топливо Fired Нагреватель Производительность",,"Топливо Fired Нагреватель Производительность"
"P2031","P","app-only","Выхлоп Gas Температура Датчик Цепь",,"Выхлоп Gas Температура Датчик Цепь"
"P2032","P","app-only","Выхлоп Gas Температура Датчик Цепь Низкий",,"Выхлоп Gas Температура Датчик Цепь Низкий"
"P2033","P","app-only","Выхлоп Gas Температура Датчик Цепь Высокий",,"Выхлоп Gas Температура Датчик Цепь Высокий"
"P2034","P","app-only","Выхлоп Gas Температура Датчик Цепь",,"Выхлоп Gas Температура Датчик Цепь"
"P2035","P","app-only","Выхлоп Gas Температура Датчик Цепь Низкий",,"Выхлоп Gas Температура Датчик Цепь Низкий"
"P2036","P","app-only","Выхлоп Gas Температура Датчик Цепь Высокий",,"Выхлоп Gas Температура Датчик Цепь Высокий"
"P2037","P","app-only","Reductant Injection Воздух Давление Датчик Цепь",,"Reductant Injection Воздух Давление Датчик Цепь"
"P2038","P","app-only","Reductant Injection Воздух Давление Датчик Цепь Диапазон/Производительность",,"Reductant Injection Воздух Давление Датчик Цепь Диапазон/Производительность"
"P2039","P","app-only","Reductant Injection Воздух Давление Датчик Цепь Низкий Вход",,"Reductant Injection Воздух Давление Датчик Цепь Низкий Вход"
"P2040","P","app-only","Reductant Injection Воздух Давление Датчик Цепь Высокий Вход",,"Reductant Injection Воздух Давление Датчик Цепь Высокий Вход"
"P2041","P","app-only","Reductant Injection Воздух Давление Датчик Цепь Прерывистый",,"Reductant Injection Воздух Давление Датчик Цепь Прерывистый"
"P2042","P","app-only","Reductant Температура Датчик Цепь",,"Reductant Температура Датчик Цепь"
"P2043","P","app-only","Reductant Температура Датчик Цепь Диапазон/Производительность",,"Reductant Температура Датчик Цепь Диапазон/Производительность"
"P2044","P","app-only","Reductant Температура Датчик Цепь Низкий Вход",,"Reductant Температура Датчик Цепь Низкий Вход"
"P2045","P","app-only","Reductant Температура Датчик Цепь Высокий Вход",,"Reductant Температура Датчик Цепь Высокий Вход"
"P2046","P","app-only","Reductant Температура Датчик Цепь Прерывистый",,"Reductant Температура Датчик Цепь Прерывистый"
"P2047","P","app-only","Reductant Форсунка Цепь/Обрыв",,"Reductant Форсунка Цепь/Обрыв"
"P2048","P","app-only","Reductant Форсунка Цепь Низкий",,"Reductant Форсунка Цепь Низкий"
"P2049","P","app-only","Reductant Форсунка Цепь Высокий",,"Reductant Форсунка Цепь Высокий"
"P2050","P","app-only","Reductant Форсунка Цепь/Обрыв",,"Reductant Форсунка Цепь/Обрыв"
"P2051","P","app-only","Reductant Форсунка Цепь Низкий",,"Reductant Форсунка Цепь Низкий"
"P2052","P","app-only","Reductant Форсунка Цепь Высокий",,"Reductant Форсунка Цепь Высокий"
"P2053","P","app-only","Reductant Форсунка Цепь/Обрыв",,"Reductant Форсунка Цепь/Обрыв"
"P2054","P","app-only","Reductant Форсунка Цепь Низкий",,"Reductant Форсунка Цепь Низкий"
"P2055","P","app-only","Reductant Форсунка Цепь Высокий",,"Reductant Форсунка Цепь Высокий"
"P2056","P","app-only","Reductant Форсунка Цепь/Обрыв",,"Reductant Форсунка Цепь/Обрыв"
"P2057","P","app-only","Reductant Форсунка Цепь Низкий",,"Reductant Форсунка Цепь Низкий"
"P2058","P","app-only","Reductant Форсунка Цепь Высокий",,"Reductant Форсунка Цепь Высокий"
"P2059","P","app-only","Reductant Injection Воздух Насос Управление Цепь/Обрыв",,"Reductant Injection Воздух Насос Управление Цепь/Обрыв"
"P2060","P","app-only","Reductant Injection Воздух Насос Управление Цепь Низкий",,"Reductant Injection Воздух Насос Управление Цепь Низкий"
"P2061","P","app-only","Reductant Injection Воздух Насос Управление Цепь Высокий",,"Reductant Injection Воздух Насос Управление Цепь Высокий"
"P2062","P","app-only","Reductant Supply Управление Цепь/Обрыв",,"Reductant Supply Управление Цепь/Обрыв"
"P2063","P","app-only","Reductant Supply Управление Цепь Низкий",,"Reductant Supply Управление Цепь Низкий"
"P2064","P","app-only","Reductant Supply Управление Цепь Высокий",,"Reductant Supply Управление Цепь Высокий"
"P2065","P","app-only","Топливо Level Датчик ",,"Топливо Level Датчик "
"P2066","P","app-only","Топливо Level Датчик ",,"Топливо Level Датчик "
"P2067","P","app-only","Топливо Level Датчик ",,"Топливо Level Датчик "
"P2068","P","app-only","Топливо Level Датчик ",,"Топливо Level Датчик "
"P2069","P","app-only","Топливо Level Датчик ",,"Топливо Level Датчик "
"P2070","P","app-only","Впуск Коллектор Tuning (IMT) Клапан Заклинило Обрыв",,"Впуск Коллектор Tuning (IMT) Клапан Заклинило Обрыв"
"P2071","P","app-only","Впуск Коллектор Tuning (IMT) Клапан Заклинило Closed",,"Впуск Коллектор Tuning (IMT) Клапан Заклинило Closed"
"P2075","P","app-only","Впуск Коллектор Tuning (IMT) Клапан Положение Датчик/Switch Цепь",,"Впуск Коллектор Tuning (IMT) Клапан Положение Датчик/Switch Цепь"
"P2076","P","app-only","Впуск Коллектор Tuning (IMT) Клапан Положение Датчик/Switch Цепь Диапазон/Производительность",,"Впуск Коллектор Tuning (IMT) Клапан Положение Датчик/Switch Цепь Диапазон/Производительность"
"P2077","P","app-only","Впуск Коллектор Tuning (IMT) Клапан Положение Датчик/Switch Цепь Низкий",,"Впуск Коллектор Tuning (IMT) Клапан Положение Датчик/Switch Цепь Низкий"
"P2078","P","app-only","Впуск Коллектор Tuning (IMT) Клапан Положение Датчик/Switch Цепь Высокий",,"Впуск Коллектор Tuning (IMT) Клапан Положение Датчик/Switch Цепь Высокий"
"P2079","P","app-only","Впуск Коллектор Tuning (IMT) Клапан Положение Датчик/Switch Цепь Прерывистый",,"Впуск Коллектор Tuning (IMT) Клапан Положение Датчик/Switch Цепь Прерывистый"
"P2080","P","app-only","Выхлоп Gas Температура Датчик Цепь Диапазон/Производительность",,"Выхлоп Gas Температура Датчик Цепь Диапазон/Производительность"
"P2081","P","app-only","Выхлоп Gas Температура Датчик Цепь Прерывистый",,"Выхлоп Gas Температура Датчик Цепь Прерывистый"
"P2082","P","app-only","Выхлоп Gas Температура Датчик Цепь Диапазон/Производительность",,"Выхлоп Gas Температура Датчик Цепь Диапазон/Производительность"
"P2083","P","app-only","Выхлоп Gas Температура Датчик Цепь Прерывистый",,"Выхлоп Gas Температура Датчик Цепь Прерывистый"
"P2084","P","app-only","Выхлоп Gas Температура Датчик Цепь Диапазон/Производительность",,"Выхлоп Gas Температура Датчик Цепь Диапазон/Производительность"
"P2085","P","app-only","Выхлоп Gas Температура Датчик Цепь Прерывистый",,"Выхлоп Gas Температура Датчик Цепь Прерывистый"
"P2086","P","app-only","Выхлоп Gas Температура Датчик Цепь Диапазон/Производительность",,"Выхлоп Gas Температура Датчик Цепь Диапазон/Производительность"
"P2087","P","app-only","Выхлоп Gas Температура Датчик Цепь Прерывистый",,"Выхлоп Gas Температура Датчик Цепь Прерывистый"
"P2088","P","app-only","A",,"A"
"P2089","P","app-only","A",,"A"
"P2090","P","app-only","B",,"B"
"P2091","P","app-only","B",,"B"
"P2092","P","app-only","A",,"A"
"P2093","P","app-only","A",,"A"
"P2094","P","app-only","B",,"B"
"P2095","P","app-only","B",,"B"
"P2096","P","both","Post Катализатор Топливо Коррекция Система Too Обеднённая Ряд 1","Post Катализатор Топливо Коррекция Система Too Обеднённая Ряд 1","Post Катализатор Топливо Коррекция Система Too Обеднённая"
"P2097","P","app-only","Post Катализатор Топливо Коррекция Система Too Обогащённая",,"Post Катализатор Топливо Коррекция Система Too Обогащённая"
"P2098","P","app-only","Post Катализатор Топливо Коррекция Система Too Обеднённая",,"Post Катализатор Топливо Коррекция Система Too Обеднённая"
"P2099","P","app-only","Post Катализатор Топливо Коррекция Система Too Обогащённая",,"Post Катализатор Топливо Коррекция Система Too Обогащённая"
"P2100","P","app-only","Дроссельная заслонка Привод Управление Motor Цепь/Обрыв",,"Дроссельная заслонка Привод Управление Motor Цепь/Обрыв"
"P2101","P","app-only","Дроссельная заслонка Привод Управление Motor Цепь Диапазон/Производительность",,"Дроссельная заслонка Привод Управление Motor Цепь Диапазон/Производительность"
"P2102","P","app-only","Дроссельная заслонка Привод Управление Motor Цепь Низкий",,"Дроссельная заслонка Привод Управление Motor Цепь Низкий"
"P2103","P","app-only","Дроссельная заслонка Привод Управление Motor Цепь Высокий",,"Дроссельная заслонка Привод Управление Motor Цепь Высокий"
"P2104","P","app-only","Дроссельная заслонка Привод Управление Система - Forced Холостой ход",,"Дроссельная заслонка Привод Управление Система - Forced Холостой ход"
"P2105","P","app-only","Дроссельная заслонка Привод Управление Система - Forced Двигатель Shutdown",,"Дроссельная заслонка Привод Управление Система - Forced Двигатель Shutdown"
"P2106","P","app-only","Дроссельная заслонка Привод Управление Система - Forced Limited Power",,"Дроссельная заслонка Привод Управление Система - Forced Limited Power"
"P2107","P","app-only","Дроссельная заслонка Привод Управление Модуль Processor",,"Дроссельная заслонка Привод Управление Модуль Processor"
"P2108","P","app-only","Дроссельная заслонка Привод Управление Модуль Производительность",,"Дроссельная заслонка Привод Управление Модуль Производительность"
"P2109","P","app-only","Дроссельная заслонка/Педаль Положение Датчик ",,"Дроссельная заслонка/Педаль Положение Датчик "
"P2110","P","app-only","Дроссельная заслонка Привод Управление Система - Forced Limited Обороты",,"Дроссельная заслонка Привод Управление Система - Forced Limited Обороты"
"P2111","P","app-only","Дроссельная заслонка Привод Управление Система - Заклинило Обрыв",,"Дроссельная заслонка Привод Управление Система - Заклинило Обрыв"
"P2112","P","app-only","Дроссельная заслонка Привод Управление Система - Заклинило Closed",,"Дроссельная заслонка Привод Управление Система - Заклинило Closed"
"P2113","P","app-only","Дроссельная заслонка/Педаль Положение Датчик ",,"Дроссельная заслонка/Педаль Положение Датчик "
"P2114","P","app-only","Дроссельная заслонка/Педаль Положение Датчик ",,"Дроссельная заслонка/Педаль Положение Датчик "
"P2115","P","app-only","Дроссельная заслонка/Педаль Положение Датчик ",,"Дроссельная заслонка/Педаль Положение Датчик "
"P2116","P","app-only","Дроссельная заслонка/Педаль Положение Датчик ",,"Дроссельная заслонка/Педаль Положение Датчик "
"P2117","P","app-only","Дроссельная заслонка/Педаль Положение Датчик ",,"Дроссельная заслонка/Педаль Положение Датчик "
"P2118","P","app-only","Дроссельная заслонка Привод Управление Motor Current Диапазон/Производительность",,"Дроссельная заслонка Привод Управление Motor Current Диапазон/Производительность"
"P2119","P","app-only","Дроссельная заслонка Привод Управление Дроссельная заслонка Кузов Диапазон/Производительность",,"Дроссельная заслонка Привод Управление Дроссельная заслонка Кузов Диапазон/Производительность"
"P2120","P","app-only","Дроссельная заслонка/Педаль Положение Датчик/Switch ",,"Дроссельная заслонка/Педаль Положение Датчик/Switch "
"P2121","P","app-only","Дроссельная заслонка/Педаль Положение Датчик/Switch ",,"Дроссельная заслонка/Педаль Положение Датчик/Switch "
"P2122","P","app-only","Дроссельная заслонка/Педаль Положение Датчик/Switch ",,"Дроссельная заслонка/Педаль Положение Датчик/Switch "
"P2123","P","app-only","Дроссельная заслонка/Педаль Положение Датчик/Switch ",,"Дроссельная заслонка/Педаль Положение Датчик/Switch "
"P2124","P","app-only","Дроссельная заслонка/Педаль Положение Датчик/Switch ",,"Дроссельная заслонка/Педаль Положение Датчик/Switch "
"P2125","P","app-only","Дроссельная заслонка/Педаль Положение Датчик/Switch ",,"Дроссельная заслонка/Педаль Положение Датчик/Switch "
"P2126","P","app-only","Дроссельная заслонка/Педаль Положение Датчик/Switch ",,"Дроссельная заслонка/Педаль Положение Датчик/Switch "
"P2127","P","app-only","Дроссельная заслонка/Педаль Положение Датчик/Switch ",,"Дроссельная заслонка/Педаль Положение Датчик/Switch "
"P2128","P","app-only","Дроссельная заслонка/Педаль Положение Датчик/Switch ",,"Дроссельная заслонка/Педаль Положение Датчик/Switch "
"P2129","P","app-only","Дроссельная заслонка/Педаль Положение Датчик/Switch ",,"Дроссельная заслонка/Педаль Положение Датчик/Switch "
"P2130","P","app-only","Дроссельная заслонка/Педаль Положение Датчик/Switch ",,"Дроссельная заслонка/Педаль Положение Датчик/Switch "
"P2131","P","app-only","Дроссельная заслонка/Педаль Положение Датчик/Switch ",,"Дроссельная заслонка/Педаль Положение Датчик/Switch "
"P2132","P","app-only","Дроссельная заслонка/Педаль Положение Датчик/Switch ",,"Дроссельная заслонка/Педаль Положение Датчик/Switch "
"P2133","P","app-only","Дроссельная заслонка/Педаль Положение Датчик/Switch ",,"Дроссельная заслонка/Педаль Положение Датчик/Switch "
"P2134","P","app-only","Дроссельная заслонка/Педаль Положение Датчик/Switch ",,"Дроссельная заслонка/Педаль Положение Датчик/Switch "
"P2135","P","both","Дроссельная заслонка/Педаль Положение Датчик/Switch A / B Напряжение Корреляция","Дроссельная заслонка/Педаль Положение Датчик/Switch A / B Напряжение Корреляция","Дроссельная заслонка/Педаль Положение Датчик/Switch "
"P2136","P","app-only","Дроссельная заслонка/Педаль Положение Датчик/Switch ",,"Дроссельная заслонка/Педаль Положение Датчик/Switch "
"P2137","P","app-only","Дроссельная заслонка/Педаль Положение Датчик/Switch ",,"Дроссельная заслонка/Педаль Положение Датчик/Switch "
"P2138","P","both","Дроссельная заслонка/Педаль Положение Датчик/Switch D/E Напряжение Корреляция.","Дроссельная заслонка/Педаль Положение Датчик/Switch D/E Напряжение Корреляция.","Дроссельная заслонка/Педаль Положение Датчик/Switch "
"P2139","P","app-only","Дроссельная заслонка/Педаль Положение Датчик/Switch ",,"Дроссельная заслонка/Педаль Положение Датчик/Switch "
"P2140","P","app-only","Дроссельная заслонка/Педаль Положение Датчик/Switch ",,"Дроссельная заслонка/Педаль Положение Датчик/Switch "
"P2141","P","app-only","Выхлоп Gas Recirculation Дроссельная заслонка Управление Цепь Низкий",,"Выхлоп Gas Recirculation Дроссельная заслонка Управление Цепь Низкий"
"P2142","P","app-only","Выхлоп Gas Recirculation Дроссельная заслонка Управление Цепь Высокий",,"Выхлоп Gas Recirculation Дроссельная заслонка Управление Цепь Высокий"
"P2143","P","app-only","Выхлоп Gas Recirculation Вентиляция Управление Цепь/Обрыв",,"Выхлоп Gas Recirculation Вентиляция Управление Цепь/Обрыв"
"P2144","P","app-only","Выхлоп Gas Recirculation Вентиляция Управление Цепь Низкий",,"Выхлоп Gas Recirculation Вентиляция Управление Цепь Низкий"
"P2145","P","app-only","Выхлоп Gas Recirculation Вентиляция Управление Цепь Высокий",,"Выхлоп Gas Recirculation Вентиляция Управление Цепь Высокий"
"P2146","P","app-only","Топливо Форсунка Group ",,"Топливо Форсунка Group "
"P2147","P","app-only","Топливо Форсунка Group ",,"Топливо Форсунка Group "
"P2148","P","app-only","Топливо Форсунка Group ",,"Топливо Форсунка Group "
"P2149","P","app-only","Топливо Форсунка Group ",,"Топливо Форсунка Group "
"P2150","P","app-only","Топливо Форсунка Group ",,"Топливо Форсунка Group "
"P2151","P","app-only","Топливо Форсунка Group ",,"Топливо Форсунка Group "
"P2152","P","app-only","Топливо Форсунка Group ",,"Топливо Форсунка Group "
"P2153","P","app-only","Топливо Форсунка Group ",,"Топливо Форсунка Group "
"P2154","P","app-only","Топливо Форсунка Group ",,"Топливо Форсунка Group "
"P2155","P","app-only","Топливо Форсунка Group ",,"Топливо Форсунка Group "
"P2156","P","app-only","Топливо Форсунка Group ",,"Топливо Форсунка Group "
"P2157","P","app-only","Топливо Форсунка Group ",,"Топливо Форсунка Group "
"P2158","P","app-only","Скорость автомобиля Датчик ",,"Скорость автомобиля Датчик "
"P2159","P","app-only","Скорость автомобиля Датчик ",,"Скорость автомобиля Датчик "
"P2160","P","app-only","Скорость автомобиля Датчик ",,"Скорость автомобиля Датчик "
"P2161","P","app-only","Скорость автомобиля Датчик ",,"Скорость автомобиля Датчик "
"P2162","P","app-only","Скорость автомобиля Датчик ",,"Скорость автомобиля Датчик "
"P2163","P","app-only","Дроссельная заслонка/Педаль Положение Датчик ",,"Дроссельная заслонка/Педаль Положение Датчик "
"P2164","P","app-only","Дроссельная заслонка/Педаль Положение Датчик ",,"Дроссельная заслонка/Педаль Положение Датчик "
"P2165","P","app-only","Дроссельная заслонка/Педаль Положение Датчик ",,"Дроссельная заслонка/Педаль Положение Датчик "
"P2166","P","app-only","Дроссельная заслонка/Педаль Положение Датчик ",,"Дроссельная заслонка/Педаль Положение Датчик "
"P2167","P","app-only","Дроссельная заслонка/Педаль Положение Датчик ",,"Дроссельная заслонка/Педаль Положение Датчик "
"P2168","P","app-only","Дроссельная заслонка/Педаль Положение Датчик ",,"Дроссельная заслонка/Педаль Положение Датчик "
"P2169","P","app-only","Выхлоп Давление Регулятор Вентиляция Соленоид Управление Цепь/Обрыв",,"Выхлоп Давление Регулятор Вентиляция Соленоид Управление Цепь/Обрыв"
"P2170","P","app-only","Выхлоп Давление Регулятор Вентиляция Соленоид Управление Цепь Низкий",,"Выхлоп Давление Регулятор Вентиляция Соленоид Управление Цепь Низкий"
"P2171","P","app-only","Выхлоп Давление Регулятор Вентиляция Соленоид Управление Цепь Высокий",,"Выхлоп Давление Регулятор Вентиляция Соленоид Управление Цепь Высокий"
"P2172","P","app-only","Дроссельная заслонка Привод Управление Система - Sudden Высокий Airflow Обнаружен",,"Дроссельная заслонка Привод Управление Система - Sudden Высокий Airflow Обнаружен"
"P2173","P","app-only","Дроссельная заслонка Привод Управление Система - Высокий Airflow Обнаружен",,"Дроссельная заслонка Привод Управление Система - Высокий Airflow Обнаружен"
"P2174","P","app-only","Дроссельная заслонка Привод Управление Система - Sudden Низкий Airflow Обнаружен",,"Дроссельная заслонка Привод Управление Система - Sudden Низкий Airflow Обнаружен"
"P2175","P","app-only","Дроссельная заслонка Привод Управление Система - Низкий Airflow Обнаружен",,"Дроссельная заслонка Привод Управление Система - Низкий Airflow Обнаружен"
"P2176","P","app-only","Дроссельная заслонка Привод Управление Система - Холостой ход Положение Not Learned",,"Дроссельная заслонка Привод Управление Система - Холостой ход Положение Not Learned"
"P2177","P","app-only","Система Too Обеднённая Off Холостой ход",,"Система Too Обеднённая Off Холостой ход"
"P2178","P","app-only","Система Too Обогащённая Off Холостой ход",,"Система Too Обогащённая Off Холостой ход"
"P2179","P","app-only","Система Too Обеднённая Off Холостой ход",,"Система Too Обеднённая Off Холостой ход"
"P2180","P","app-only","Система Too Обогащённая Off Холостой ход",,"Система Too Обогащённая Off Холостой ход"
"P2181","P","app-only","Cooling Система Производительность",,"Cooling Система Производительность"
"P2182","P","app-only","Температура охлаждающей жидкости двигателя Датчик 2 Цепь",,"Температура охлаждающей жидкости двигателя Датчик 2 Цепь"
"P2183","P","app-only","Температура охлаждающей жидкости двигателя Датчик 2 Цепь Диапазон/Производительность",,"Температура охлаждающей жидкости двигателя Датчик 2 Цепь Диапазон/Производительность"
"P2184","P","app-only","Температура охлаждающей жидкости двигателя Датчик 2 Цепь Низкий",,"Температура охлаждающей жидкости двигателя Датчик 2 Цепь Низкий"
"P2185","P","app-only","Температура охлаждающей жидкости двигателя Датчик 2 Цепь Высокий",,"Температура охлаждающей жидкости двигателя Датчик 2 Цепь Высокий"
"P2186","P","app-only","Температура охлаждающей жидкости двигателя Датчик 2 Цепь Прерывистый/Нестабильный",,"Температура охлаждающей жидкости двигателя Датчик 2 Цепь Прерывистый/Нестабильный"
"P2187","P","app-only","Система Too Обеднённая at Холостой ход",,"Система Too Обеднённая at Холостой ход"
"P2188","P","app-only","Система Too Обогащённая at Холостой ход",,"Система Too Обогащённая at Холостой ход"
"P2189","P","app-only","Система Too Обеднённая at Холостой ход",,"Система Too Обеднённая at Холостой ход"
"P2190","P","app-only","Система Too Обогащённая at Холостой ход",,"Система Too Обогащённая at Холостой ход"
"P2191","P","app-only","Система Too Обеднённая at Higher Нагрузка",,"Система Too Обеднённая at Higher Нагрузка"
"P2192","P","app-only","Система Too Обогащённая at Higher Нагрузка",,"Система Too Обогащённая at Higher Нагрузка"
"P2193","P","app-only","Система Too Обеднённая at Higher Нагрузка",,"Система Too Обеднённая at Higher Нагрузка"
"P2194","P","app-only","Система Too Обогащённая at Higher Нагрузка",,"Система Too Обогащённая at Higher Нагрузка"
"P2195","P","app-only","O2 Датчик Сигнал Заклинило Обеднённая",,"O2 Датчик Сигнал Заклинило Обеднённая"
"P2196","P","app-only","O2 Датчик Сигнал Заклинило Обогащённая",,"O2 Датчик Сигнал Заклинило Обогащённая"
"P2197","P","app-only","O2 Датчик Сигнал Заклинило Обеднённая",,"O2 Датчик Сигнал Заклинило Обеднённая"
"P2198","P","app-only","O2 Датчик Сигнал Заклинило Обогащённая",,"O2 Датчик Сигнал Заклинило Обогащённая"
"P2199","P","app-only","Температура впускного воздуха Датчик 1 / 2 Корреляция",,"Температура впускного воздуха Датчик 1 / 2 Корреляция"
"P2200","P","app-only","NOx Датчик Цепь",,"NOx Датчик Цепь"
"P2201","P","app-only","NOx Датчик Цепь Диапазон/Производительность",,"NOx Датчик Цепь Диапазон/Производительность"
"P2202","P","app-only","NOx Датчик Цепь Низкий Вход",,"NOx Датчик Цепь Низкий Вход"
"P2203","P","app-only","NOx Датчик Цепь Высокий Вход",,"NOx Датчик Цепь Высокий Вход"
"P2204","P","app-only","NOx Датчик Цепь Прерывистый Вход",,"NOx Датчик Цепь Прерывистый Вход"
"P2205","P","app-only","NOx Датчик Нагреватель Управление Цепь/Обрыв",,"NOx Датчик Нагреватель Управление Цепь/Обрыв"
"P2206","P","app-only","NOx Датчик Нагреватель Управление Цепь Низкий",,"NOx Датчик Нагреватель Управление Цепь Низкий"
"P2207","P","app-only","NOx Датчик Нагреватель Управление Цепь Высокий",,"NOx Датчик Нагреватель Управление Цепь Высокий"
"P2208","P","app-only","NOx Датчик Нагреватель Sense Цепь",,"NOx Датчик Нагреватель Sense Цепь"
"P2209","P","app-only","NOx Датчик Нагреватель Sense Цепь Диапазон/Производительность",,"NOx Датчик Нагреватель Sense Цепь Диапазон/Производительность"
"P2210","P","app-only","NOx Датчик Нагреватель Sense Цепь Низкий Вход",,"NOx Датчик Нагреватель Sense Цепь Низкий Вход"
"P2211","P","app-only","NOx Датчик Нагреватель Sense Цепь Высокий Вход",,"NOx Датчик Нагреватель Sense Цепь Высокий Вход"
"P2212","P","app-only","NOx Датчик Нагреватель Sense Цепь Прерывистый",,"NOx Датчик Нагреватель Sense Цепь Прерывистый"
"P2213","P","app-only","NOx Датчик Цепь",,"NOx Датчик Цепь"
"P2214","P","app-only","NOx Датчик Цепь Диапазон/Производительность",,"NOx Датчик Цепь Диапазон/Производительность"
"P2215","P","app-only","NOx Датчик Цепь Низкий Вход",,"NOx Датчик Цепь Низкий Вход"
"P2216","P","app-only","NOx Датчик Цепь Высокий Вход",,"NOx Датчик Цепь Высокий Вход"
"P2217","P","app-only","NOx Датчик Цепь Прерывистый Вход",,"NOx Датчик Цепь Прерывистый Вход"
"P2218","P","app-only","NOx Датчик Нагреватель Управление Цепь/Обрыв",,"NOx Датчик Нагреватель Управление Цепь/Обрыв"
"P2219","P","app-only","NOx Датчик Нагреватель Управление Цепь Низкий",,"NOx Датчик Нагреватель Управление Цепь Низкий"
"P2220","P","app-only","NOx Датчик Нагреватель Управление Цепь Высокий",,"NOx Датчик Нагреватель Управление Цепь Высокий"
"P2221","P","app-only","NOx Датчик Нагреватель Sense Цепь",,"NOx Датчик Нагреватель Sense Цепь"
"P2222","P","app-only","NOx Датчик Нагреватель Sense Цепь Диапазон/Производительность",,"NOx Датчик Нагреватель Sense Цепь Диапазон/Производительность"
"P2223","P","app-only","NOx Датчик Нагреватель Sense Цепь Низкий",,"NOx Датчик Нагреватель Sense Цепь Низкий"
"P2224","P","app-only","NOx Датчик Нагреватель Sense Цепь Высокий",,"NOx Датчик Нагреватель Sense Цепь Высокий"
"P2225","P","app-only","NOx Датчик Нагреватель Sense Цепь Прерывистый",,"NOx Датчик Нагреватель Sense Цепь Прерывистый"
"P2226","P","app-only","Барометрическое Давление Цепь",,"Барометрическое Давление Цепь"
"P2227","P","app-only","Барометрическое Давление Цепь Диапазон/Производительность",,"Барометрическое Давление Цепь Диапазон/Производительность"
"P2228","P","app-only","Барометрическое Давление Цепь Низкий",,"Барометрическое Давление Цепь Низкий"
"P2229","P","app-only","Барометрическое Давление Цепь Высокий",,"Барометрическое Давление Цепь Высокий"
"P2230","P","app-only","Барометрическое Давление Цепь Прерывистый",,"Барометрическое Давление Цепь Прерывистый"
"P2231","P","app-only","O2 Датчик Сигнал Цепь Shorted to Нагреватель Цепь",,"O2 Датчик Сигнал Цепь Shorted to Нагреватель Цепь"
"P2232","P","app-only","O2 Датчик Сигнал Цепь Shorted to Нагреватель Цепь",,"O2 Датчик Сигнал Цепь Shorted to Нагреватель Цепь"
"P2233","P","app-only","O2 Датчик Сигнал Цепь Shorted to Нагреватель Цепь",,"O2 Датчик Сигнал Цепь Shorted to Нагреватель Цепь"
"P2234","P","app-only","O2 Датчик Сигнал Цепь Shorted to Нагреватель Цепь",,"O2 Датчик Сигнал Цепь Shorted to Нагреватель Цепь"
"P2235","P","app-only","O2 Датчик Сигнал Цепь Shorted to Нагреватель Цепь",,"O2 Датчик Сигнал Цепь Shorted to Нагреватель Цепь"
"P2236","P","app-only","O2 Датчик Сигнал Цепь Shorted to Нагреватель Цепь",,"O2 Датчик Сигнал Цепь Shorted to Нагреватель Цепь"
"P2237","P","app-only","O2 Датчик Positive Current Управление Цепь/Обрыв",,"O2 Датчик Positive Current Управление Цепь/Обрыв"
"P2238","P","app-only","O2 Датчик Positive Current Управление Цепь Низкий",,"O2 Датчик Positive Current Управление Цепь Низкий"
"P2239","P","app-only","O2 Датчик Positive Current Управление Цепь Высокий",,"O2 Датчик Positive Current Управление Цепь Высокий"
"P2240","P","app-only","O2 Датчик Positive Current Управление Цепь/Обрыв",,"O2 Датчик Positive Current Управление Цепь/Обрыв"
"P2241","P","app-only","O2 Датчик Positive Current Управление Цепь Низкий",,"O2 Датчик Positive Current Управление Цепь Низкий"
"P2242","P","app-only","O2 Датчик Positive Current Управление Цепь Высокий",,"O2 Датчик Positive Current Управление Цепь Высокий"
"P2243","P","app-only","O2 Датчик Reference Напряжение Цепь/Обрыв",,"O2 Датчик Reference Напряжение Цепь/Обрыв"
"P2244","P","app-only","O2 Датчик Reference Напряжение Производительность",,"O2 Датчик Reference Напряжение Производительность"
"P2245","P","app-only","O2 Датчик Reference Напряжение Цепь Низкий",,"O2 Датчик Reference Напряжение Цепь Низкий"
"P2246","P","app-only","O2 Датчик Reference Напряжение Цепь Высокий",,"O2 Датчик Reference Напряжение Цепь Высокий"
"P2247","P","app-only","O2 Датчик Reference Напряжение Цепь/Обрыв",,"O2 Датчик Reference Напряжение Цепь/Обрыв"
"P2248","P","app-only","O2 Датчик Reference Напряжение Производительность",,"O2 Датчик Reference Напряжение Производительность"
"P2249","P","app-only","O2 Датчик Reference Напряжение Цепь Низкий",,"O2 Датчик Reference Напряжение Цепь Низкий"
"P2250","P","app-only","O2 Датчик Reference Напряжение Цепь Высокий",,"O2 Датчик Reference Напряжение Цепь Высокий"
"P2251","P","app-only","O2 Датчик Negative Current Управление Цепь/Обрыв",,"O2 Датчик Negative Current Управление Цепь/Обрыв"
"P2252","P","app-only","O2 Датчик Negative Current Управление Цепь Низкий",,"O2 Датчик Negative Current Управление Цепь Низкий"
"P2253","P","app-only","O2 Датчик Negative Current Управление Цепь Высокий",,"O2 Датчик Negative Current Управление Цепь Высокий"
"P2254","P","app-only","O2 Датчик Negative Current Управление Цепь/Обрыв",,"O2 Датчик Negative Current Управление Цепь/Обрыв"
"P2255","P","app-only","O2 Датчик Negative Current Управление Цепь Низкий",,"O2 Датчик Negative Current Управление Цепь Низкий"
"P2256","P","app-only","O2 Датчик Negative Current Управление Цепь Высокий",,"O2 Датчик Negative Current Управление Цепь Высокий"
"P2257","P","app-only","Secondary Воздух Injection Система Управление ",,"Secondary Воздух Injection Система Управление "
"P2258","P","app-only","Secondary Воздух Injection Система Управление ",,"Secondary Воздух Injection Система Управление "
"P2259","P","app-only","Secondary Воздух Injection Система Управление ",,"Secondary Воздух Injection Система Управление "
"P2260","P","app-only","Secondary Воздух Injection Система Управление ",,"Secondary Воздух Injection Система Управление "
"P2261","P","app-only","Турбо/Нагнетатель Байпас Клапан - Mechanical",,"Турбо/Нагнетатель Байпас Клапан - Mechanical"
"P2262","P","app-only","Турбо Наддув Давление Not Обнаружен - Mechanical",,"Турбо Наддув Давление Not Обнаружен - Mechanical"
"P2263","P","app-only","Турбо/Нагнетатель Наддув Система Производительность",,"Турбо/Нагнетатель Наддув Система Производительность"
"P2264","P","app-only","Water in Топливо Датчик Цепь",,"Water in Топливо Датчик Цепь"
"P2265","P","app-only","Water in Топливо Датчик Цепь Диапазон/Производительность",,"Water in Топливо Датчик Цепь Диапазон/Производительность"
"P2266","P","app-only","Water in Топливо Датчик Цепь Низкий",,"Water in Топливо Датчик Цепь Низкий"
"P2267","P","app-only","Water in Топливо Датчик Цепь Высокий",,"Water in Топливо Датчик Цепь Высокий"
"P2268","P","app-only","Water in Топливо Датчик Цепь Прерывистый",,"Water in Топливо Датчик Цепь Прерывистый"
"P2269","P","app-only","Water in Топливо Condition",,"Water in Топливо Condition"
"P2270","P","app-only","O2 Датчик Сигнал Заклинило Обеднённая",,"O2 Датчик Сигнал Заклинило Обеднённая"
"P2271","P","app-only","O2 Датчик Сигнал Заклинило Обогащённая",,"O2 Датчик Сигнал Заклинило Обогащённая"
"P2272","P","app-only","O2 Датчик Сигнал Заклинило Обеднённая",,"O2 Датчик Сигнал Заклинило Обеднённая"
"P2273","P","app-only","O2 Датчик Сигнал Заклинило Обогащённая",,"O2 Датчик Сигнал Заклинило Обогащённая"
"P2274","P","app-only","O2 Датчик Сигнал Заклинило Обеднённая",,"O2 Датчик Сигнал Заклинило Обеднённая"
"P2275","P","app-only","O2 Датчик Сигнал Заклинило Обогащённая",,"O2 Датчик Сигнал Заклинило Обогащённая"
"P2276","P","app-only","O2 Датчик Сигнал Заклинило Обеднённая",,"O2 Датчик Сигнал Заклинило Обеднённая"
"P2277","P","app-only","O2 Датчик Сигнал Заклинило Обогащённая",,"O2 Датчик Сигнал Заклинило Обогащённая"
"P2278","P","app-only","O2 Датчик Сигналы перепутаны Ряд 1 Датчик 3 / Ряд 2 Датчик 3",,"O2 Датчик Сигналы перепутаны Ряд 1 Датчик 3 / Ряд 2 Датчик 3"
"P2279","P","app-only","Впуск Воздух Система Утечка",,"Впуск Воздух Система Утечка"
"P2280","P","app-only","Воздух Поток Restriction / Воздух Утечка Between Воздух Filter and Расходомер воздуха",,"Воздух Поток Restriction / Воздух Утечка Between Воздух Filter and Расходомер воздуха"
"P2281","P","app-only","Воздух Утечка Between Расходомер воздуха and Дроссельная заслонка Кузов",,"Воздух Утечка Between Расходомер воздуха and Дроссельная заслонка Кузов"
"P2282","P","app-only","Воздух Утечка Between Дроссельная заслонка Кузов and Впуск Valves",,"Воздух Утечка Between Дроссельная заслонка Кузов and Впуск Valves"
"P2283","P","app-only","Форсунка Управление Давление Датчик Цепь",,"Форсунка Управление Давление Датчик Цепь"
"P2284","P","app-only","Форсунка Управление Давление Датчик Цепь Диапазон/Производительность",,"Форсунка Управление Давление Датчик Цепь Диапазон/Производительность"
"P2285","P","app-only","Форсунка Управление Давление Датчик Цепь Низкий",,"Форсунка Управление Давление Датчик Цепь Низкий"
"P2286","P","app-only","Форсунка Управление Давление Датчик Цепь Высокий",,"Форсунка Управление Давление Датчик Цепь Высокий"
"P2287","P","app-only","Форсунка Управление Давление Датчик Цепь Прерывистый",,"Форсунка Управление Давление Датчик Цепь Прерывистый"
"P2288","P","app-only","Форсунка Управление Давление Слишком высокий",,"Форсунка Управление Давление Слишком высокий"
"P2289","P","app-only","Форсунка Управление Давление Слишком высокий - Двигатель Off",,"Форсунка Управление Давление Слишком высокий - Двигатель Off"
"P2290","P","app-only","Форсунка Управление Давление Слишком низкий",,"Форсунка Управление Давление Слишком низкий"
"P2291","P","app-only","Форсунка Управление Давление Слишком низкий - Двигатель Cranking",,"Форсунка Управление Давление Слишком низкий - Двигатель Cranking"
"P2292","P","app-only","Форсунка Управление Давление Нестабильный",,"Форсунка Управление Давление Нестабильный"
"P2293","P","app-only","Давление топлива Регулятор 2 Производительность",,"Давление топлива Регулятор 2 Производительность"
"P2294","P","app-only","Давление топлива Регулятор 2 Управление Цепь",,"Давление топлива Регулятор 2 Управление Цепь"
"P2295","P","app-only","Давление топлива Регулятор 2 Управление Цепь Низкий",,"Давление топлива Регулятор 2 Управление Цепь Низкий"
"P2296","P","app-only","Давление топлива Регулятор 2 Управление Цепь Высокий",,"Давление топлива Регулятор 2 Управление Цепь Высокий"
"P2297","P","app-only","O2 Датчик Out of Range During Deceleration",,"O2 Датчик Out of Range During Deceleration"
"P2298","P","app-only","O2 Датчик Out of Range During Deceleration",,"O2 Датчик Out of Range During Deceleration"
"P2299","P","app-only","Brake Педаль Положение / Положение педали акселератора Incompatible",,"Brake Педаль Положение / Положение педали акселератора Incompatible"
"P2300","P","app-only","Зажигание Катушка ",,"Зажигание Катушка "
"P2301","P","app-only","Зажигание Катушка ",,"Зажигание Катушка "
"P2302","P","app-only","Зажигание Катушка ",,"Зажигание Катушка "
"P2303","P","app-only","Зажигание Катушка ",,"Зажигание Катушка "
"P2304","P","app-only","Зажигание Катушка ",,"Зажигание Катушка "
"P2305","P","app-only","Зажигание Катушка ",,"Зажигание Катушка "
"P2306","P","app-only","Зажигание Катушка ",,"Зажигание Катушка "
"P2307","P","app-only","Зажигание Катушка ",,"Зажигание Катушка "
"P2308","P","app-only","Зажигание Катушка ",,"Зажигание Катушка "
"P2309","P","app-only","Зажигание Катушка ",,"Зажигание Катушка "
"P2310","P","app-only","Зажигание Катушка ",,"Зажигание Катушка "
"P2311","P","app-only","Зажигание Катушка ",,"Зажигание Катушка "
"P2312","P","app-only","Зажигание Катушка ",,"Зажигание Катушка "
"P2313","P","app-only","Зажигание Катушка ",,"Зажигание Катушка "
"P2314","P","app-only","Зажигание Катушка ",,"Зажигание Катушка "
"P2315","P","app-only","Зажигание Катушка ",,"Зажигание Катушка "
"P2316","P","app-only","Зажигание Катушка ",,"Зажигание Катушка "
"P2317","P","app-only","Зажигание Катушка ",,"Зажигание Катушка "
"P2318","P","app-only","Зажигание Катушка ",,"Зажигание Катушка "
"P2319","P","app-only","Зажигание Катушка ",,"Зажигание Катушка "
"P2320","P","app-only","Зажигание Катушка ",,"Зажигание Катушка "
"P2321","P","app-only","Зажигание Катушка ",,"Зажигание Катушка "
"P2322","P","app-only","Зажигание Катушка ",,"Зажигание Катушка "
"P2323","P","app-only","Зажигание Катушка ",,"Зажигание Катушка "
"P2324","P","app-only","Зажигание Катушка ",,"Зажигание Катушка "
"P2325","P","app-only","Зажигание Катушка ",,"Зажигание Катушка "
"P2326","P","app-only","Зажигание Катушка ",,"Зажигание Катушка "
"P2327","P","app-only","Зажигание Катушка ",,"Зажигание Катушка "
"P2328","P","app-only","Зажигание Катушка ",,"Зажигание Катушка "
"P2329","P","app-only","Зажигание Катушка ",,"Зажигание Катушка "
"P2330","P","app-only","Зажигание Катушка ",,"Зажигание Катушка "
"P2331","P","app-only","Зажигание Катушка ",,"Зажигание Катушка "
"P2332","P","app-only","Зажигание Катушка ",,"Зажигание Катушка "
"P2333","P","app-only","Зажигание Катушка ",,"Зажигание Катушка "
"P2334","P","app-only","Зажигание Катушка ",,"Зажигание Катушка "
"P2335","P","app-only","Зажигание Катушка ",,"Зажигание Катушка "
"P2336","P","app-only","Цилиндр #1 Above Детонация Порог",,"Цилиндр #1 Above Детонация Порог"
"P2337","P","app-only","Цилиндр #2 Above Детонация Порог",,"Цилиндр #2 Above Детонация Порог"
"P2338","P","app-only","Цилиндр #3 Above Детонация Порог",,"Цилиндр #3 Above Детонация Порог"
"P2339","P","app-only","Цилиндр #4 Above Детонация Порог",,"Цилиндр #4 Above Детонация Порог"
"P2340","P","app-only","Цилиндр #5 Above Детонация Порог",,"Цилиндр #5 Above Детонация Порог"
"P2341","P","app-only","Цилиндр #6 Above Детонация Порог",,"Цилиндр #6 Above Детонация Порог"
"P2342","P","app-only","Цилиндр #7 Above Детонация Порог",,"Цилиндр #7 Above Детонация Порог"
"P2343","P","app-only","Цилиндр #8 Above Детонация Порог",,"Цилиндр #8 Above Детонация Порог"
"P2344","P","app-only","Цилиндр #9 Above Детонация Порог",,"Цилиндр #9 Above Детонация Порог"
"P2345","P","app-only","Цилиндр #10 Above Детонация Порог",,"Цилиндр #10 Above Детонация Порог"
"P2346","P","app-only","Цилиндр #11 Above Детонация Порог",,"Цилиндр #11 Above Детонация Порог"
"P2347","P","app-only","Цилиндр #12 Above Детонация Порог",,"Цилиндр #12 Above Детонация Порог"
"P2400","P","app-only","Испарительная Выброс Система Утечка Detection Насос Управление Цепь/Обрыв",,"Испарительная Выброс Система Утечка Detection Насос Управление Цепь/Обрыв"
"P2401","P","app-only","Испарительная Выброс Система Утечка Detection Насос Управление Цепь Низкий",,"Испарительная Выброс Система Утечка Detection Насос Управление Цепь Низкий"
"P2402","P","app-only","Испарительная Выброс Система Утечка Detection Насос Управление Цепь Высокий",,"Испарительная Выброс Система Утечка Detection Насос Управление Цепь Высокий"
"P2403","P","app-only","Испарительная Выброс Система Утечка Detection Насос Sense Цепь/Обрыв",,"Испарительная Выброс Система Утечка Detection Насос Sense Цепь/Обрыв"
"P2404","P","app-only","Испарительная Выброс Система Утечка Detection Насос Sense Цепь Диапазон/Производительность",,"Испарительная Выброс Система Утечка Detection Насос Sense Цепь Диапазон/Производительность"
"P2405","P","app-only","Испарительная Выброс Система Утечка Detection Насос Sense Цепь Низкий",,"Испарительная Выброс Система Утечка Detection Насос Sense Цепь Низкий"
"P2406","P","app-only","Испарительная Выброс Система Утечка Detection Насос Sense Цепь Высокий",,"Испарительная Выброс Система Утечка Detection Насос Sense Цепь Высокий"
"P2407","P","app-only","Испарительная Выброс Система Утечка Detection Насос Sense Цепь Прерывистый/Нестабильный",,"Испарительная Выброс Система Утечка Detection Насос Sense Цепь Прерывистый/Нестабильный"
"P2408","P","app-only","Топливо Cap Датчик/Switch Цепь",,"Топливо Cap Датчик/Switch Цепь"
"P2409","P","app-only","Топливо Cap Датчик/Switch Цепь Диапазон/Производительность",,"Топливо Cap Датчик/Switch Цепь Диапазон/Производительность"
"P2410","P","app-only","Топливо Cap Датчик/Switch Цепь Низкий",,"Топливо Cap Датчик/Switch Цепь Низкий"
"P2411","P","app-only","Топливо Cap Датчик/Switch Цепь Высокий",,"Топливо Cap Датчик/Switch Цепь Высокий"
"P2412","P","app-only","Топливо Cap Датчик/Switch Цепь Прерывистый/Нестабильный",,"Топливо Cap Датчик/Switch Цепь Прерывистый/Нестабильный"
"P2413","P","app-only","Выхлоп Gas Recirculation Система Производительность",,"Выхлоп Gas Recirculation Система Производительность"
"P2414","P","app-only","O2 Датчик Выхлоп Sample Error",,"O2 Датчик Выхлоп Sample Error"
"P2415","P","app-only","O2 Датчик Выхлоп Sample Error",,"O2 Датчик Выхлоп Sample Error"
"P2416","P","app-only","O2 Датчик Сигналы перепутаны Ряд 1 Датчик 2 / Ряд 1 Датчик 3",,"O2 Датчик Сигналы перепутаны Ряд 1 Датчик 2 / Ряд 1 Датчик 3"
"P2417","P","app-only","O2 Датчик Сигналы перепутаны Ряд 2 Датчик 2 / Ряд 2 Датчик 3",,"O2 Датчик Сигналы перепутаны Ряд 2 Датчик 2 / Ряд 2 Датчик 3"
"P2418","P","app-only","Испарительная Выброс Система Switching Клапан Управление Цепь / Обрыв",,"Испарительная Выброс Система Switching Клапан Управление Цепь / Обрыв"
"P2419","P","app-only","Испарительная Выброс Система Switching Клапан Управление Цепь Низкий",,"Испарительная Выброс Система Switching Клапан Управление Цепь Низкий"
"P2420","P","app-only","Испарительная Выброс Система Switching Клапан Управление Цепь Высокий",,"Испарительная Выброс Система Switching Клапан Управление Цепь Высокий"
"P2421","P","app-only","Испарительная Выброс Система Вентиляция Клапан Заклинило Обрыв",,"Испарительная Выброс Система Вентиляция Клапан Заклинило Обрыв"
"P2422","P","app-only","Испарительная Выброс Система Вентиляция Клапан Заклинило Closed",,"Испарительная Выброс Система Вентиляция Клапан Заклинило Closed"
"P2423","P","app-only","HC Adsorption Катализатор Эффективность Ниже порога",,"HC Adsorption Катализатор Эффективность Ниже порога"
"P2424","P","app-only","HC Adsorption Катализатор Эффективность Ниже порога",,"HC Adsorption Катализатор Эффективность Ниже порога"
"P2425","P","app-only","Выхлоп Gas Recirculation Cooling Клапан Управление Цепь/Обрыв",,"Выхлоп Gas Recirculation Cooling Клапан Управление Цепь/Обрыв"
"P2426","P","app-only","Выхлоп Gas Recirculation Cooling Клапан Управление Цепь Низкий",,"Выхлоп Gas Recirculation Cooling Клапан Управление Цепь Низкий"
"P2427","P","app-only","Выхлоп Gas Recirculation Cooling Клапан Управление Цепь Высокий",,"Выхлоп Gas Recirculation Cooling Клапан Управление Цепь Высокий"
"P2428","P","app-only","Выхлоп Gas Температура Слишком высокий",,"Выхлоп Gas Температура Слишком высокий"
"P2429","P","app-only","Выхлоп Gas Температура Слишком высокий",,"Выхлоп Gas Температура Слишком высокий"
"P2430","P","app-only","Secondary Воздух Injection Система Воздух Поток/Давление Датчик Цепь",,"Secondary Воздух Injection Система Воздух Поток/Давление Датчик Цепь"
"P2431","P","app-only","Secondary Воздух Injection Система Воздух Поток/Давление Датчик Цепь Диапазон/Производительность",,"Secondary Воздух Injection Система Воздух Поток/Давление Датчик Цепь Диапазон/Производительность"
"P2432","P","app-only","Secondary Воздух Injection Система Воздух Поток/Давление Датчик Цепь Низкий",,"Secondary Воздух Injection Система Воздух Поток/Давление Датчик Цепь Низкий"
"P2433","P","app-only","Secondary Воздух Injection Система Воздух Поток/Давление Датчик Цепь Высокий",,"Secondary Воздух Injection Система Воздух Поток/Давление Датчик Цепь Высокий"
"P2434","P","app-only","Secondary Воздух Injection Система Воздух Поток/Давление Датчик Цепь Прерывистый/Нестабильный",,"Secondary Воздух Injection Система Воздух Поток/Давление Датчик Цепь Прерывистый/Нестабильный"
"P2435","P","app-only","Secondary Воздух Injection Система Воздух Поток/Давление Датчик Цепь",,"Secondary Воздух Injection Система Воздух Поток/Давление Датчик Цепь"
"P2436","P","app-only","Secondary Воздух Injection Система Воздух Поток/Давление Датчик Цепь Диапазон/Производительность",,"Secondary Воздух Injection Система Воздух Поток/Давление Датчик Цепь Диапазон/Производительность"
"P2437","P","app-only","Secondary Воздух Injection Система Воздух Поток/Давление Датчик Цепь Низкий",,"Secondary Воздух Injection Система Воздух Поток/Давление Датчик Цепь Низкий"
"P2438","P","app-only","Secondary Воздух Injection Система Воздух Поток/Давление Датчик Цепь Высокий",,"Secondary Воздух Injection Система Воздух Поток/Давление Датчик Цепь Высокий"
"P2439","P","app-only","Secondary Воздух Injection Система Воздух Поток/Давление Датчик Цепь Прерывистый/Нестабильный",,"Secondary Воздух Injection Система Воздух Поток/Давление Датчик Цепь Прерывистый/Нестабильный"
"P2440","P","app-only","Secondary Воздух Injection Система Switching Клапан Заклинило Обрыв",,"Secondary Воздух Injection Система Switching Клапан Заклинило Обрыв"
"P2441","P","app-only","Secondary Воздух Injection Система Switching Клапан Заклинило Closed",,"Secondary Воздух Injection Система Switching Клапан Заклинило Closed"
"P2442","P","app-only","Secondary Воздух Injection Система Switching Клапан Заклинило Обрыв",,"Secondary Воздух Injection Система Switching Клапан Заклинило Обрыв"
"P2443","P","app-only","Secondary Воздух Injection Система Switching Клапан Заклинило Closed",,"Secondary Воздух Injection Система Switching Клапан Заклинило Closed"
"P2444","P","app-only","Secondary Воздух Injection Система Насос Заклинило On",,"Secondary Воздух Injection Система Насос Заклинило On"
"P2445","P","app-only","Secondary Воздух Injection Система Насос Заклинило Off",,"Secondary Воздух Injection Система Насос Заклинило Off"
"P2446","P","app-only","Secondary Воздух Injection Система Насос Заклинило On",,"Secondary Воздух Injection Система Насос Заклинило On"
"P2447","P","app-only","Secondary Воздух Injection Система Насос Заклинило Off",,"Secondary Воздух Injection Система Насос Заклинило Off"
"P2500","P","app-only","Generator Лампа/L-Terminal Цепь Низкий",,"Generator Лампа/L-Terminal Цепь Низкий"
"P2501","P","app-only","Generator Лампа/L-Terminal Цепь Высокий",,"Generator Лампа/L-Terminal Цепь Высокий"
"P2502","P","app-only","Charging Система Напряжение",,"Charging Система Напряжение"
"P2503","P","app-only","Charging Система Напряжение Низкий",,"Charging Система Напряжение Низкий"
"P2504","P","app-only","Charging Система Напряжение Высокий",,"Charging Система Напряжение Высокий"
"P2505","P","app-only","Блок управления двигателем/Блок управления двигателем Power Вход Сигнал",,"Блок управления двигателем/Блок управления двигателем Power Вход Сигнал"
"P2506","P","app-only","Блок управления двигателем/Блок управления двигателем Power Вход Сигнал Диапазон/Производительность",,"Блок управления двигателем/Блок управления двигателем Power Вход Сигнал Диапазон/Производительность"
"P2507","P","app-only","Блок управления двигателем/Блок управления двигателем Power Вход Сигнал Низкий",,"Блок управления двигателем/Блок управления двигателем Power Вход Сигнал Низкий"
"P2508","P","app-only","Блок управления двигателем/Блок управления двигателем Power Вход Сигнал Высокий",,"Блок управления двигателем/Блок управления двигателем Power Вход Сигнал Высокий"
"P2509","P","app-only","Блок управления двигателем/Блок управления двигателем Power Вход Сигнал Прерывистый",,"Блок управления двигателем/Блок управления двигателем Power Вход Сигнал Прерывистый"
"P2510","P","app-only","Блок управления двигателем/Блок управления двигателем Power Relay Sense Цепь Диапазон/Производительность",,"Блок управления двигателем/Блок управления двигателем Power Relay Sense Цепь Диапазон/Производительность"
"P2511","P","app-only","Блок управления двигателем/Блок управления двигателем Power Relay Sense Цепь Прерывистый",,"Блок управления двигателем/Блок управления двигателем Power Relay Sense Цепь Прерывистый"
"P2512","P","app-only","Event Data Recorder Запрос Цепь/ Обрыв",,"Event Data Recorder Запрос Цепь/ Обрыв"
"P2513","P","app-only","Event Data Recorder Запрос Цепь Низкий",,"Event Data Recorder Запрос Цепь Низкий"
"P2514","P","app-only","Event Data Recorder Запрос Цепь Высокий",,"Event Data Recorder Запрос Цепь Высокий"
"P2515","P","app-only","A/C Refrigerant Давление Датчик ",,"A/C Refrigerant Давление Датчик "
"P2516","P","app-only","A/C Refrigerant Давление Датчик ",,"A/C Refrigerant Давление Датчик "
"P2517","P","app-only","A/C Refrigerant Давление Датчик ",,"A/C Refrigerant Давление Датчик "
"P2518","P","app-only","A/C Refrigerant Давление Датчик ",,"A/C Refrigerant Давление Датчик "
"P2519","P","app-only","A/C Запрос ",,"A/C Запрос "
"P2520","P","app-only","A/C Запрос ",,"A/C Запрос "
"P2521","P","app-only","A/C Запрос ",,"A/C Запрос "
"P2522","P","app-only","A/C Запрос ",,"A/C Запрос "
"P2523","P","app-only","A/C Запрос ",,"A/C Запрос "
"P2524","P","app-only","A/C Запрос ",,"A/C Запрос "
"P2525","P","app-only","Разрежение Reservoir Давление Датчик Цепь",,"Разрежение Reservoir Давление Датчик Цепь"
"P2526","P","app-only","Разрежение Reservoir Давление Датчик Цепь Диапазон/Производительность",,"Разрежение Reservoir Давление Датчик Цепь Диапазон/Производительность"
"P2527","P","app-only","Разрежение Reservoir Давление Датчик Цепь Низкий",,"Разрежение Reservoir Давление Датчик Цепь Низкий"
"P2528","P","app-only","Разрежение Reservoir Давление Датчик Цепь Высокий",,"Разрежение Reservoir Давление Датчик Цепь Высокий"
"P2529","P","app-only","Разрежение Reservoir Давление Датчик Цепь Прерывистый",,"Разрежение Reservoir Давление Датчик Цепь Прерывистый"
"P2530","P","app-only","Зажигание Switch Run Положение Цепь",,"Зажигание Switch Run Положение Цепь"
"P2531","P","app-only","Зажигание Switch Run Положение Цепь Низкий",,"Зажигание Switch Run Положение Цепь Низкий"
"P2532","P","app-only","Зажигание Switch Run Положение Цепь Высокий",,"Зажигание Switch Run Положение Цепь Высокий"
"P2533","P","app-only","Зажигание Switch Run/Start Положение Цепь",,"Зажигание Switch Run/Start Положение Цепь"
"P2534","P","app-only","Зажигание Switch Run/Start Положение Цепь Низкий",,"Зажигание Switch Run/Start Положение Цепь Низкий"
"P2535","P","app-only","Зажигание Switch Run/Start Положение Цепь Высокий",,"Зажигание Switch Run/Start Положение Цепь Высокий"
"P2536","P","app-only","Зажигание Switch Accessory Положение Цепь",,"Зажигание Switch Accessory Положение Цепь"
"P2537","P","app-only","Зажигание Switch Accessory Положение Цепь Низкий",,"Зажигание Switch Accessory Положение Цепь Низкий"
"P2538","P","app-only","Зажигание Switch Accessory Положение Цепь Высокий",,"Зажигание Switch Accessory Положение Цепь Высокий"
"P2539","P","app-only","Низкий Давление Топливная система Датчик Цепь",,"Низкий Давление Топливная система Датчик Цепь"
"P2540","P","app-only","Низкий Давление Топливная система Датчик Цепь Диапазон/Производительность",,"Низкий Давление Топливная система Датчик Цепь Диапазон/Производительность"
"P2541","P","app-only","Низкий Давление Топливная система Датчик Цепь Низкий",,"Низкий Давление Топливная система Датчик Цепь Низкий"
"P2542","P","app-only","Низкий Давление Топливная система Датчик Цепь Высокий",,"Низкий Давление Топливная система Датчик Цепь Высокий"
"P2543","P","app-only","Низкий Давление Топливная система Датчик Цепь Прерывистый",,"Низкий Давление Топливная система Датчик Цепь Прерывистый"
"P2544","P","app-only","Torque Management Запрос Вход Сигнал ",,"Torque Management Запрос Вход Сигнал "
"P2545","P","app-only","Torque Management Запрос Вход Сигнал ",,"Torque Management Запрос Вход Сигнал "
"P2546","P","app-only","Torque Management Запрос Вход Сигнал ",,"Torque Management Запрос Вход Сигнал "
"P2547","P","app-only","Torque Management Запрос Вход Сигнал ",,"Torque Management Запрос Вход Сигнал "
"P2548","P","app-only","Torque Management Запрос Вход Сигнал ",,"Torque Management Запрос Вход Сигнал "
"P2549","P","app-only","Torque Management Запрос Вход Сигнал ",,"Torque Management Запрос Вход Сигнал "
"P2550","P","app-only","Torque Management Запрос Вход Сигнал ",,"Torque Management Запрос Вход Сигнал "
"P2551","P","app-only","Torque Management Запрос Вход Сигнал ",,"Torque Management Запрос Вход Сигнал "
"P2552","P","app-only","Дроссельная заслонка/Топливо Inhibit Цепь",,"Дроссельная заслонка/Топливо Inhibit Цепь"
"P2553","P","app-only","Дроссельная заслонка/Топливо Inhibit Цепь Диапазон/Производительность",,"Дроссельная заслонка/Топливо Inhibit Цепь Диапазон/Производительность"
"P2554","P","app-only","Дроссельная заслонка/Топливо Inhibit Цепь Низкий",,"Дроссельная заслонка/Топливо Inhibit Цепь Низкий"
"P2555","P","app-only","Дроссельная заслонка/Топливо Inhibit Цепь Высокий",,"Дроссельная заслонка/Топливо Inhibit Цепь Высокий"
"P2556","P","app-only","Двигатель Охлаждающая жидкость Level Датчик/Switch Цепь",,"Двигатель Охлаждающая жидкость Level Датчик/Switch Цепь"
"P2557","P","app-only","Двигатель Охлаждающая жидкость Level Датчик/Switch Цепь Диапазон/Производительность",,"Двигатель Охлаждающая жидкость Level Датчик/Switch Цепь Диапазон/Производительность"
"P2558","P","app-only","Двигатель Охлаждающая жидкость Level Датчик/Switch Цепь Низкий",,"Двигатель Охлаждающая жидкость Level Датчик/Switch Цепь Низкий"
"P2559","P","app-only","Двигатель Охлаждающая жидкость Level Датчик/Switch Цепь Высокий",,"Двигатель Охлаждающая жидкость Level Датчик/Switch Цепь Высокий"
"P2560","P","app-only","Двигатель Охлаждающая жидкость Level Низкий",,"Двигатель Охлаждающая жидкость Level Низкий"
"P2561","P","app-only","A/C Управление Модуль Requested MIL Illumination",,"A/C Управление Модуль Requested MIL Illumination"
"P2562","P","app-only","Турбонагнетатель Наддув Управление Положение Датчик Цепь",,"Турбонагнетатель Наддув Управление Положение Датчик Цепь"
"P2563","P","app-only","Турбонагнетатель Наддув Управление Положение Датчик Цепь Диапазон/Производительность",,"Турбонагнетатель Наддув Управление Положение Датчик Цепь Диапазон/Производительность"
"P2564","P","app-only","Турбонагнетатель Наддув Управление Положение Датчик Цепь Низкий",,"Турбонагнетатель Наддув Управление Положение Датчик Цепь Низкий"
"P2565","P","app-only","Турбонагнетатель Наддув Управление Положение Датчик Цепь Высокий",,"Турбонагнетатель Наддув Управление Положение Датчик Цепь Высокий"
"P2566","P","app-only","Турбонагнетатель Наддув Управление Положение Датчик Цепь Прерывистый",,"Турбонагнетатель Наддув Управление Положение Датчик Цепь Прерывистый"
"P2567","P","app-only","Direct Ozone Reduction Катализатор Температура Датчик Цепь",,"Direct Ozone Reduction Катализатор Температура Датчик Цепь"
"P2568","P","app-only","Direct Ozone Reduction Катализатор Температура Датчик Цепь Диапазон/Производительность",,"Direct Ozone Reduction Катализатор Температура Датчик Цепь Диапазон/Производительность"
"P2569","P","app-only","Direct Ozone Reduction Катализатор Температура Датчик Цепь Низкий",,"Direct Ozone Reduction Катализатор Температура Датчик Цепь Низкий"
"P2570","P","app-only","Direct Ozone Reduction Катализатор Температура Датчик Цепь Высокий",,"Direct Ozone Reduction Катализатор Температура Датчик Цепь Высокий"
"P2571","P","app-only","Direct Ozone Reduction Катализатор Температура Датчик Цепь Прерывистый/Нестабильный",,"Direct Ozone Reduction Катализатор Температура Датчик Цепь Прерывистый/Нестабильный"
"P2572","P","app-only","Direct Ozone Reduction Катализатор Deterioration Датчик Цепь",,"Direct Ozone Reduction Катализатор Deterioration Датчик Цепь"
"P2573","P","app-only","Direct Ozone Reduction Катализатор Deterioration Датчик Цепь Диапазон/Производительность",,"Direct Ozone Reduction Катализатор Deterioration Датчик Цепь Диапазон/Производительность"
"P2574","P","app-only","Direct Ozone Reduction Катализатор Deterioration Датчик Цепь Низкий",,"Direct Ozone Reduction Катализатор Deterioration Датчик Цепь Низкий"
"P2575","P","app-only","Direct Ozone Reduction Катализатор Deterioration Датчик Цепь Высокий",,"Direct Ozone Reduction Катализатор Deterioration Датчик Цепь Высокий"
"P2576","P","app-only","Direct Ozone Reduction Катализатор Deterioration Датчик Цепь Прерывистый/Нестабильный",,"Direct Ozone Reduction Катализатор Deterioration Датчик Цепь Прерывистый/Нестабильный"
"P2577","P","app-only","Direct Ozone Reduction Катализатор Эффективность Ниже порога",,"Direct Ozone Reduction Катализатор Эффективность Ниже порога"
"P2600","P","app-only","Охлаждающая жидкость Насос Управление Цепь/Обрыв",,"Охлаждающая жидкость Насос Управление Цепь/Обрыв"
"P2601","P","app-only","Охлаждающая жидкость Насос Управление Цепь Диапазон/Производительность",,"Охлаждающая жидкость Насос Управление Цепь Диапазон/Производительность"
"P2602","P","app-only","Охлаждающая жидкость Насос Управление Цепь Низкий",,"Охлаждающая жидкость Насос Управление Цепь Низкий"
"P2603","P","app-only","Охлаждающая жидкость Насос Управление Цепь Высокий",,"Охлаждающая жидкость Насос Управление Цепь Высокий"
"P2604","P","app-only","Впуск Воздух Нагреватель ",,"Впуск Воздух Нагреватель "
"P2605","P","app-only","Впуск Воздух Нагреватель ",,"Впуск Воздух Нагреватель "
"P2606","P","app-only","Впуск Воздух Нагреватель ",,"Впуск Воздух Нагреватель "
"P2607","P","app-only","Впуск Воздух Нагреватель ",,"Впуск Воздух Нагреватель "
"P2608","P","app-only","Впуск Воздух Нагреватель ",,"Впуск Воздух Нагреватель "
"P2609","P","app-only","Впуск Воздух Нагреватель Система Производительность",,"Впуск Воздух Нагреватель Система Производительность"
"P2610","P","app-only","Блок управления двигателем/Блок управления двигателем Internal Двигатель Off Timer Производительность",,"Блок управления двигателем/Блок управления двигателем Internal Двигатель Off Timer Производительность"
"P2611","P","app-only","A/C Refrigerant Distribution Клапан Управление Цепь/Обрыв",,"A/C Refrigerant Distribution Клапан Управление Цепь/Обрыв"
"P2612","P","app-only","A/C Refrigerant Distribution Клапан Управление Цепь Низкий",,"A/C Refrigerant Distribution Клапан Управление Цепь Низкий"
"P2613","P","app-only","A/C Refrigerant Distribution Клапан Управление Цепь Высокий",,"A/C Refrigerant Distribution Клапан Управление Цепь Высокий"
"P2614","P","app-only","Распредвал Положение Сигнал Выход Цепь/Обрыв",,"Распредвал Положение Сигнал Выход Цепь/Обрыв"
"P2615","P","app-only","Распредвал Положение Сигнал Выход Цепь Низкий",,"Распредвал Положение Сигнал Выход Цепь Низкий"
"P2616","P","app-only","Распредвал Положение Сигнал Выход Цепь Высокий",,"Распредвал Положение Сигнал Выход Цепь Высокий"
"P2617","P","app-only","Коленвал Положение Сигнал Выход Цепь/Обрыв",,"Коленвал Положение Сигнал Выход Цепь/Обрыв"
"P2618","P","app-only","Коленвал Положение Сигнал Выход Цепь Низкий",,"Коленвал Положение Сигнал Выход Цепь Низкий"
"P2619","P","app-only","Коленвал Положение Сигнал Выход Цепь Высокий",,"Коленвал Положение Сигнал Выход Цепь Высокий"
"P2620","P","app-only","Положение дроссельной заслонки Выход Цепь/Обрыв",,"Положение дроссельной заслонки Выход Цепь/Обрыв"
"P2621","P","app-only","Положение дроссельной заслонки Выход Цепь Низкий",,"Положение дроссельной заслонки Выход Цепь Низкий"
"P2622","P","app-only","Положение дроссельной заслонки Выход Цепь Высокий",,"Положение дроссельной заслонки Выход Цепь Высокий"
"P2623","P","app-only","Форсунка Управление Давление Регулятор Цепь/Обрыв",,"Форсунка Управление Давление Регулятор Цепь/Обрыв"
"P2624","P","app-only","Форсунка Управление Давление Регулятор Цепь Низкий",,"Форсунка Управление Давление Регулятор Цепь Низкий"
"P2625","P","app-only","Форсунка Управление Давление Регулятор Цепь Высокий",,"Форсунка Управление Давление Регулятор Цепь Высокий"
"P2626","P","app-only","O2 Датчик Pumping Current Коррекция Цепь/Обрыв",,"O2 Датчик Pumping Current Коррекция Цепь/Обрыв"
"P2627","P","app-only","O2 Датчик Pumping Current Коррекция Цепь Низкий",,"O2 Датчик Pumping Current Коррекция Цепь Низкий"
"P2628","P","app-only","O2 Датчик Pumping Current Коррекция Цепь Высокий",,"O2 Датчик Pumping Current Коррекция Цепь Высокий"
"P2629","P","app-only","O2 Датчик Pumping Current Коррекция Цепь/Обрыв",,"O2 Датчик Pumping Current Коррекция Цепь/Обрыв"
"P2630","P","app-only","O2 Датчик Pumping Current Коррекция Цепь Низкий",,"O2 Датчик Pumping Current Коррекция Цепь Низкий"
"P2631","P","app-only","O2 Датчик Pumping Current Коррекция Цепь Высокий",,"O2 Датчик Pumping Current Коррекция Цепь Высокий"
"P2632","P","app-only","Топливо Насос ",,"Топливо Насос "
"P2633","P","app-only","Топливо Насос ",,"Топливо Насос "
"P2634","P","app-only","Топливо Насос ",,"Топливо Насос "
"P2635","P","app-only","Топливо Насос ",,"Топливо Насос "
"P2636","P","app-only","Топливо Насос ",,"Топливо Насос "
"P2637","P","app-only","Torque Management Feedback Сигнал ",,"Torque Management Feedback Сигнал "
"P2638","P","app-only","Torque Management Feedback Сигнал ",,"Torque Management Feedback Сигнал "
"P2639","P","app-only","Torque Management Feedback Сигнал ",,"Torque Management Feedback Сигнал "
"P2640","P","app-only","Torque Management Feedback Сигнал ",,"Torque Management Feedback Сигнал "
"P2641","P","app-only","Torque Management Feedback Сигнал ",,"Torque Management Feedback Сигнал "
"P2642","P","app-only","Torque Management Feedback Сигнал ",,"Torque Management Feedback Сигнал "
"P2643","P","app-only","Torque Management Feedback Сигнал ",,"Torque Management Feedback Сигнал "
"P2644","P","app-only","Torque Management Feedback Сигнал ",,"Torque Management Feedback Сигнал "
"P2645","P","app-only","A",,"A"
"P2646","P","app-only","A",,"A"
"P2647","P","app-only","A",,"A"
"P2648","P","app-only","A",,"A"
"P2649","P","app-only","A",,"A"
"P2650","P","app-only","B",,"B"
"P2651","P","app-only","B",,"B"
"P2652","P","app-only","B",,"B"
"P2653","P","app-only","B",,"B"
"P2654","P","app-only","B",,"B"
"P2655","P","app-only","A",,"A"
"P2656","P","app-only","A",,"A"
"P2657","P","app-only","A",,"A"
"P2658","P","app-only","A",,"A"
"P2659","P","app-only","A",,"A"
"P2660","P","app-only","B",,"B"
"P2661","P","app-only","B",,"B"
"P2662","P","app-only","B",,"B"
"P2663","P","app-only","B",,"B"
"P2664","P","app-only","B",,"B"
"P2665","P","app-only","Топливо Отключение Клапан ",,"Топливо Отключение Клапан "
"P2666","P","app-only","Топливо Отключение Клапан ",,"Топливо Отключение Клапан "
"P2667","P","app-only","Топливо Отключение Клапан ",,"Топливо Отключение Клапан "
"P2668","P","app-only","Топливо Mode Индикатор Лампа Управление Цепь",,"Топливо Mode Индикатор Лампа Управление Цепь"
"P2669","P","app-only","Привод Supply Напряжение ",,"Привод Supply Напряжение "
"P2670","P","app-only","Привод Supply Напряжение ",,"Привод Supply Напряжение "
"P2671","P","app-only","Привод Supply Напряжение ",,"Привод Supply Напряжение "
"P2700","P","app-only","Трансмиссия Friction Element ",,"Трансмиссия Friction Element "
"P2701","P","app-only","Трансмиссия Friction Element ",,"Трансмиссия Friction Element "
"P2702","P","app-only","Трансмиссия Friction Element ",,"Трансмиссия Friction Element "
"P2703","P","app-only","Трансмиссия Friction Element ",,"Трансмиссия Friction Element "
"P2704","P","app-only","Трансмиссия Friction Element ",,"Трансмиссия Friction Element "
"P2705","P","app-only","Трансмиссия Friction Element ",,"Трансмиссия Friction Element "
"P2706","P","app-only","Shift Соленоид ",,"Shift Соленоид "
"P2707","P","app-only","Shift Соленоид ",,"Shift Соленоид "
"P2708","P","app-only","Shift Соленоид ",,"Shift Соленоид "
"P2709","P","app-only","Shift Соленоид ",,"Shift Соленоид "
"P2710","P","app-only","Shift Соленоид ",,"Shift Соленоид "
"P2711","P","app-only","Unexpected Mechanical Gear Disengagement",,"Unexpected Mechanical Gear Disengagement"
"P2712","P","app-only","Hydraulic Power Unit Leakage",,"Hydraulic Power Unit Leakage"
"P2713","P","app-only","Давление Управление Соленоид ",,"Давление Управление Соленоид "
"P2714","P","app-only","Давление Управление Соленоид ",,"Давление Управление Соленоид "
"P2715","P","app-only","Давление Управление Соленоид ",,"Давление Управление Соленоид "
"P2716","P","app-only","Давление Управление Соленоид ",,"Давление Управление Соленоид "
"P2717","P","app-only","Давление Управление Соленоид ",,"Давление Управление Соленоид "
"P2718","P","app-only","Давление Управление Соленоид ",,"Давление Управление Соленоид "
"P2719","P","app-only","Давление Управление Соленоид ",,"Давление Управление Соленоид "
"P2720","P","app-only","Давление Управление Соленоид ",,"Давление Управление Соленоид "
"P2721","P","app-only","Давление Управление Соленоид ",,"Давление Управление Соленоид "
"P2722","P","app-only","Давление Управление Соленоид ",,"Давление Управление Соленоид "
"P2723","P","app-only","Давление Управление Соленоид ",,"Давление Управление Соленоид "
"P2724","P","app-only","Давление Управление Соленоид ",,"Давление Управление Соленоид "
"P2725","P","app-only","Давление Управление Соленоид ",,"Давление Управление Соленоид "
"P2726","P","app-only","Давление Управление Соленоид ",,"Давление Управление Соленоид "
"P2727","P","app-only","Давление Управление Соленоид ",,"Давление Управление Соленоид "
"P2728","P","app-only","Давление Управление Соленоид ",,"Давление Управление Соленоид "
"P2729","P","app-only","Давление Управление Соленоид ",,"Давление Управление Соленоид "
"P2730","P","app-only","Давление Управление Соленоид ",,"Давление Управление Соленоид "
"P2731","P","app-only","Давление Управление Соленоид ",,"Давление Управление Соленоид "
"P2732","P","app-only","Давление Управление Соленоид ",,"Давление Управление Соленоид "
"P2733","P","app-only","Давление Управление Соленоид ",,"Давление Управление Соленоид "
"P2734","P","app-only","Давление Управление Соленоид ",,"Давление Управление Соленоид "
"P2735","P","app-only","Давление Управление Соленоид ",,"Давление Управление Соленоид "
"P2736","P","app-only","Давление Управление Соленоид ",,"Давление Управление Соленоид "
"P2737","P","app-only","Давление Управление Соленоид ",,"Давление Управление Соленоид "
"P2738","P","app-only","Давление Управление Соленоид ",,"Давление Управление Соленоид "
"P2739","P","app-only","Давление Управление Соленоид ",,"Давление Управление Соленоид "
"P2740","P","app-only","Трансмиссия Fluid Температура Датчик ",,"Трансмиссия Fluid Температура Датчик "
"P2741","P","app-only","Трансмиссия Fluid Температура Датчик ",,"Трансмиссия Fluid Температура Датчик "
"P2742","P","app-only","Трансмиссия Fluid Температура Датчик ",,"Трансмиссия Fluid Температура Датчик "
"P2743","P","app-only","Трансмиссия Fluid Температура Датчик ",,"Трансмиссия Fluid Температура Датчик "
"P2744","P","app-only","Трансмиссия Fluid Температура Датчик ",,"Трансмиссия Fluid Температура Датчик "
"P2745","P","app-only","Intermediate Shaft Скорость Датчик ",,"Intermediate Shaft Скорость Датчик "
"P2746","P","app-only","Intermediate Shaft Скорость Датчик ",,"Intermediate Shaft Скорость Датчик "
"P2747","P","app-only","Intermediate Shaft Скорость Датчик ",,"Intermediate Shaft Скорость Датчик "
"P2748","P","app-only","Intermediate Shaft Скорость Датчик ",,"Intermediate Shaft Скорость Датчик "
"P2749","P","app-only","Intermediate Shaft Скорость Датчик ",,"Intermediate Shaft Скорость Датчик "
"P2750","P","app-only","Intermediate Shaft Скорость Датчик ",,"Intermediate Shaft Скорость Датчик "
"P2751","P","app-only","Intermediate Shaft Скорость Датчик ",,"Intermediate Shaft Скорость Датчик "
"P2752","P","app-only","Intermediate Shaft Скорость Датчик ",,"Intermediate Shaft Скорость Датчик "
"P2753","P","app-only","Трансмиссия Fluid Cooler Управление Цепь/Обрыв",,"Трансмиссия Fluid Cooler Управление Цепь/Обрыв"
"P2754","P","app-only","Трансмиссия Fluid Cooler Управление Цепь Низкий",,"Трансмиссия Fluid Cooler Управление Цепь Низкий"
"P2755","P","app-only","Трансмиссия Fluid Cooler Управление Цепь Высокий",,"Трансмиссия Fluid Cooler Управление Цепь Высокий"
"P2756","P","app-only","Torque Converter Clutch Давление Управление Соленоид",,"Torque Converter Clutch Давление Управление Соленоид"
"P2757","P","app-only","Torque Converter Clutch Давление Управление Соленоид Управление Цепь Производительность or Заклинило Off",,"Torque Converter Clutch Давление Управление Соленоид Управление Цепь Производительность or Заклинило Off"
"P2758","P","app-only","Torque Converter Clutch Давление Управление Соленоид Управление Цепь Заклинило On",,"Torque Converter Clutch Давление Управление Соленоид Управление Цепь Заклинило On"
"P2759","P","app-only","Torque Converter Clutch Давление Управление Соленоид Управление Цепь Electrical",,"Torque Converter Clutch Давление Управление Соленоид Управление Цепь Electrical"
"P2760","P","app-only","Torque Converter Clutch Давление Управление Соленоид Управление Цепь Прерывистый",,"Torque Converter Clutch Давление Управление Соленоид Управление Цепь Прерывистый"
"P2761","P","app-only","Torque Converter Clutch Давление Управление Соленоид Управление Цепь/Обрыв",,"Torque Converter Clutch Давление Управление Соленоид Управление Цепь/Обрыв"
"P2762","P","app-only","Torque Converter Clutch Давление Управление Соленоид Управление Цепь Диапазон/Производительность",,"Torque Converter Clutch Давление Управление Соленоид Управление Цепь Диапазон/Производительность"
"P2763","P","app-only","Torque Converter Clutch Давление Управление Соленоид Управление Цепь Высокий",,"Torque Converter Clutch Давление Управление Соленоид Управление Цепь Высокий"
"P2764","P","app-only","Torque Converter Clutch Давление Управление Соленоид Управление Цепь Низкий",,"Torque Converter Clutch Давление Управление Соленоид Управление Цепь Низкий"
"P2765","P","app-only","Вход/Турбина Скорость Датчик ",,"Вход/Турбина Скорость Датчик "
"P2766","P","app-only","Вход/Турбина Скорость Датчик ",,"Вход/Турбина Скорость Датчик "
"P2767","P","app-only","Вход/Турбина Скорость Датчик ",,"Вход/Турбина Скорость Датчик "
"P2768","P","app-only","Вход/Турбина Скорость Датчик ",,"Вход/Турбина Скорость Датчик "
"P2769","P","app-only","Torque Converter Clutch Цепь Низкий",,"Torque Converter Clutch Цепь Низкий"
"P2770","P","app-only","Torque Converter Clutch Цепь Высокий",,"Torque Converter Clutch Цепь Высокий"
"P2771","P","app-only","Four Wheel Drive (4WD) Низкий Switch Цепь",,"Four Wheel Drive (4WD) Низкий Switch Цепь"
"P2772","P","app-only","Four Wheel Drive (4WD) Низкий Switch Цепь Диапазон/Производительность",,"Four Wheel Drive (4WD) Низкий Switch Цепь Диапазон/Производительность"
"P2773","P","app-only","Four Wheel Drive (4WD) Низкий Switch Цепь Низкий",,"Four Wheel Drive (4WD) Низкий Switch Цепь Низкий"
"P2774","P","app-only","Four Wheel Drive (4WD) Низкий Switch Цепь Высокий",,"Four Wheel Drive (4WD) Низкий Switch Цепь Высокий"
"P2775","P","app-only","Upshift Switch Цепь Диапазон/Производительность",,"Upshift Switch Цепь Диапазон/Производительность"
"P2776","P","app-only","Upshift Switch Цепь Низкий",,"Upshift Switch Цепь Низкий"
"P2777","P","app-only","Upshift Switch Цепь Высокий",,"Upshift Switch Цепь Высокий"
"P2778","P","app-only","Upshift Switch Цепь Прерывистый/Нестабильный",,"Upshift Switch Цепь Прерывистый/Нестабильный"
"P2779","P","app-only","Downshift Switch Цепь Диапазон/Производительность",,"Downshift Switch Цепь Диапазон/Производительность"
"P2780","P","app-only","Downshift Switch Цепь Низкий",,"Downshift Switch Цепь Низкий"
"P2781","P","app-only","Downshift Switch Цепь Высокий",,"Downshift Switch Цепь Высокий"
"P2782","P","app-only","Downshift Switch Цепь Прерывистый/Нестабильный",,"Downshift Switch Цепь Прерывистый/Нестабильный"
"P2783","P","app-only","Torque Converter Температура Слишком высокий",,"Torque Converter Температура Слишком высокий"
"P2784","P","app-only","Вход/Турбина Скорость Датчик ",,"Вход/Турбина Скорость Датчик "
"P2785","P","app-only","Clutch Привод Температура Слишком высокий",,"Clutch Привод Температура Слишком высокий"
"P2786","P","app-only","Gear Shift Привод Температура Слишком высокий",,"Gear Shift Привод Температура Слишком высокий"
"P2787","P","app-only","Clutch Температура Слишком высокий",,"Clutch Температура Слишком высокий"
"P2788","P","app-only","Auto Shift Manual Adaptive Learning at Limit",,"Auto Shift Manual Adaptive Learning at Limit"
"P2789","P","app-only","Clutch Adaptive Learning at Limit",,"Clutch Adaptive Learning at Limit"
"P2790","P","app-only","Gate Select Direction Цепь",,"Gate Select Direction Цепь"
"P2791","P","app-only","Gate Select Direction Цепь Низкий",,"Gate Select Direction Цепь Низкий"
"P2792","P","app-only","Gate Select Direction Цепь Высокий",,"Gate Select Direction Цепь Высокий"
"P2793","P","app-only","Gear Shift Direction Цепь",,"Gear Shift Direction Цепь"
"P2794","P","app-only","Gear Shift Direction Цепь Низкий",,"Gear Shift Direction Цепь Низкий"
"P2795","P","app-only","Gear Shift Direction Цепь Высокий",,"Gear Shift Direction Цепь Высокий"
"P2A00","P","app-only","O2 Датчик Цепь Диапазон/Производительность",,"O2 Датчик Цепь Диапазон/Производительность"
"P2A01","P","app-only","O2 Датчик Цепь Диапазон/Производительность",,"O2 Датчик Цепь Диапазон/Производительность"
"P2A02","P","app-only","O2 Датчик Цепь Диапазон/Производительность",,"O2 Датчик Цепь Диапазон/Производительность"
"P2A03","P","app-only","O2 Датчик Цепь Диапазон/Производительность",,"O2 Датчик Цепь Диапазон/Производительность"
"P2A04","P","app-only","O2 Датчик Цепь Диапазон/Производительность",,"O2 Датчик Цепь Диапазон/Производительность"
"P2A05","P","app-only","O2 Датчик Цепь Диапазон/Производительность",,"O2 Датчик Цепь Диапазон/Производительность"
"P3400","P","app-only","Цилиндр Deactivation Система",,"Цилиндр Deactivation Система"
"P3401","P","app-only","Цилиндр 1 Deactivation/lntake Клапан Управление Цепь/Обрыв",,"Цилиндр 1 Deactivation/lntake Клапан Управление Цепь/Обрыв"
"P3402","P","app-only","Цилиндр 1 Deactivation/lntake Клапан Управление Производительность",,"Цилиндр 1 Deactivation/lntake Клапан Управление Производительность"
"P3403","P","app-only","Цилиндр 1 Deactivation/lntake Клапан Управление Цепь Низкий",,"Цилиндр 1 Deactivation/lntake Клапан Управление Цепь Низкий"
"P3404","P","app-only","Цилиндр 1 Deactivation/lntake Клапан Управление Цепь Высокий",,"Цилиндр 1 Deactivation/lntake Клапан Управление Цепь Высокий"
"P3405","P","app-only","Цилиндр 1 Выхлоп Клапан Управление Цепь/Обрыв",,"Цилиндр 1 Выхлоп Клапан Управление Цепь/Обрыв"
"P3406","P","app-only","Цилиндр 1 Выхлоп Клапан Управление Производительность",,"Цилиндр 1 Выхлоп Клапан Управление Производительность"
"P3407","P","app-only","Цилиндр 1 Выхлоп Клапан Управление Цепь Низкий",,"Цилиндр 1 Выхлоп Клапан Управление Цепь Низкий"
"P3408","P","app-only","Цилиндр 1 Выхлоп Клапан Управление Цепь Высокий",,"Цилиндр 1 Выхлоп Клапан Управление Цепь Высокий"
"P3409","P","app-only","Цилиндр 2 Deactivation/lntake Клапан Управление Цепь/Обрыв",,"Цилиндр 2 Deactivation/lntake Клапан Управление Цепь/Обрыв"
"P3410","P","app-only","Цилиндр 2 Deactivation/lntake Клапан Управление Производительность",,"Цилиндр 2 Deactivation/lntake Клапан Управление Производительность"
"P3411","P","app-only","Цилиндр 2 Deactivation/lntake Клапан Управление Цепь Низкий",,"Цилиндр 2 Deactivation/lntake Клапан Управление Цепь Низкий"
"P3412","P","app-only","Цилиндр 2 Deactivation/lntake Клапан Управление Цепь Высокий",,"Цилиндр 2 Deactivation/lntake Клапан Управление Цепь Высокий"
"P3413","P","app-only","Цилиндр 2 Выхлоп Клапан Управление Цепь/Обрыв",,"Цилиндр 2 Выхлоп Клапан Управление Цепь/Обрыв"
"P3414","P","app-only","Цилиндр 2 Выхлоп Клапан Управление Производительность",,"Цилиндр 2 Выхлоп Клапан Управление Производительность"
"P3415","P","app-only","Цилиндр 2 Выхлоп Клапан Управление Цепь Низкий",,"Цилиндр 2 Выхлоп Клапан Управление Цепь Низкий"
"P3416","P","app-only","Цилиндр 2 Выхлоп Клапан Управление Цепь Высокий",,"Цилиндр 2 Выхлоп Клапан Управление Цепь Высокий"
"P3417","P","app-only","Цилиндр 3 Deactivation/lntake Клапан Управление Цепь/Обрыв",,"Цилиндр 3 Deactivation/lntake Клапан Управление Цепь/Обрыв"
"P3418","P","app-only","Цилиндр 3 Deactivation/lntake Клапан Управление Производительность",,"Цилиндр 3 Deactivation/lntake Клапан Управление Производительность"
"P3419","P","app-only","Цилиндр 3 Deactivation/lntake Клапан Управление Цепь Низкий",,"Цилиндр 3 Deactivation/lntake Клапан Управление Цепь Низкий"
"P3420","P","app-only","Цилиндр 3 Deactivation/lntake Клапан Управление Цепь Высокий",,"Цилиндр 3 Deactivation/lntake Клапан Управление Цепь Высокий"
"P3421","P","app-only","Цилиндр 3 Выхлоп Клапан Управление Цепь/Обрыв",,"Цилиндр 3 Выхлоп Клапан Управление Цепь/Обрыв"
"P3422","P","app-only","Цилиндр 3 Выхлоп Клапан Управление Производительность",,"Цилиндр 3 Выхлоп Клапан Управление Производительность"
"P3423","P","app-only","Цилиндр 3 Выхлоп Клапан Управление Цепь Низкий",,"Цилиндр 3 Выхлоп Клапан Управление Цепь Низкий"
"P3424","P","app-only","Цилиндр 3 Выхлоп Клапан Управление Цепь Высокий",,"Цилиндр 3 Выхлоп Клапан Управление Цепь Высокий"
"P3425","P","app-only","Цилиндр 4 Deactivation/lntake Клапан Управление Цепь/Обрыв",,"Цилиндр 4 Deactivation/lntake Клапан Управление Цепь/Обрыв"
"P3426","P","app-only","Цилиндр 4 Deactivation/lntake Клапан Управление Производительность",,"Цилиндр 4 Deactivation/lntake Клапан Управление Производительность"
"P3427","P","app-only","Цилиндр 4 Deactivation/lntake Клапан Управление Цепь Низкий",,"Цилиндр 4 Deactivation/lntake Клапан Управление Цепь Низкий"
"P3428","P","app-only","Цилиндр 4 Deactivation/lntake Клапан Управление Цепь Высокий",,"Цилиндр 4 Deactivation/lntake Клапан Управление Цепь Высокий"
"P3429","P","app-only","Цилиндр 4 Выхлоп Клапан Управление Цепь/Обрыв",,"Цилиндр 4 Выхлоп Клапан Управление Цепь/Обрыв"
"P3430","P","app-only","Цилиндр 4 Выхлоп Клапан Управление Производительность",,"Цилиндр 4 Выхлоп Клапан Управление Производительность"
"P3431","P","app-only","Цилиндр 4 Выхлоп Клапан Управление Цепь Низкий",,"Цилиндр 4 Выхлоп Клапан Управление Цепь Низкий"
"P3432","P","app-only","Цилиндр 4 Выхлоп Клапан Управление Цепь Высокий",,"Цилиндр 4 Выхлоп Клапан Управление Цепь Высокий"
"P3433","P","app-only","Цилиндр 5 Deactivation/lntake Клапан Управление Цепь/Обрыв",,"Цилиндр 5 Deactivation/lntake Клапан Управление Цепь/Обрыв"
"P3434","P","app-only","Цилиндр 5 Deactivation/lntake Клапан Управление Производительность",,"Цилиндр 5 Deactivation/lntake Клапан Управление Производительность"
"P3435","P","app-only","Цилиндр 5 Deactivation/lntake Клапан Управление Цепь Низкий",,"Цилиндр 5 Deactivation/lntake Клапан Управление Цепь Низкий"
"P3436","P","app-only","Цилиндр 5 Deactivation/lntake Клапан Управление Цепь Высокий",,"Цилиндр 5 Deactivation/lntake Клапан Управление Цепь Высокий"
"P3437","P","app-only","Цилиндр 5 Выхлоп Клапан Управление Цепь/Обрыв",,"Цилиндр 5 Выхлоп Клапан Управление Цепь/Обрыв"
"P3438","P","app-only","Цилиндр 5 Выхлоп Клапан Управление Производительность",,"Цилиндр 5 Выхлоп Клапан Управление Производительность"
"P3439","P","app-only","Цилиндр 5 Выхлоп Клапан Управление Цепь Низкий",,"Цилиндр 5 Выхлоп Клапан Управление Цепь Низкий"
"P3440","P","app-only","Цилиндр 5 Выхлоп Клапан Управление Цепь Высокий",,"Цилиндр 5 Выхлоп Клапан Управление Цепь Высокий"
"P3441","P","app-only","Цилиндр 6 Deactivation/lntake Клапан Управление Цепь/Обрыв",,"Цилиндр 6 Deactivation/lntake Клапан Управление Цепь/Обрыв"
"P3442","P","app-only","Цилиндр 6 Deactivation/lntake Клапан Управление Производительность",,"Цилиндр 6 Deactivation/lntake Клапан Управление Производительность"
"P3443","P","app-only","Цилиндр 6 Deactivation/lntake Клапан Управление Цепь Низкий",,"Цилиндр 6 Deactivation/lntake Клапан Управление Цепь Низкий"
"P3444","P","app-only","Цилиндр 6 Deactivation/lntake Клапан Управление Цепь Высокий",,"Цилиндр 6 Deactivation/lntake Клапан Управление Цепь Высокий"
"P3445","P","app-only","Цилиндр 6 Выхлоп Клапан Управление Цепь/Обрыв",,"Цилиндр 6 Выхлоп Клапан Управление Цепь/Обрыв"
"P3446","P","app-only","Цилиндр 6 Выхлоп Клапан Управление Производительность",,"Цилиндр 6 Выхлоп Клапан Управление Производительность"
"P3447","P","app-only","Цилиндр 6 Выхлоп Клапан Управление Цепь Низкий",,"Цилиндр 6 Выхлоп Клапан Управление Цепь Низкий"
"P3448","P","app-only","Цилиндр 6 Выхлоп Клапан Управление Цепь Высокий",,"Цилиндр 6 Выхлоп Клапан Управление Цепь Высокий"
"P3449","P","app-only","Цилиндр 7 Deactivation/lntake Клапан Управление Цепь/Обрыв",,"Цилиндр 7 Deactivation/lntake Клапан Управление Цепь/Обрыв"
"P3450","P","app-only","Цилиндр 7 Deactivation/lntake Клапан Управление Производительность",,"Цилиндр 7 Deactivation/lntake Клапан Управление Производительность"
"P3451","P","app-only","Цилиндр 7 Deactivation/lntake Клапан Управление Цепь Низкий",,"Цилиндр 7 Deactivation/lntake Клапан Управление Цепь Низкий"
"P3452","P","app-only","Цилиндр 7 Deactivation/lntake Клапан Управление Цепь Высокий",,"Цилиндр 7 Deactivation/lntake Клапан Управление Цепь Высокий"
"P3453","P","app-only","Цилиндр 7 Выхлоп Клапан Управление Цепь/Обрыв",,"Цилиндр 7 Выхлоп Клапан Управление Цепь/Обрыв"
"P3454","P","app-only","Цилиндр 7 Выхлоп Клапан Управление Производительность",,"Цилиндр 7 Выхлоп Клапан Управление Производительность"
"P3455","P","app-only","Цилиндр 7 Выхлоп Клапан Управление Цепь Низкий",,"Цилиндр 7 Выхлоп Клапан Управление Цепь Низкий"
"P3456","P","app-only","Цилиндр 7 Выхлоп Клапан Управление Цепь Высокий",,"Цилиндр 7 Выхлоп Клапан Управление Цепь Высокий"
"P3457","P","app-only","Цилиндр 8 Deactivation/lntake Клапан Управление Цепь/Обрыв",,"Цилиндр 8 Deactivation/lntake Клапан Управление Цепь/Обрыв"
"P3458","P","app-only","Цилиндр 8 Deactivation/lntake Клапан Управление Производительность",,"Цилиндр 8 Deactivation/lntake Клапан Управление Производительность"
"P3459","P","app-only","Цилиндр 8 Deactivation/lntake Клапан Управление Цепь Низкий",,"Цилиндр 8 Deactivation/lntake Клапан Управление Цепь Низкий"
"P3460","P","app-only","Цилиндр 8 Deactivation/lntake Клапан Управление Цепь Высокий",,"Цилиндр 8 Deactivation/lntake Клапан Управление Цепь Высокий"
"P3461","P","app-only","Цилиндр 8 Выхлоп Клапан Управление Цепь/Обрыв",,"Цилиндр 8 Выхлоп Клапан Управление Цепь/Обрыв"
"P3462","P","app-only","Цилиндр 8 Выхлоп Клапан Управление Производительность",,"Цилиндр 8 Выхлоп Клапан Управление Производительность"
"P3463","P","app-only","Цилиндр 8 Выхлоп Клапан Управление Цепь Низкий",,"Цилиндр 8 Выхлоп Клапан Управление Цепь Низкий"
"P3464","P","app-only","Цилиндр 8 Выхлоп Клапан Управление Цепь Высокий",,"Цилиндр 8 Выхлоп Клапан Управление Цепь Высокий"
"P3465","P","app-only","Цилиндр 9 Deactivation/lntake Клапан Управление Цепь/Обрыв",,"Цилиндр 9 Deactivation/lntake Клапан Управление Цепь/Обрыв"
"P3466","P","app-only","Цилиндр 9 Deactivation/lntake Клапан Управление Производительность",,"Цилиндр 9 Deactivation/lntake Клапан Управление Производительность"
"P3467","P","app-only","Цилиндр 9 Deactivation/lntake Клапан Управление Цепь Низкий",,"Цилиндр 9 Deactivation/lntake Клапан Управление Цепь Низкий"
"P3468","P","app-only","Цилиндр 9 Deactivation/lntake Клапан Управление Цепь Высокий",,"Цилиндр 9 Deactivation/lntake Клапан Управление Цепь Высокий"
"P3469","P","app-only","Цилиндр 9 Выхлоп Клапан Управление Цепь/Обрыв",,"Цилиндр 9 Выхлоп Клапан Управление Цепь/Обрыв"
"P3470","P","app-only","Цилиндр 9 Выхлоп Клапан Управление Производительность",,"Цилиндр 9 Выхлоп Клапан Управление Производительность"
"P3471","P","app-only","Цилиндр 9 Выхлоп Клапан Управление Цепь Низкий",,"Цилиндр 9 Выхлоп Клапан Управление Цепь Низкий"
"P3472","P","app-only","Цилиндр 9 Выхлоп Клапан Управление Цепь Высокий",,"Цилиндр 9 Выхлоп Клапан Управление Цепь Высокий"
"P3473","P","app-only","Цилиндр 10 Deactivation/lntake Клапан Управление Цепь/Обрыв",,"Цилиндр 10 Deactivation/lntake Клапан Управление Цепь/Обрыв"
"P3474","P","app-only","Цилиндр 10 Deactivation/lntake Клапан Управление Производительность",,"Цилиндр 10 Deactivation/lntake Клапан Управление Производительность"
"P3475","P","app-only","Цилиндр 10 Deactivation/lntake Клапан Управление Цепь Низкий",,"Цилиндр 10 Deactivation/lntake Клапан Управление Цепь Низкий"
"P3476","P","app-only","Цилиндр 10 Deactivation/lntake Клапан Управление Цепь Высокий",,"Цилиндр 10 Deactivation/lntake Клапан Управление Цепь Высокий"
"P3477","P","app-only","Цилиндр 10 Выхлоп Клапан Управление Цепь/Обрыв",,"Цилиндр 10 Выхлоп Клапан Управление Цепь/Обрыв"
"P3478","P","app-only","Цилиндр 10 Выхлоп Клапан Управление Производительность",,"Цилиндр 10 Выхлоп Клапан Управление Производительность"
"P3479","P","app-only","Цилиндр 10 Выхлоп Клапан Управление Цепь Низкий",,"Цилиндр 10 Выхлоп Клапан Управление Цепь Низкий"
"P3480","P","app-only","Цилиндр 10 Выхлоп Клапан Управление Цепь Высокий",,"Цилиндр 10 Выхлоп Клапан Управление Цепь Высокий"
"P3481","P","app-only","Цилиндр 11 Deactivation/lntake Клапан Управление Цепь/Обрыв",,"Цилиндр 11 Deactivation/lntake Клапан Управление Цепь/Обрыв"
"P3482","P","app-only","Цилиндр 11 Deactivation/lntake Клапан Управление Производительность",,"Цилиндр 11 Deactivation/lntake Клапан Управление Производительность"
"P3483","P","app-only","Цилиндр 11 Deactivation/lntake Клапан Управление Цепь Низкий",,"Цилиндр 11 Deactivation/lntake Клапан Управление Цепь Низкий"
"P3484","P","app-only","Цилиндр 11 Deactivation/lntake Клапан Управление Цепь Высокий",,"Цилиндр 11 Deactivation/lntake Клапан Управление Цепь Высокий"
"P3485","P","app-only","Цилиндр 11 Выхлоп Клапан Управление Цепь/Обрыв",,"Цилиндр 11 Выхлоп Клапан Управление Цепь/Обрыв"
"P3486","P","app-only","Цилиндр 11 Выхлоп Клапан Управление Производительность",,"Цилиндр 11 Выхлоп Клапан Управление Производительность"
"P3487","P","app-only","Цилиндр 11 Выхлоп Клапан Управление Цепь Низкий",,"Цилиндр 11 Выхлоп Клапан Управление Цепь Низкий"
"P3488","P","app-only","Цилиндр 11 Выхлоп Клапан Управление Цепь Высокий",,"Цилиндр 11 Выхлоп Клапан Управление Цепь Высокий"
"P3489","P","app-only","Цилиндр 12 Deactivation/lntake Клапан Управление Цепь/Обрыв",,"Цилиндр 12 Deactivation/lntake Клапан Управление Цепь/Обрыв"
"P3490","P","app-only","Цилиндр 12 Deactivation/lntake Клапан Управление Производительность",,"Цилиндр 12 Deactivation/lntake Клапан Управление Производительность"
"P3491","P","app-only","Цилиндр 12 Deactivation/lntake Клапан Управление Цепь Низкий",,"Цилиндр 12 Deactivation/lntake Клапан Управление Цепь Низкий"
"P3492","P","app-only","Цилиндр 12 Deactivation/lntake Клапан Управление Цепь Высокий",,"Цилиндр 12 Deactivation/lntake Клапан Управление Цепь Высокий"
"P3493","P","app-only","Цилиндр 12 Выхлоп Клапан Управление Цепь/Обрыв",,"Цилиндр 12 Выхлоп Клапан Управление Цепь/Обрыв"
"P3494","P","app-only","Цилиндр 12 Выхлоп Клапан Управление Производительность",,"Цилиндр 12 Выхлоп Клапан Управление Производительность"
"P3495","P","app-only","Цилиндр 12 Выхлоп Клапан Управление Цепь Низкий",,"Цилиндр 12 Выхлоп Клапан Управление Цепь Низкий"
"P3496","P","app-only","Цилиндр 12 Выхлоп Клапан Управление Цепь Высокий",,"Цилиндр 12 Выхлоп Клапан Управление Цепь Высокий"
"P3497","P","app-only","Цилиндр Deactivation Система",,"Цилиндр Deactivation Система"
"U0001","U","base-only","Высокий Скорость CAN Связь Bus","Высокий Скорость CAN Связь Bus",
"U0002","U","app-only","Высокий Скорость CAN Связь Bus Производительность",,"Высокий Скорость CAN Связь Bus Производительность"
"U0003","U","app-only","Высокий Скорость CAN Связь Bus (+) Обрыв",,"Высокий Скорость CAN Связь Bus (+) Обрыв"
"U0004","U","app-only","Высокий Скорость CAN Связь Bus (+) Низкий",,"Высокий Скорость CAN Связь Bus (+) Низкий"
"U0005","U","app-only","Высокий Скорость CAN Связь Bus (+) Высокий",,"Высокий Скорость CAN Связь Bus (+) Высокий"
"U0006","U","app-only","Высокий Скорость CAN Связь Bus (-) Обрыв",,"Высокий Скорость CAN Связь Bus (-) Обрыв"
"U0007","U","app-only","Высокий Скорость CAN Связь Bus (-) Низкий",,"Высокий Скорость CAN Связь Bus (-) Низкий"
"U0008","U","app-only","Высокий Скорость CAN Связь Bus (-) Высокий",,"Высокий Скорость CAN Связь Bus (-) Высокий"
"U0009","U","app-only","Высокий Скорость CAN Связь Bus (-) shorted to Bus (+)",,"Высокий Скорость CAN Связь Bus (-) shorted to Bus (+)"
"U0010","U","app-only","Medium Скорость CAN Связь Bus",,"Medium Скорость CAN Связь Bus"
"U0011","U","app-only","Medium Скорость CAN Связь Bus Производительность",,"Medium Скорость CAN Связь Bus Производительность"
"U0012","U","app-only","Medium Скорость CAN Связь Bus (+) Обрыв",,"Medium Скорость CAN Связь Bus (+) Обрыв"
"U0013","U","app-only","Medium Скорость CAN Связь Bus (+) Низкий",,"Medium Скорость CAN Связь Bus (+) Низкий"
"U0014","U","app-only","Medium Скорость CAN Связь Bus (+) Высокий",,"Medium Скорость CAN Связь Bus (+) Высокий"
"U0015","U","app-only","Medium Скорость CAN Связь Bus (-) Обрыв",,"Medium Скорость CAN Связь Bus (-) Обрыв"
"U0016","U","app-only","Medium Скорость CAN Связь Bus (-) Низкий",,"Medium Скорость CAN Связь Bus (-) Низкий"
"U0017","U","app-only","Medium Скорость CAN Связь Bus (-) Высокий",,"Medium Скорость CAN Связь Bus (-) Высокий"
"U0018","U","app-only","Medium Скорость CAN Связь Bus (-) shorted to Bus (+)",,"Medium Скорость CAN Связь Bus (-) shorted to Bus (+)"
"U0019","U","app-only","Низкий Скорость CAN Связь Bus",,"Низкий Скорость CAN Связь Bus"
"U0020","U","app-only","Низкий Скорость CAN Связь Bus Производительность",,"Низкий Скорость CAN Связь Bus Производительность"
"U0021","U","app-only","Низкий Скорость CAN Связь Bus (+) Обрыв",,"Низкий Скорость CAN Связь Bus (+) Обрыв"
"U0022","U","app-only","Низкий Скорость CAN Связь Bus (+) Низкий",,"Низкий Скорость CAN Связь Bus (+) Низкий"
"U0023","U","app-only","Низкий Скорость CAN Связь Bus (+) Высокий",,"Низкий Скорость CAN Связь Bus (+) Высокий"
"U0024","U","app-only","Низкий Скорость CAN Связь Bus (-) Обрыв",,"Низкий Скорость CAN Связь Bus (-) Обрыв"
"U0025","U","app-only","Низкий Скорость CAN Связь Bus (-) Низкий",,"Низкий Скорость CAN Связь Bus (-) Низкий"
"U0026","U","app-only","Низкий Скорость CAN Связь Bus (-) Высокий",,"Низкий Скорость CAN Связь Bus (-) Высокий"
"U0027","U","app-only","Низкий Скорость CAN Связь Bus (-) shorted to Bus (+)",,"Низкий Скорость CAN Связь Bus (-) shorted to Bus (+)"
"U0028","U","app-only","Автомобиль Связь Bus A",,"Автомобиль Связь Bus A"
"U0029","U","app-only","Автомобиль Связь Bus A Производительность",,"Автомобиль Связь Bus A Производительность"
"U0030","U","app-only","Автомобиль Связь Bus A (+) Обрыв",,"Автомобиль Связь Bus A (+) Обрыв"
"U0031","U","app-only","Автомобиль Связь Bus A (+) Низкий",,"Автомобиль Связь Bus A (+) Низкий"
"U0032","U","app-only","Автомобиль Связь Bus A (+) Высокий",,"Автомобиль Связь Bus A (+) Высокий"
"U0033","U","app-only","Автомобиль Связь Bus A (-) Обрыв",,"Автомобиль Связь Bus A (-) Обрыв"
"U0034","U","app-only","Автомобиль Связь Bus A (-) Низкий",,"Автомобиль Связь Bus A (-) Низкий"
"U0035","U","app-only","Автомобиль Связь Bus A (-) Высокий",,"Автомобиль Связь Bus A (-) Высокий"
"U0036","U","app-only","Автомобиль Связь Bus A (-) shorted to Bus A (+)",,"Автомобиль Связь Bus A (-) shorted to Bus A (+)"
"U0037","U","app-only","Автомобиль Связь Bus B",,"Автомобиль Связь Bus B"
"U0038","U","app-only","Автомобиль Связь Bus B Производительность",,"Автомобиль Связь Bus B Производительность"
"U0039","U","app-only","Автомобиль Связь Bus B (+) Обрыв",,"Автомобиль Связь Bus B (+) Обрыв"
"U0040","U","app-only","Автомобиль Связь Bus B (+) Низкий",,"Автомобиль Связь Bus B (+) Низкий"
"U0041","U","app-only","Автомобиль Связь Bus B (+) Высокий",,"Автомобиль Связь Bus B (+) Высокий"
"U0042","U","app-only","Автомобиль Связь Bus B (-) Обрыв",,"Автомобиль Связь Bus B (-) Обрыв"
"U0043","U","app-only","Автомобиль Связь Bus B (-) Низкий",,"Автомобиль Связь Bus B (-) Низкий"
"U0044","U","app-only","Автомобиль Связь Bus B (-) Высокий",,"Автомобиль Связь Bus B (-) Высокий"
"U0045","U","app-only","Автомобиль Связь Bus B (-) shorted to Bus B (+)",,"Автомобиль Связь Bus B (-) shorted to Bus B (+)"
"U0046","U","app-only","Автомобиль Связь Bus C",,"Автомобиль Связь Bus C"
"U0047","U","app-only","Автомобиль Связь Bus C Производительность",,"Автомобиль Связь Bus C Производительность"
"U0048","U","app-only","Автомобиль Связь Bus C (+) Обрыв",,"Автомобиль Связь Bus C (+) Обрыв"
"U0049","U","app-only","Автомобиль Связь Bus C (+) Низкий",,"Автомобиль Связь Bus C (+) Низкий"
"U0050","U","app-only","Автомобиль Связь Bus C (+) Высокий",,"Автомобиль Связь Bus C (+) Высокий"
"U0051","U","app-only","Автомобиль Связь Bus C (-) Обрыв",,"Автомобиль Связь Bus C (-) Обрыв"
"U0052","U","app-only","Автомобиль Связь Bus C (-) Низкий",,"Автомобиль Связь Bus C (-) Низкий"
"U0053","U","app-only","Автомобиль Связь Bus C (-) Высокий",,"Автомобиль Связь Bus C (-) Высокий"
"U0054","U","app-only","Автомобиль Связь Bus C (-) shorted to Bus C (+)",,"Автомобиль Связь Bus C (-) shorted to Bus C (+)"
"U0055","U","app-only","Автомобиль Связь Bus D",,"Автомобиль Связь Bus D"
"U0056","U","app-only","Автомобиль Связь Bus D Производительность",,"Автомобиль Связь Bus D Производительность"
"U0057","U","app-only","Автомобиль Связь Bus D (+) Обрыв",,"Автомобиль Связь Bus D (+) Обрыв"
"U0058","U","app-only","Автомобиль Связь Bus D (+) Низкий",,"Автомобиль Связь Bus D (+) Низкий"
"U0059","U","app-only","Автомобиль Связь Bus D (+) Высокий",,"Автомобиль Связь Bus D (+) Высокий"
"U0060","U","app-only","Автомобиль Связь Bus D (-) Обрыв",,"Автомобиль Связь Bus D (-) Обрыв"
"U0061","U","app-only","Автомобиль Связь Bus D (-) Низкий",,"Автомобиль Связь Bus D (-) Низкий"
"U0062","U","app-only","Автомобиль Связь Bus D (-) Высокий",,"Автомобиль Связь Bus D (-) Высокий"
"U0063","U","app-only","Автомобиль Связь Bus D (-) shorted to Bus D (+)",,"Автомобиль Связь Bus D (-) shorted to Bus D (+)"
"U0064","U","app-only","Автомобиль Связь Bus E",,"Автомобиль Связь Bus E"
"U0065","U","app-only","Автомобиль Связь Bus E Производительность",,"Автомобиль Связь Bus E Производительность"
"U0066","U","app-only","Автомобиль Связь Bus E (+) Обрыв",,"Автомобиль Связь Bus E (+) Обрыв"
"U0067","U","app-only","Автомобиль Связь Bus E (+) Низкий",,"Автомобиль Связь Bus E (+) Низкий"
"U0068","U","app-only","Автомобиль Связь Bus E (+) Высокий",,"Автомобиль Связь Bus E (+) Высокий"
"U0069","U","app-only","Автомобиль Связь Bus E (-) Обрыв",,"Автомобиль Связь Bus E (-) Обрыв"
"U0070","U","app-only","Автомобиль Связь Bus E (-) Низкий",,"Автомобиль Связь Bus E (-) Низкий"
"U0071","U","app-only","Автомобиль Связь Bus E (-) Высокий",,"Автомобиль Связь Bus E (-) Высокий"
"U0072","U","app-only","Автомобиль Связь Bus E (-) shorted to Bus E (+)",,"Автомобиль Связь Bus E (-) shorted to Bus E (+)"
"U0073","U","app-only","Управление Модуль Связь Bus Off",,"Управление Модуль Связь Bus Off"
"U0074","U","app-only","Зарезервировано by Document",,"Зарезервировано by Document"
"U0075","U","app-only","Зарезервировано by Document",,"Зарезервировано by Document"
"U0076","U","app-only","Зарезервировано by Document",,"Зарезервировано by Document"
"U0077","U","app-only","Зарезервировано by Document",,"Зарезервировано by Document"
"U0078","U","app-only","Зарезервировано by Document",,"Зарезервировано by Document"
"U0079","U","app-only","Зарезервировано by Document",,"Зарезервировано by Document"
"U0080","U","app-only","Зарезервировано by Document",,"Зарезервировано by Document"
"U0081","U","app-only","Зарезервировано by Document",,"Зарезервировано by Document"
"U0082","U","app-only","Зарезервировано by Document",,"Зарезервировано by Document"
"U0083","U","app-only","Зарезервировано by Document",,"Зарезервировано by Document"
"U0084","U","app-only","Зарезервировано by Document",,"Зарезервировано by Document"
"U0085","U","app-only","Зарезервировано by Document",,"Зарезервировано by Document"
"U0086","U","app-only","Зарезервировано by Document",,"Зарезервировано by Document"
"U0087","U","app-only","Зарезервировано by Document",,"Зарезервировано by Document"
"U0088","U","app-only","Зарезервировано by Document",,"Зарезервировано by Document"
"U0089","U","app-only","Зарезервировано by Document",,"Зарезервировано by Document"
"U0090","U","app-only","Зарезервировано by Document",,"Зарезервировано by Document"
"U0091","U","app-only","Зарезервировано by Document",,"Зарезервировано by Document"
"U0092","U","app-only","Зарезервировано by Document",,"Зарезервировано by Document"
"U0093","U","app-only","Зарезервировано by Document",,"Зарезервировано by Document"
"U0094","U","app-only","Зарезервировано by Document",,"Зарезервировано by Document"
"U0095","U","app-only","Зарезервировано by Document",,"Зарезервировано by Document"
"U0096","U","app-only","Зарезервировано by Document",,"Зарезервировано by Document"
"U0097","U","app-only","Зарезервировано by Document",,"Зарезервировано by Document"
"U0098","U","app-only","Зарезервировано by Document",,"Зарезервировано by Document"
"U0099","U","app-only","Зарезервировано by Document",,"Зарезервировано by Document"
"U0100","U","both","Потеряна Связь With Блок управления двигателем/Блок управления двигателем A","Потеряна Связь With Блок управления двигателем/Блок управления двигателем A","Потеряна Связь With Блок управления двигателем/Блок управления двигателем "
"U0101","U","both","Потеряна Связь with Блок управления трансмиссией","Потеряна Связь with Блок управления трансмиссией","Потеряна Связь with Блок управления трансмиссией"
"U0102","U","both","Потеряна Связь with Transfer Case Управление Модуль","Потеряна Связь with Transfer Case Управление Модуль","Потеряна Связь with Transfer Case Управление Модуль"
"U0103","U","both","Потеряна Связь With Gear Shift Модуль","Потеряна Связь With Gear Shift Модуль","Потеряна Связь With Gear Shift Модуль"
"U0104","U","both","Потеряна Связь With Cruise Управление Модуль","Потеряна Связь With Cruise Управление Модуль","Потеряна Связь With Cruise Управление Модуль"
"U0105","U","both","Потеряна Связь With Топливо Форсунка Управление Модуль","Потеряна Связь With Топливо Форсунка Управление Модуль","Потеряна Связь With Топливо Форсунка Управление Модуль"
"U0106","U","both","Потеряна Связь With Glow Plug Управление Модуль","Потеряна Связь With Glow Plug Управление Модуль","Потеряна Связь With Glow Plug Управление Модуль"
"U0107","U","both","Потеряна Связь With Дроссельная заслонка Привод Управление Модуль ","Потеряна Связь With Дроссельная заслонка Привод Управление Модуль ","Потеряна Связь With Дроссельная заслонка Привод Управление Модуль"
"U0108","U","both","Потеряна Связь With Alternative Топливо Управление Модуль","Потеряна Связь With Alternative Топливо Управление Модуль","Потеряна Связь With Alternative Топливо Управление Модуль"
"U0109","U","both","Потеряна Связь With Топливо Насос Управление Модуль","Потеряна Связь With Топливо Насос Управление Модуль","Потеряна Связь With Топливо Насос Управление Модуль"
"U010A","U","base-only","Потеряна Связь With Выхлоп Gas Recirculation Управление Модуль A","Потеряна Связь With Выхлоп Gas Recirculation Управление Модуль A",
"U010B","U","base-only","Потеряна Связь With Выхлоп Gas Recirculation Управление Модуль B","Потеряна Связь With Выхлоп Gas Recirculation Управление Модуль B",
"U010C","U","base-only","Потеряна Связь With Турбонагнетатель/Нагнетатель Управление Модуль A","Потеряна Связь With Турбонагнетатель/Нагнетатель Управление Модуль A",
"U010D","U","base-only","Потеряна Связь With Турбонагнетатель/Нагнетатель Управление Модуль B","Потеряна Связь With Турбонагнетатель/Нагнетатель Управление Модуль B",
"U010E","U","base-only","Потеряна Связь With Reductant Управление Модуль","Потеряна Связь With Reductant Управление Модуль",
"U010F","U","base-only","Потеряна Связь With Воздух Conditioning Управление Модуль","Потеряна Связь With Воздух Conditioning Управление Модуль",
"U0110","U","both","Потеряна Связь With Drive Motor Управление Модуль","Потеряна Связь With Drive Motor Управление Модуль","Потеряна Связь With Drive Motor Управление Модуль"
"U0111","U","both","Потеряна Связь With Батарея Energy Управление Модуль A","Потеряна Связь With Батарея Energy Управление Модуль A","Потеряна Связь With Батарея Energy Управление Модуль "
"U0112","U","both","Потеряна Связь With Батарея Energy Управление Модуль B","Потеряна Связь With Батарея Energy Управление Модуль B","Потеряна Связь With Батарея Energy Управление Модуль "
"U0113","U","both","Потеряна Связь With Emissions Critical Управление Information","Потеряна Связь With Emissions Critical Управление Information","Потеряна Связь With Emissions Critical Управление Information"
"U0114","U","both","Потеряна Связь With Four-Wheel Drive Clutch Управление Модуль","Потеряна Связь With Four-Wheel Drive Clutch Управление Модуль","Потеряна Связь With Four-Wheel Drive Clutch Управление Модуль"
"U0115","U","both","Потеряна Связь With Блок управления двигателем/Блок управления двигателем B","Потеряна Связь With Блок управления двигателем/Блок управления двигателем B","Потеряна Связь With Блок управления двигателем/Блок управления двигателем "
"U0116","U","both","Потеряна Связь With Охлаждающая жидкость Температура Управление Модуль","Потеряна Связь With Охлаждающая жидкость Температура Управление Модуль","Зарезервировано by Document"
"U0117","U","both","Потеряна Связь With PTO Управление Модуль","Потеряна Связь With PTO Управление Модуль","Зарезервировано by Document"
"U0118","U","both","Потеряна Связь With Топливо Additive Управление Модуль","Потеряна Связь With Топливо Additive Управление Модуль","Зарезервировано by Document"
"U0119","U","both","Потеряна Связь With Топливо Cell Управление Модуль","Потеряна Связь With Топливо Cell Управление Модуль","Зарезервировано by Document"
"U011A","U","base-only","Потеряна Связь With Выхлоп Gas Датчик Модуль","Потеряна Связь With Выхлоп Gas Датчик Модуль",
"U011B","U","base-only","Потеряна Связь With Rocker Arm Управление Модуль A","Потеряна Связь With Rocker Arm Управление Модуль A",
"U011C","U","base-only","Потеряна Связь With Rocker Arm Управление Модуль B","Потеряна Связь With Rocker Arm Управление Модуль B",
"U011D","U","base-only","Потеряна Связь With All Wheel Drive Управление Модуль","Потеряна Связь With All Wheel Drive Управление Модуль",
"U011E","U","base-only",", U011F Зарезервировано ISO/SAE ",", U011F Зарезервировано ISO/SAE ",
"U0120","U","both","Потеряна Связь With Starter / Generator Управление Модуль","Потеряна Связь With Starter / Generator Управление Модуль","Зарезервировано by Document"
"U0121","U","both","Потеряна Связь With Anti-Lock Brake Система (ABS) Управление Модуль","Потеряна Связь With Anti-Lock Brake Система (ABS) Управление Модуль","Потеряна Связь With Anti-Lock Brake Система (ABS) Управление Модуль"
"U0122","U","both","Потеряна Связь With Автомобиль Dynamics Управление Модуль","Потеряна Связь With Автомобиль Dynamics Управление Модуль","Потеряна Связь With Автомобиль Dynamics Управление Модуль"
"U0123","U","both","Потеряна Связь With Yaw Расход Датчик Модуль","Потеряна Связь With Yaw Расход Датчик Модуль","Потеряна Связь With Yaw Расход Датчик Модуль"
"U0124","U","both","Потеряна Связь With Lateral Acceleration Датчик Модуль","Потеряна Связь With Lateral Acceleration Датчик Модуль","Потеряна Связь With Lateral Acceleration Датчик Модуль"
"U0125","U","both","Потеряна Связь With Multi-axis Acceleration Датчик Модуль","Потеряна Связь With Multi-axis Acceleration Датчик Модуль","Потеряна Связь With Multi-axis Acceleration Датчик Модуль"
"U0126","U","both","Потеряна Связь With Steering Angle Датчик Модуль","Потеряна Связь With Steering Angle Датчик Модуль","Потеряна Связь With Steering Angle Датчик Модуль"
"U0127","U","both","Потеряна Связь With Tire Давление Монитор Модуль","Потеряна Связь With Tire Давление Монитор Модуль","Потеряна Связь With Tire Давление Монитор Модуль"
"U0128","U","both","Потеряна Связь With Park Brake Управление Модуль","Потеряна Связь With Park Brake Управление Модуль","Потеряна Связь With Park Brake Управление Модуль"
"U0129","U","both","Потеряна Связь With Brake Система Управление Модуль","Потеряна Связь With Brake Система Управление Модуль","Потеряна Связь With Brake Система Управление Модуль"
"U012A","U","base-only",", U012B, U012C, U012D, U012E, U012F Зарезервировано ISO/SAE",", U012B, U012C, U012D, U012E, U012F Зарезервировано ISO/SAE",
"U0130","U","both","Потеряна Связь With Steering Effort Управление Модуль","Потеряна Связь With Steering Effort Управление Модуль","Потеряна Связь With Steering Effort Управление Модуль"
"U0131","U","both","Потеряна Связь With Power Steering Управление Модуль","Потеряна Связь With Power Steering Управление Модуль","Потеряна Связь With Power Steering Управление Модуль"
"U0132","U","both","Потеряна Связь With Ride Level Управление Модуль","Потеряна Связь With Ride Level Управление Модуль","Потеряна Связь With Ride Level Управление Модуль"
"U0133","U","both","Потеряна Связь With Active Roll Управление Модуль","Потеряна Связь With Active Roll Управление Модуль","Зарезервировано by Document"
"U0134","U","both","Потеряна Связь With Power Steering Управление Модуль Rear","Потеряна Связь With Power Steering Управление Модуль Rear","Зарезервировано by Document"
"U0135","U","both","Потеряна Связь With Differential Управление ModuleFront","Потеряна Связь With Differential Управление ModuleFront","Зарезервировано by Document"
"U0136","U","both","Потеряна Связь With Differential Управление ModuleRear","Потеряна Связь With Differential Управление ModuleRear","Зарезервировано by Document"
"U0137","U","both","Потеряна Связь With Trailer Brake Управление Модуль","Потеряна Связь With Trailer Brake Управление Модуль","Зарезервировано by Document"
"U0138","U","both","Потеряна Связь With All Terrain Управление Модуль","Потеряна Связь With All Terrain Управление Модуль","Зарезервировано by Document"
"U0139","U","both","Потеряна Связь With Suspension Управление Модуль B","Потеряна Связь With Suspension Управление Модуль B","Зарезервировано by Document"
"U013A","U","base-only",", U013B, U013C, U013D, U013E, U013F Зарезервировано ISO/SAE",", U013B, U013C, U013D, U013E, U013F Зарезервировано ISO/SAE",
"U0140","U","both","Потеряна Связь With Кузов Управление Модуль","Потеряна Связь With Кузов Управление Модуль","Потеряна Связь With Кузов Управление Модуль"
"U0141","U","both","Потеряна Связь With Кузов Управление Модуль A","Потеряна Связь With Кузов Управление Модуль A","Потеряна Связь With Кузов Управление Модуль "
"U0142","U","both","Потеряна Связь With Кузов Управление Модуль B","Потеряна Связь With Кузов Управление Модуль B","Потеряна Связь With Кузов Управление Модуль "
"U0143","U","both","Потеряна Связь With Кузов Управление Модуль C","Потеряна Связь With Кузов Управление Модуль C","Потеряна Связь With Кузов Управление Модуль "
"U0144","U","both","Потеряна Связь With Кузов Управление Модуль D","Потеряна Связь With Кузов Управление Модуль D","Потеряна Связь With Кузов Управление Модуль "
"U0145","U","both","Потеряна Связь With Кузов Управление Модуль E","Потеряна Связь With Кузов Управление Модуль E","Потеряна Связь With Кузов Управление Модуль "
"U0146","U","both","Потеряна Связь With Gateway A","Потеряна Связь With Gateway A","Потеряна Связь With Gateway "
"U0147","U","both","Потеряна Связь With Gateway B","Потеряна Связь With Gateway B","Потеряна Связь With Gateway "
"U0148","U","both","Потеряна Связь With Gateway C","Потеряна Связь With Gateway C","Потеряна Связь With Gateway "
"U0149","U","both","Потеряна Связь With Gateway D","Потеряна Связь With Gateway D","Потеряна Связь With Gateway "
"U014A","U","base-only",", U014B, U014C, U014D, U014E, U014F Зарезервировано ISO/SAE",", U014B, U014C, U014D, U014E, U014F Зарезервировано ISO/SAE",
"U0150","U","both","Потеряна Связь With Gateway E","Потеряна Связь With Gateway E","Потеряна Связь With Gateway "
"U0151","U","both","Потеряна Связь With Restraints Управление Модуль","Потеряна Связь With Restraints Управление Модуль","Потеряна Связь With Restraints Управление Модуль"
"U0152","U","both","Потеряна Связь With Side Restraints Управление Модуль Left","Потеряна Связь With Side Restraints Управление Модуль Left","Потеряна Связь With Side Restraints Управление Модуль"
"U0153","U","both","Потеряна Связь With Side Restraints Управление Модуль Right","Потеряна Связь With Side Restraints Управление Модуль Right","Потеряна Связь With Side Restraints Управление Модуль"
"U0154","U","both","Потеряна Связь With Restraints Occupant Sensing Управление Модуль","Потеряна Связь With Restraints Occupant Sensing Управление Модуль","Потеряна Связь With Restraints Occupant Sensing Управление Модуль"
"U0155","U","both","Потеряна Связь With Instrument Panel Cluster (IPC) Управление Модуль","Потеряна Связь With Instrument Panel Cluster (IPC) Управление Модуль","Потеряна Связь With Instrument Panel Cluster (IPC) Управление Модуль"
"U0156","U","both","Потеряна Связь With Information Center A","Потеряна Связь With Information Center A","Потеряна Связь With Information Center "
"U0157","U","both","Потеряна Связь With Information Center B","Потеряна Связь With Information Center B","Потеряна Связь With Information Center "
"U0158","U","both","Потеряна Связь With Head Up Display","Потеряна Связь With Head Up Display","Потеряна Связь With Head Up Display"
"U0159","U","both","Потеряна Связь With Parking Assist Управление Модуль A","Потеряна Связь With Parking Assist Управление Модуль A","Потеряна Связь With Parking Assist Управление Модуль"
"U015A","U","base-only",", U015B, U015C, U015D, U015E, U015F Зарезервировано ISO/SAE",", U015B, U015C, U015D, U015E, U015F Зарезервировано ISO/SAE",
"U0160","U","both","Потеряна Связь With Audible Alert Управление Модуль","Потеряна Связь With Audible Alert Управление Модуль","Потеряна Связь With Audible Alert Управление Модуль"
"U0161","U","both","Потеряна Связь With Compass Модуль","Потеряна Связь With Compass Модуль","Потеряна Связь With Compass Модуль"
"U0162","U","both","Потеряна Связь With Navigation Display Модуль","Потеряна Связь With Navigation Display Модуль","Потеряна Связь With Navigation Display Модуль"
"U0163","U","both","Потеряна Связь With Navigation Управление Модуль","Потеряна Связь With Navigation Управление Модуль","Потеряна Связь With Navigation Управление Модуль"
"U0164","U","both","Потеряна Связь With HVAC Управление Модуль","Потеряна Связь With HVAC Управление Модуль","Потеряна Связь With HVAC Управление Модуль"
"U0165","U","both","Потеряна Связь With Rear HVAC Управление Модуль","Потеряна Связь With Rear HVAC Управление Модуль","Потеряна Связь With HVAC Управление Модуль"
"U0166","U","both","Потеряна Связь With Auxiliary Нагреватель Управление Модуль","Потеряна Связь With Auxiliary Нагреватель Управление Модуль","Потеряна Связь With Auxiliary Нагреватель Управление Модуль"
"U0167","U","both","Потеряна Связь With Автомобиль Immobilizer Управление Модуль","Потеряна Связь With Автомобиль Immobilizer Управление Модуль","Потеряна Связь With Автомобиль Immobilizer Управление Модуль"
"U0168","U","both","Потеряна Связь With Автомобиль Security Управление Модуль","Потеряна Связь With Автомобиль Security Управление Модуль","Потеряна Связь With Автомобиль Security Управление Модуль"
"U0169","U","both","Потеряна Связь With Sunroof Управление Модуль","Потеряна Связь With Sunroof Управление Модуль","Потеряна Связь With Sunroof Управление Модуль"
"U016A","U","base-only","Потеряна Связь With Global Positioning Система Модуль","Потеряна Связь With Global Positioning Система Модуль",
"U016B","U","base-only",", U016C, U016D, U016E, U016F Зарезервировано ISO/SAE",", U016C, U016D, U016E, U016F Зарезервировано ISO/SAE",
"U0170","U","both","Потеряна Связь With Restraints Система Датчик A","Потеряна Связь With Restraints Система Датчик A","Потеряна Связь With "
"U0171","U","both","Потеряна Связь With Restraints Система Датчик B","Потеряна Связь With Restraints Система Датчик B","Потеряна Связь With "
"U0172","U","both","Потеряна Связь With Restraints Система Датчик C","Потеряна Связь With Restraints Система Датчик C","Потеряна Связь With "
"U0173","U","both","Потеряна Связь With Restraints Система Датчик D","Потеряна Связь With Restraints Система Датчик D","Потеряна Связь With "
"U0174","U","both","Потеряна Связь With Restraints Система Датчик E","Потеряна Связь With Restraints Система Датчик E","Потеряна Связь With "
"U0175","U","both","Потеряна Связь With Restraints Система Датчик F","Потеряна Связь With Restraints Система Датчик F","Потеряна Связь With "
"U0176","U","both","Потеряна Связь With Restraints Система Датчик G","Потеряна Связь With Restraints Система Датчик G","Потеряна Связь With "
"U0177","U","both","Потеряна Связь With Restraints Система Датчик H","Потеряна Связь With Restraints Система Датчик H","Потеряна Связь With "
"U0178","U","both","Потеряна Связь With Restraints Система Датчик I","Потеряна Связь With Restraints Система Датчик I","Потеряна Связь With "
"U0179","U","both","Потеряна Связь With Restraints Система Датчик J","Потеряна Связь With Restraints Система Датчик J","Потеряна Связь With "
"U017A","U","base-only","Потеряна Связь With Restraints Система Датчик K","Потеряна Связь With Restraints Система Датчик K",
"U017B","U","base-only","Потеряна Связь With Restraints Система Датчик L","Потеряна Связь With Restraints Система Датчик L",
"U017C","U","base-only","Потеряна Связь With Restraints Система Датчик M","Потеряна Связь With Restraints Система Датчик M",
"U017D","U","base-only","Потеряна Связь With Restraints Система Датчик N","Потеряна Связь With Restraints Система Датчик N",
"U017E","U","base-only","Потеряна Связь With Seatbelt Pretensioner Модуль A","Потеряна Связь With Seatbelt Pretensioner Модуль A",
"U017F","U","base-only","Потеряна Связь With Seatbelt Pretensioner Модуль B","Потеряна Связь With Seatbelt Pretensioner Модуль B",
"U0180","U","both","Потеряна Связь With Automatic Lighting Управление Модуль","Потеряна Связь With Automatic Lighting Управление Модуль","Потеряна Связь With Automatic Lighting Управление Модуль"
"U0181","U","both","Потеряна Связь With Headlamp Leveling Управление Модуль","Потеряна Связь With Headlamp Leveling Управление Модуль","Потеряна Связь With Headlamp Leveling Управление Модуль"
"U0182","U","both","Потеряна Связь With Front Lighting Управление Модуль","Потеряна Связь With Front Lighting Управление Модуль","Потеряна Связь With Lighting Управление Модуль"
"U0183","U","both","Потеряна Связь With Rear Lighting Управление Модуль","Потеряна Связь With Rear Lighting Управление Модуль","Потеряна Связь With Lighting Управление Модуль"
"U0184","U","both","Потеряна Связь With Radio","Потеряна Связь With Radio","Потеряна Связь With Radio"
"U0185","U","both","Потеряна Связь With Antenna Управление Модуль","Потеряна Связь With Antenna Управление Модуль","Потеряна Связь With Antenna Управление Модуль"
"U0186","U","both","Потеряна Связь With Audio Amplifier A","Потеряна Связь With Audio Amplifier A","Потеряна Связь With Audio Amplifier"
"U0187","U","both","Потеряна Связь With Digital Disc Player/Changer Модуль A","Потеряна Связь With Digital Disc Player/Changer Модуль A","Потеряна Связь With Digital Disc Player/Changer Модуль "
"U0188","U","both","Потеряна Связь With Digital Disc Player/Changer Модуль B","Потеряна Связь With Digital Disc Player/Changer Модуль B","Потеряна Связь With Digital Disc Player/Changer Модуль "
"U0189","U","both","Потеряна Связь With Digital Disc Player/Changer Модуль C","Потеряна Связь With Digital Disc Player/Changer Модуль C","Потеряна Связь With Digital Disc Player/Changer Модуль "
"U018A","U","base-only",", U018B, U018C, U018D, U018E, U018F Зарезервировано ISO/SAE",", U018B, U018C, U018D, U018E, U018F Зарезервировано ISO/SAE",
"U0190","U","both","Потеряна Связь With Digital Disc Player/Changer Модуль D","Потеряна Связь With Digital Disc Player/Changer Модуль D","Потеряна Связь With Digital Disc Player/Changer Модуль "
"U0191","U","both","Потеряна Связь With Television","Потеряна Связь With Television","Потеряна Связь With Television"
"U0192","U","both","Потеряна Связь With Personal Computer","Потеряна Связь With Personal Computer","Потеряна Связь With Personal Computer"
"U0193","U","both","Потеряна Связь With Digital Audio Управление Модуль A","Потеряна Связь With Digital Audio Управление Модуль A","Потеряна Связь With "
"U0194","U","both","Потеряна Связь With Digital Audio Управление Модуль B","Потеряна Связь With Digital Audio Управление Модуль B","Потеряна Связь With "
"U0195","U","both","Потеряна Связь With Subscription Entertainment Receiver Модуль","Потеряна Связь With Subscription Entertainment Receiver Модуль","Потеряна Связь With Subscription Entertainment Receiver Модуль"
"U0196","U","both","Потеряна Связь With Rear Сиденье Entertainment Управление Модуль","Потеряна Связь With Rear Сиденье Entertainment Управление Модуль","Потеряна Связь With Rear Сиденье Entertainment Управление Модуль"
"U0197","U","both","Потеряна Связь With Telephone Управление Модуль","Потеряна Связь With Telephone Управление Модуль","Потеряна Связь With Telephone Управление Модуль"
"U0198","U","both","Потеряна Связь With Telematic Управление Модуль","Потеряна Связь With Telematic Управление Модуль","Потеряна Связь With Telematic Управление Модуль"
"U0199","U","both","Потеряна Связь With Door Управление Модуль A","Потеряна Связь With Door Управление Модуль A","Потеряна Связь With "
"U0200","U","app-only","Потеряна Связь With ",,"Потеряна Связь With "
"U0201","U","app-only","Потеряна Связь With ",,"Потеряна Связь With "
"U0202","U","app-only","Потеряна Связь With ",,"Потеряна Связь With "
"U0203","U","app-only","Потеряна Связь With ",,"Потеряна Связь With "
"U0204","U","app-only","Потеряна Связь With ",,"Потеряна Связь With "
"U0205","U","app-only","Потеряна Связь With ",,"Потеряна Связь With "
"U0206","U","app-only","Потеряна Связь With Folding Top Управление Модуль",,"Потеряна Связь With Folding Top Управление Модуль"
"U0207","U","app-only","Потеряна Связь With Movable Roof Управление Модуль",,"Потеряна Связь With Movable Roof Управление Модуль"
"U0208","U","app-only","Потеряна Связь With ",,"Потеряна Связь With "
"U0209","U","app-only","Потеряна Связь With ",,"Потеряна Связь With "
"U0210","U","app-only","Потеряна Связь With ",,"Потеряна Связь With "
"U0211","U","app-only","Потеряна Связь With ",,"Потеряна Связь With "
"U0212","U","app-only","Потеряна Связь With Steering Column Управление Модуль",,"Потеряна Связь With Steering Column Управление Модуль"
"U0213","U","app-only","Потеряна Связь With Mirror Управление Модуль",,"Потеряна Связь With Mirror Управление Модуль"
"U0214","U","app-only","Потеряна Связь With Remote Function Actuation",,"Потеряна Связь With Remote Function Actuation"
"U0215","U","app-only","Потеряна Связь With ",,"Потеряна Связь With "
"U0216","U","app-only","Потеряна Связь With ",,"Потеряна Связь With "
"U0217","U","app-only","Потеряна Связь With ",,"Потеряна Связь With "
"U0218","U","app-only","Потеряна Связь With ",,"Потеряна Связь With "
"U0219","U","app-only","Потеряна Связь With ",,"Потеряна Связь With "
"U0220","U","app-only","Потеряна Связь With ",,"Потеряна Связь With "
"U0221","U","app-only","Потеряна Связь With ",,"Потеряна Связь With "
"U0222","U","app-only","Потеряна Связь With ",,"Потеряна Связь With "
"U0223","U","app-only","Потеряна Связь With ",,"Потеряна Связь With "
"U0224","U","app-only","Потеряна Связь With ",,"Потеряна Связь With "
"U0225","U","app-only","Потеряна Связь With ",,"Потеряна Связь With "
"U0226","U","app-only","Потеряна Связь With ",,"Потеряна Связь With "
"U0227","U","app-only","Потеряна Связь With ",,"Потеряна Связь With "
"U0228","U","app-only","Потеряна Связь With ",,"Потеряна Связь With "
"U0229","U","app-only","Потеряна Связь With Heated Steering Wheel Модуль",,"Потеряна Связь With Heated Steering Wheel Модуль"
"U0230","U","app-only","Потеряна Связь With Rear Gate Модуль",,"Потеряна Связь With Rear Gate Модуль"
"U0231","U","app-only","Потеряна Связь With Rain Sensing Модуль",,"Потеряна Связь With Rain Sensing Модуль"
"U0232","U","app-only","Потеряна Связь With Side Obstacle Detection Управление Модуль",,"Потеряна Связь With Side Obstacle Detection Управление Модуль"
"U0233","U","app-only","Потеряна Связь With Side Obstacle Detection Управление Модуль",,"Потеряна Связь With Side Obstacle Detection Управление Модуль"
"U0234","U","app-only","Потеряна Связь With Convenience Recall Модуль",,"Потеряна Связь With Convenience Recall Модуль"
"U0235","U","app-only","Потеряна Связь With Cruise Управление Front Distance Range Датчик",,"Потеряна Связь With Cruise Управление Front Distance Range Датчик"
"U0300","U","app-only","Internal Управление Модуль Software Incompatibility",,"Internal Управление Модуль Software Incompatibility"
"U0301","U","app-only","Software Incompatibility with Блок управления двигателем/Блок управления двигателем",,"Software Incompatibility with Блок управления двигателем/Блок управления двигателем"
"U0302","U","app-only","Software Incompatibility with Трансмиссия Управление Модуль",,"Software Incompatibility with Трансмиссия Управление Модуль"
"U0303","U","app-only","Software Incompatibility with Transfer Case Управление Модуль",,"Software Incompatibility with Transfer Case Управление Модуль"
"U0304","U","app-only","Software Incompatibility with Gear Shift Управление Модуль",,"Software Incompatibility with Gear Shift Управление Модуль"
"U0305","U","app-only","Software Incompatibility with Cruise Управление Модуль",,"Software Incompatibility with Cruise Управление Модуль"
"U0306","U","app-only","Software Incompatibility with Топливо Форсунка Управление Модуль",,"Software Incompatibility with Топливо Форсунка Управление Модуль"
"U0307","U","app-only","Software Incompatibility with Glow Plug Управление Модуль",,"Software Incompatibility with Glow Plug Управление Модуль"
"U0308","U","app-only","Software Incompatibility with Дроссельная заслонка Привод Управление Модуль",,"Software Incompatibility with Дроссельная заслонка Привод Управление Модуль"
"U0309","U","app-only","Software Incompatibility with Alternative Топливо Управление Модуль",,"Software Incompatibility with Alternative Топливо Управление Модуль"
"U0310","U","app-only","Software Incompatibility with Топливо Насос Управление Модуль",,"Software Incompatibility with Топливо Насос Управление Модуль"
"U0311","U","app-only","Software Incompatibility with Drive Motor Управление Модуль",,"Software Incompatibility with Drive Motor Управление Модуль"
"U0312","U","app-only","Software Incompatibility with Батарея Energy Управление Модуль A",,"Software Incompatibility with Батарея Energy Управление Модуль A"
"U0313","U","app-only","Software Incompatibility with Батарея Energy Управление Модуль B",,"Software Incompatibility with Батарея Energy Управление Модуль B"
"U0314","U","app-only","Software Incompatibility with Four-Wheel Drive Clutch Управление Модуль",,"Software Incompatibility with Four-Wheel Drive Clutch Управление Модуль"
"U0315","U","app-only","Software Incompatibility with Anti-Lock Brake Система Управление Модуль",,"Software Incompatibility with Anti-Lock Brake Система Управление Модуль"
"U0316","U","app-only","Software Incompatibility with Автомобиль Dynamics Управление Модуль",,"Software Incompatibility with Автомобиль Dynamics Управление Модуль"
"U0317","U","app-only","Software Incompatibility with Park Brake Управление Модуль",,"Software Incompatibility with Park Brake Управление Модуль"
"U0318","U","app-only","Software Incompatibility with Brake Система Управление Модуль",,"Software Incompatibility with Brake Система Управление Модуль"
"U0319","U","app-only","Software Incompatibility with Steering Effort Управление Модуль",,"Software Incompatibility with Steering Effort Управление Модуль"
"U0320","U","app-only","Software Incompatibility with Power Steering Управление Модуль",,"Software Incompatibility with Power Steering Управление Модуль"
"U0321","U","app-only","Software Incompatibility with Ride Level Управление Модуль",,"Software Incompatibility with Ride Level Управление Модуль"
"U0322","U","app-only","Software Incompatibility with Кузов Управление Модуль",,"Software Incompatibility with Кузов Управление Модуль"
"U0323","U","app-only","Software Incompatibility with Instrument Panel Управление Модуль",,"Software Incompatibility with Instrument Panel Управление Модуль"
"U0324","U","app-only","Software Incompatibility with HVAC Управление Модуль",,"Software Incompatibility with HVAC Управление Модуль"
"U0325","U","app-only","Software Incompatibility with Auxiliary Нагреватель Управление Модуль",,"Software Incompatibility with Auxiliary Нагреватель Управление Модуль"
"U0326","U","app-only","Software Incompatibility with Автомобиль Immobilizer Управление Модуль",,"Software Incompatibility with Автомобиль Immobilizer Управление Модуль"
"U0327","U","app-only","Software Incompatibility with Автомобиль Security Управление Модуль",,"Software Incompatibility with Автомобиль Security Управление Модуль"
"U0328","U","app-only","Software Incompatibility with Steering Angle Датчик Модуль",,"Software Incompatibility with Steering Angle Датчик Модуль"
"U0329","U","app-only","Software Incompatibility with Steering Column Управление Модуль",,"Software Incompatibility with Steering Column Управление Модуль"
"U0330","U","app-only","Software Incompatibility with Tire Давление Монитор Модуль",,"Software Incompatibility with Tire Давление Монитор Модуль"
"U0331","U","app-only","Software Incompatibility with Кузов Управление Модуль ",,"Software Incompatibility with Кузов Управление Модуль "
"U0400","U","app-only","Неверный Data Received",,"Неверный Data Received"
"U0401","U","app-only","Неверный Data Received From Блок управления двигателем/Блок управления двигателем",,"Неверный Data Received From Блок управления двигателем/Блок управления двигателем"
"U0402","U","app-only","Неверный Data Received From Трансмиссия Управление Модуль",,"Неверный Data Received From Трансмиссия Управление Модуль"
"U0403","U","app-only","Неверный Data Received From Transfer Case Управление Модуль",,"Неверный Data Received From Transfer Case Управление Модуль"
"U0404","U","app-only","Неверный Data Received From Gear Shift Управление Модуль",,"Неверный Data Received From Gear Shift Управление Модуль"
"U0405","U","app-only","Неверный Data Received From Cruise Управление Модуль",,"Неверный Data Received From Cruise Управление Модуль"
"U0406","U","app-only","Неверный Data Received From Топливо Форсунка Управление Модуль",,"Неверный Data Received From Топливо Форсунка Управление Модуль"
"U0407","U","app-only","Неверный Data Received From Glow Plug Управление Модуль",,"Неверный Data Received From Glow Plug Управление Модуль"
"U0408","U","app-only","Неверный Data Received From Дроссельная заслонка Привод Управление Модуль",,"Неверный Data Received From Дроссельная заслонка Привод Управление Модуль"
"U0409","U","app-only","Неверный Data Received From Alternative Топливо Управление Модуль",,"Неверный Data Received From Alternative Топливо Управление Модуль"
"U0410","U","app-only","Неверный Data Received From Топливо Насос Управление Модуль",,"Неверный Data Received From Топливо Насос Управление Модуль"
"U0411","U","app-only","Неверный Data Received From Drive Motor Управление Модуль",,"Неверный Data Received From Drive Motor Управление Модуль"
"U0412","U","app-only","Неверный Data Received From Батарея Energy Управление Модуль A",,"Неверный Data Received From Батарея Energy Управление Модуль A"
"U0413","U","app-only","Неверный Data Received From Батарея Energy Управление Модуль B",,"Неверный Data Received From Батарея Energy Управление Модуль B"
"U0414","U","app-only","Неверный Data Received From Four-Wheel Drive Clutch Управление Модуль",,"Неверный Data Received From Four-Wheel Drive Clutch Управление Модуль"
"U0415","U","app-only","Неверный Data Received From Anti-Lock Brake Система Управление Модуль",,"Неверный Data Received From Anti-Lock Brake Система Управление Модуль"
"U0416","U","app-only","Неверный Data Received From Автомобиль Dynamics Управление Модуль",,"Неверный Data Received From Автомобиль Dynamics Управление Модуль"
"U0417","U","app-only","Неверный Data Received From Park Brake Управление Модуль",,"Неверный Data Received From Park Brake Управление Модуль"
"U0418","U","app-only","Неверный Data Received From Brake Система Управление Модуль",,"Неверный Data Received From Brake Система Управление Модуль"
"U0419","U","app-only","Неверный Data Received From Steering Effort Управление Модуль",,"Неверный Data Received From Steering Effort Управление Модуль"
"U0420","U","app-only","Неверный Data Received From Power Steering Управление Модуль",,"Неверный Data Received From Power Steering Управление Модуль"
"U0421","U","app-only","Неверный Data Received From Ride Level Управление Модуль",,"Неверный Data Received From Ride Level Управление Модуль"
"U0422","U","app-only","Неверный Data Received From Кузов Управление Модуль",,"Неверный Data Received From Кузов Управление Модуль"
"U0423","U","app-only","Неверный Data Received From Instrument Panel Управление Модуль",,"Неверный Data Received From Instrument Panel Управление Модуль"
"U0424","U","app-only","Неверный Data Received From HVAC Управление Модуль",,"Неверный Data Received From HVAC Управление Модуль"
"U0425","U","app-only","Неверный Data Received From Auxiliary Нагреватель Управление Модуль",,"Неверный Data Received From Auxiliary Нагреватель Управление Модуль"
"U0426","U","app-only","Неверный Data Received From Автомобиль Immobilizer Управление Модуль",,"Неверный Data Received From Автомобиль Immobilizer Управление Модуль"
"U0427","U","app-only","Неверный Data Received From Автомобиль Security Управление Модуль",,"Неверный Data Received From Автомобиль Security Управление Модуль"
"U0428","U","app-only","Неверный Data Received From Steering Angle Датчик Модуль",,"Неверный Data Received From Steering Angle Датчик Модуль"
"U0429","U","app-only","Неверный Data Received From Steering Column Управление Модуль",,"Неверный Data Received From Steering Column Управление Модуль"
"U0430","U","app-only","Неверный Data Received From Tire Давление Монитор Модуль",,"Неверный Data Received From Tire Давление Монитор Модуль"
"U0431","U","app-only","Неверный Data Received From Кузов Управление Модуль ",,"Неверный Data Received From Кузов Управление Модуль "
"U1000","U","base-only","SCP (J1850) Неверный or Missing Data for Primary Id","SCP (J1850) Неверный or Missing Data for Primary Id",
"U1001","U","base-only","SCP (J1850) Неверный or Missing Data for Primary Id","SCP (J1850) Неверный or Missing Data for Primary Id",
"U1002","U","base-only","SCP (J1850) Неверный or Missing Data for Primary Id","SCP (J1850) Неверный or Missing Data for Primary Id",
"U1003","U","base-only","SCP (J1850) Неверный or Missing Data for Primary Id","SCP (J1850) Неверный or Missing Data for Primary Id",
"U1004","U","base-only","SCP (J1850) Неверный or Missing Data for EEC Programming","SCP (J1850) Неверный or Missing Data for EEC Programming",
"U1005","U","base-only","SCP (J1850) Неверный or Missing Data for EEC Programming","SCP (J1850) Неверный or Missing Data for EEC Programming",
"U1006","U","base-only","SCP (J1850) Неверный or Missing Data for Primary Id","SCP (J1850) Неверный or Missing Data for Primary Id",
"U1007","U","base-only","SCP (J1850) Неверный or Missing Data for Primary Id","SCP (J1850) Неверный or Missing Data for Primary Id",
"U1008","U","base-only","SCP (J1850) Неверный or Missing Data for Двигатель Torque","SCP (J1850) Неверный or Missing Data for Двигатель Torque",
"U1009","U","base-only","SCP (J1850) Неверный or Missing Data for Двигатель Torque","SCP (J1850) Неверный or Missing Data for Двигатель Torque",
"U1010","U","base-only","SCP (J1850) Неверный or Missing Data for Двигатель Воздух Впуск","SCP (J1850) Неверный or Missing Data for Двигатель Воздух Впуск",
"U1011","U","base-only","SCP (J1850) Неверный or Missing Data for Двигатель Воздух Впуск","SCP (J1850) Неверный or Missing Data for Двигатель Воздух Впуск",
"U1012","U","base-only","SCP (J1850) Неверный or Missing Data for Primary Id","SCP (J1850) Неверный or Missing Data for Primary Id",
"U1013","U","base-only","SCP (J1850) Неверный or Missing Data for Primary Id","SCP (J1850) Неверный or Missing Data for Primary Id",
"U1014","U","base-only","SCP (J1850) Неверный or Missing Data for Primary Id","SCP (J1850) Неверный or Missing Data for Primary Id",
"U1015","U","base-only","SCP (J1850) Неверный or Missing Data for Primary Id","SCP (J1850) Неверный or Missing Data for Primary Id",
"U1016","U","base-only","SCP (J1850) Неверный or Missing Data for Primary Id","SCP (J1850) Неверный or Missing Data for Primary Id",
"U1017","U","base-only","SCP (J1850) Неверный or Missing Data for Primary Id","SCP (J1850) Неверный or Missing Data for Primary Id",
"U1018","U","base-only","SCP (J1850) Неверный or Missing Data for Дроссельная заслонка","SCP (J1850) Неверный or Missing Data for Дроссельная заслонка",
"U1019","U","base-only","SCP (J1850) Неверный or Missing Data for Дроссельная заслонка","SCP (J1850) Неверный or Missing Data for Дроссельная заслонка",
"U1020","U","base-only","SCP (J1850) Неверный or Missing Data for Воздух Conditioning Clutch","SCP (J1850) Неверный or Missing Data for Воздух Conditioning Clutch",
"U1021","U","base-only","SCP (J1850) Неверный or Missing Data for Воздух Conditioning Clutch","SCP (J1850) Неверный or Missing Data for Воздух Conditioning Clutch",
"U1022","U","base-only","SCP (J1850) Неверный or Missing Data for Primary Id","SCP (J1850) Неверный or Missing Data for Primary Id",
"U1023","U","base-only","SCP (J1850) Неверный or Missing Data for Primary Id","SCP (J1850) Неверный or Missing Data for Primary Id",
"U1024","U","base-only","SCP (J1850) Неверный or Missing Data for Primary Id","SCP (J1850) Неверный or Missing Data for Primary Id",
"U1025","U","base-only","SCP (J1850) Неверный or Missing Data for Primary Id","SCP (J1850) Неверный or Missing Data for Primary Id",
"U1026","U","base-only","SCP (J1850) Неверный or Missing Data for Обороты двигателя","SCP (J1850) Неверный or Missing Data for Обороты двигателя",
"U1027","U","base-only","SCP (J1850) Неверный or Missing Data for Обороты двигателя","SCP (J1850) Неверный or Missing Data for Обороты двигателя",
"U1028","U","base-only","SCP (J1850) Неверный or Missing Data for Primary Id","SCP (J1850) Неверный or Missing Data for Primary Id",
"U1029","U","base-only","SCP (J1850) Неверный or Missing Data for Primary Id","SCP (J1850) Неверный or Missing Data for Primary Id",
"U1030","U","base-only","SCP (J1850) Неверный or Missing Data for Experimental #1","SCP (J1850) Неверный or Missing Data for Experimental #1",
"U1031","U","base-only","SCP (J1850) Неверный or Missing Data for Experimental #1","SCP (J1850) Неверный or Missing Data for Experimental #1",
"U1032","U","base-only","SCP (J1850) Неверный or Missing Data for Primary Id","SCP (J1850) Неверный or Missing Data for Primary Id",
"U1033","U","base-only","SCP (J1850) Неверный or Missing Data for Primary Id","SCP (J1850) Неверный or Missing Data for Primary Id",
"U1034","U","base-only","SCP (J1850) Неверный or Missing Data for Primary Id","SCP (J1850) Неверный or Missing Data for Primary Id",
"U1035","U","base-only","SCP (J1850) Неверный or Missing Data for Primary Id","SCP (J1850) Неверный or Missing Data for Primary Id",
"U1036","U","base-only","SCP (J1850) Неверный or Missing Data for Wheels","SCP (J1850) Неверный or Missing Data for Wheels",
"U1037","U","base-only","SCP (J1850) Неверный or Missing Data for Wheels","SCP (J1850) Неверный or Missing Data for Wheels",
"U1038","U","base-only","SCP (J1850) Неверный or Missing Data for Primary Id","SCP (J1850) Неверный or Missing Data for Primary Id",
"U1039","U","base-only","SCP (J1850) Неверный or Missing Data for Primary Id / Скорость автомобиля","SCP (J1850) Неверный or Missing Data for Primary Id / Скорость автомобиля",
"U1040","U","base-only","SCP (J1850) Неверный or Missing Data for Скорость автомобиля","SCP (J1850) Неверный or Missing Data for Скорость автомобиля",
"U1041","U","base-only","SCP (J1850) Неверный or Missing Data for Скорость автомобиля","SCP (J1850) Неверный or Missing Data for Скорость автомобиля",
"U1042","U","base-only","SCP (J1850) Неверный or Missing Data for Traction Управление","SCP (J1850) Неверный or Missing Data for Traction Управление",
"U1043","U","base-only","SCP (J1850) Неверный or Missing Data for Traction Управление","SCP (J1850) Неверный or Missing Data for Traction Управление",
"U1044","U","base-only","SCP (J1850) Неверный or Missing Data for Traction Motor","SCP (J1850) Неверный or Missing Data for Traction Motor",
"U1045","U","base-only","SCP (J1850) Неверный or Missing Data for Traction Motor","SCP (J1850) Неверный or Missing Data for Traction Motor",
"U1046","U","base-only","SCP (J1850) Неверный or Missing Data for Primary Id","SCP (J1850) Неверный or Missing Data for Primary Id",
"U1047","U","base-only","SCP (J1850) Неверный or Missing Data for Primary Id","SCP (J1850) Неверный or Missing Data for Primary Id",
"U1048","U","base-only","SCP (J1850) Неверный or Missing Data for Primary Id","SCP (J1850) Неверный or Missing Data for Primary Id",
"U1049","U","base-only","SCP (J1850) Неверный or Missing Data for Primary Id","SCP (J1850) Неверный or Missing Data for Primary Id",
"U1050","U","base-only","SCP (J1850) Неверный or Missing Data for Brakes","SCP (J1850) Неверный or Missing Data for Brakes",
"U1051","U","base-only","SCP (J1850) Неверный or Missing Data for Brakes","SCP (J1850) Неверный or Missing Data for Brakes",
"U1052","U","base-only","SCP (J1850) Неверный or Missing Data for Steering / Steering Wheel","SCP (J1850) Неверный or Missing Data for Steering / Steering Wheel",
"U1053","U","base-only","SCP (J1850) Неверный or Missing Data for Steering / Steering Wheel","SCP (J1850) Неверный or Missing Data for Steering / Steering Wheel",
"U1054","U","base-only","SCP (J1850) Неверный or Missing Data for Primary Id","SCP (J1850) Неверный or Missing Data for Primary Id",
"U1055","U","base-only","SCP (J1850) Неверный or Missing Data for Primary Id","SCP (J1850) Неверный or Missing Data for Primary Id",
"U1056","U","base-only","SCP (J1850) Неверный or Missing Data for Автомобиль Configuration","SCP (J1850) Неверный or Missing Data for Автомобиль Configuration",
"U1057","U","base-only","SCP (J1850) Неверный or Missing Data for Автомобиль Configuration","SCP (J1850) Неверный or Missing Data for Автомобиль Configuration",
"U1058","U","base-only","SCP (J1850) Неверный or Missing Data for Трансмиссия / Transaxle / PRNDL","SCP (J1850) Неверный or Missing Data for Трансмиссия / Transaxle / PRNDL",
"U1059","U","base-only","SCP (J1850) Неверный or Missing Data for Трансмиссия / Transaxle / PRNDL","SCP (J1850) Неверный or Missing Data for Трансмиссия / Transaxle / PRNDL",
"U1060","U","base-only","SCP (J1850) Неверный or Missing Data for Primary Id","SCP (J1850) Неверный or Missing Data for Primary Id",
"U1061","U","base-only","SCP (J1850) Неверный or Missing Data for Primary Id","SCP (J1850) Неверный or Missing Data for Primary Id",
"U1062","U","base-only","SCP (J1850) Неверный or Missing Data for Primary Id","SCP (J1850) Неверный or Missing Data for Primary Id",
"U1063","U","base-only","SCP (J1850) Неверный or Missing Data for Primary Id","SCP (J1850) Неверный or Missing Data for Primary Id",
"U1064","U","base-only","SCP (J1850) Неверный or Missing Data for Primary Id","SCP (J1850) Неверный or Missing Data for Primary Id",
"U1065","U","base-only","SCP (J1850) Неверный or Missing Data for Primary Id","SCP (J1850) Неверный or Missing Data for Primary Id",
"U1066","U","base-only","SCP (J1850) Неверный or Missing Data for Primary Id","SCP (J1850) Неверный or Missing Data for Primary Id",
"U1067","U","base-only","SCP (J1850) Неверный or Missing Data for Primary Id","SCP (J1850) Неверный or Missing Data for Primary Id",
"U1068","U","base-only","SCP (J1850) Неверный or Missing Data for Primary Id","SCP (J1850) Неверный or Missing Data for Primary Id",
"U1069","U","base-only","SCP (J1850) Неверный or Missing Data for Primary Id","SCP (J1850) Неверный or Missing Data for Primary Id",
"U1070","U","base-only","SCP (J1850) Неверный or Missing Data for Двигатель Sensors","SCP (J1850) Неверный or Missing Data for Двигатель Sensors",
"U1071","U","base-only","SCP (J1850) Неверный or Missing Data for Двигатель Sensors","SCP (J1850) Неверный or Missing Data for Двигатель Sensors",
"U1072","U","base-only","SCP (J1850) Неверный or Missing Data for Двигатель Охлаждающая жидкость","SCP (J1850) Неверный or Missing Data for Двигатель Охлаждающая жидкость",
"U1073","U","base-only","SCP (J1850) Неверный or Missing Data for Двигатель Охлаждающая жидкость","SCP (J1850) Неверный or Missing Data for Двигатель Охлаждающая жидкость",
"U1074","U","base-only","SCP (J1850) Неверный or Missing Data for Двигатель Oil","SCP (J1850) Неверный or Missing Data for Двигатель Oil",
"U1075","U","base-only","SCP (J1850) Неверный or Missing Data for Двигатель Oil Temp","SCP (J1850) Неверный or Missing Data for Двигатель Oil Temp",
"U1076","U","base-only","SCP (J1850) Неверный or Missing Data for Primary Id","SCP (J1850) Неверный or Missing Data for Primary Id",
"U1077","U","base-only","SCP (J1850) Неверный or Missing Data for Primary Id","SCP (J1850) Неверный or Missing Data for Primary Id",
"U1078","U","base-only","SCP (J1850) Неверный or Missing Data for Primary Id","SCP (J1850) Неверный or Missing Data for Primary Id",
"U1079","U","base-only","SCP (J1850) Неверный or Missing Data for Primary Id","SCP (J1850) Неверный or Missing Data for Primary Id",
"U1080","U","base-only","SCP (J1850) Неверный or Missing Data for Primary Id","SCP (J1850) Неверный or Missing Data for Primary Id",
"U1081","U","base-only","SCP (J1850) Неверный or Missing Data for Primary Id","SCP (J1850) Неверный or Missing Data for Primary Id",
"U1082","U","base-only","SCP (J1850) Неверный or Missing Data for Двигатель Systems Other","SCP (J1850) Неверный or Missing Data for Двигатель Systems Other",
"U1083","U","base-only","SCP (J1850) Неверный or Missing Data for Двигатель Systems Other","SCP (J1850) Неверный or Missing Data for Двигатель Systems Other",
"U1084","U","base-only","SCP (J1850) Неверный or Missing Data for Силовой агрегат Состояние Запрос","SCP (J1850) Неверный or Missing Data for Силовой агрегат Состояние Запрос",
"U1085","U","base-only","SCP (J1850) Неверный or Missing Data for Силовой агрегат Состояние Запрос","SCP (J1850) Неверный or Missing Data for Силовой агрегат Состояние Запрос",
"U1086","U","base-only","SCP (J1850) Неверный or Missing Data for Primary Id","SCP (J1850) Неверный or Missing Data for Primary Id",
"U1087","U","base-only","SCP (J1850) Неверный or Missing Data for Primary Id","SCP (J1850) Неверный or Missing Data for Primary Id",
"U1088","U","base-only","SCP (J1850) Неверный or Missing Data for Suspension","SCP (J1850) Неверный or Missing Data for Suspension",
"U1089","U","base-only","SCP (J1850) Неверный or Missing Data for Suspension","SCP (J1850) Неверный or Missing Data for Suspension",
"U1090","U","base-only","SCP (J1850) Неверный or Missing Data for Non-Legislated Diagnostics","SCP (J1850) Неверный or Missing Data for Non-Legislated Diagnostics",
"U1091","U","base-only","SCP (J1850) Неверный or Missing Data for Non-Legislated Diagnostics","SCP (J1850) Неверный or Missing Data for Non-Legislated Diagnostics",
"U1092","U","base-only","SCP (J1850) Неверный or Missing Data for Primary Id","SCP (J1850) Неверный or Missing Data for Primary Id",
"U1093","U","base-only","SCP (J1850) Неверный or Missing Data for Primary Id","SCP (J1850) Неверный or Missing Data for Primary Id",
"U1094","U","base-only","SCP (J1850) Неверный or Missing Data for Experimental #2","SCP (J1850) Неверный or Missing Data for Experimental #2",
"U1095","U","base-only","SCP (J1850) Неверный or Missing Data for Experimental #2","SCP (J1850) Неверный or Missing Data for Experimental #2",
"U1096","U","base-only","SCP (J1850) Неверный or Missing Data for Primary Id","SCP (J1850) Неверный or Missing Data for Primary Id",
"U1097","U","base-only","SCP (J1850) Неверный or Missing Data for Primary Id","SCP (J1850) Неверный or Missing Data for Primary Id",
"U1098","U","base-only","SCP (J1850) Неверный or Missing Data for Скорость автомобиля Управление","SCP (J1850) Неверный or Missing Data for Скорость автомобиля Управление",
"U1099","U","base-only","SCP (J1850) Неверный or Missing Data for Скорость автомобиля Управление","SCP (J1850) Неверный or Missing Data for Скорость автомобиля Управление",
"U1100","U","base-only","SCP (J1850) Неверный or Missing Data for Primary Id","SCP (J1850) Неверный or Missing Data for Primary Id",
"U1101","U","base-only","SCP (J1850) Неверный or Missing Data for Primary Id","SCP (J1850) Неверный or Missing Data for Primary Id",
"U1102","U","base-only","SCP (J1850) Неверный or Missing Data for Primary Id","SCP (J1850) Неверный or Missing Data for Primary Id",
"U1103","U","base-only","SCP (J1850) Неверный or Missing Data for Primary Id","SCP (J1850) Неверный or Missing Data for Primary Id",
"U1104","U","base-only","SCP (J1850) Неверный or Missing Data for Шасси Состояние Запрос","SCP (J1850) Неверный or Missing Data for Шасси Состояние Запрос",
"U1105","U","base-only","SCP (J1850) Неверный or Missing Data for Шасси Состояние Запрос","SCP (J1850) Неверный or Missing Data for Шасси Состояние Запрос",
"U1106","U","base-only","SCP (J1850) Неверный or Missing Data for Legislated Diagnostics","SCP (J1850) Неверный or Missing Data for Legislated Diagnostics",
"U1107","U","base-only","SCP (J1850) Неверный or Missing Data for Legislated Diagnostics","SCP (J1850) Неверный or Missing Data for Legislated Diagnostics",
"U1108","U","base-only","SCP (J1850) Неверный or Missing Data for Electric Traction Drive (Inverter)","SCP (J1850) Неверный or Missing Data for Electric Traction Drive (Inverter)",
"U1109","U","base-only","SCP (J1850) Неверный or Missing Data for Electric Traction Drive (Inverter)","SCP (J1850) Неверный or Missing Data for Electric Traction Drive (Inverter)",
"U1110","U","base-only","SCP (J1850) Неверный or Missing Data for Primary Id","SCP (J1850) Неверный or Missing Data for Primary Id",
"U1111","U","base-only","SCP (J1850) Неверный or Missing Data for Primary Id","SCP (J1850) Неверный or Missing Data for Primary Id",
"U1112","U","base-only","SCP (J1850) Неверный or Missing Data for Primary Id","SCP (J1850) Неверный or Missing Data for Primary Id",
"U1113","U","base-only","SCP (J1850) Неверный or Missing Data for Primary Id","SCP (J1850) Неверный or Missing Data for Primary Id",
"U1114","U","base-only","SCP (J1850) Неверный or Missing Data for Charging Система","SCP (J1850) Неверный or Missing Data for Charging Система",
"U1115","U","base-only","SCP (J1850) Неверный or Missing Data for Charging Система","SCP (J1850) Неверный or Missing Data for Charging Система",
"U1116","U","base-only","SCP (J1850) Неверный or Missing Data for Electrical Energy Management","SCP (J1850) Неверный or Missing Data for Electrical Energy Management",
"U1117","U","base-only","SCP (J1850) Неверный or Missing Data for Electrical Energy Management","SCP (J1850) Неверный or Missing Data for Electrical Energy Management",
"U1118","U","base-only","SCP (J1850) Неверный or Missing Data for Primary Id","SCP (J1850) Неверный or Missing Data for Primary Id",
"U1119","U","base-only","SCP (J1850) Неверный or Missing Data for Primary Id","SCP (J1850) Неверный or Missing Data for Primary Id",
"U1120","U","base-only","SCP (J1850) Неверный or Missing Data for Primary Id","SCP (J1850) Неверный or Missing Data for Primary Id",
"U1121","U","base-only","SCP (J1850) Неверный or Missing Data for Primary Id","SCP (J1850) Неверный or Missing Data for Primary Id",
"U1122","U","base-only","SCP (J1850) Неверный or Missing Data for Odometer","SCP (J1850) Неверный or Missing Data for Odometer",
"U1123","U","base-only","SCP (J1850) Неверный or Missing Data for Odometer","SCP (J1850) Неверный or Missing Data for Odometer",
"U1124","U","base-only","SCP (J1850) Неверный or Missing Data for Primary Id","SCP (J1850) Неверный or Missing Data for Primary Id",
"U1125","U","base-only","SCP (J1850) Неверный or Missing Data for Primary Id","SCP (J1850) Неверный or Missing Data for Primary Id",
"U1126","U","base-only","SCP (J1850) Неверный or Missing Data for Primary Id","SCP (J1850) Неверный or Missing Data for Primary Id",
"U1127","U","base-only","SCP (J1850) Неверный or Missing Data for Primary Id","SCP (J1850) Неверный or Missing Data for Primary Id",
"U1128","U","base-only","SCP (J1850) Неверный or Missing Data for Primary Id","SCP (J1850) Неверный or Missing Data for Primary Id",
"U1129","U","base-only","SCP (J1850) Неверный or Missing Data for Primary Id","SCP (J1850) Неверный or Missing Data for Primary Id",
"U1130","U","base-only","SCP (J1850) Неверный or Missing Data for Топливная система","SCP (J1850) Неверный or Missing Data for Топливная система",
"U1131","U","base-only","SCP (J1850) Неверный or Missing Data for Топливная система","SCP (J1850) Неверный or Missing Data for Топливная система",
"U1132","U","base-only","SCP (J1850) Неверный or Missing Data for Автомобиль Motion","SCP (J1850) Неверный or Missing Data for Автомобиль Motion",
"U1133","U","base-only","SCP (J1850) Неверный or Missing Data for Автомобиль Motion","SCP (J1850) Неверный or Missing Data for Автомобиль Motion",
"U1134","U","base-only","SCP (J1850) Неверный or Missing Data for Зажигание Switch / Starter","SCP (J1850) Неверный or Missing Data for Зажигание Switch / Starter",
"U1135","U","base-only","SCP (J1850) Неверный or Missing Data for Зажигание Switch / Starter","SCP (J1850) Неверный or Missing Data for Зажигание Switch / Starter",
"U1136","U","base-only","SCP (J1850) Неверный or Missing Data for Telltales","SCP (J1850) Неверный or Missing Data for Telltales",
"U1137","U","base-only","SCP (J1850) Неверный or Missing Data for Telltales","SCP (J1850) Неверный or Missing Data for Telltales",
"U1138","U","base-only","SCP (J1850) Неверный or Missing Data for Primary Id","SCP (J1850) Неверный or Missing Data for Primary Id",
"U1139","U","base-only","SCP (J1850) Неверный or Missing Data for Primary Id","SCP (J1850) Неверный or Missing Data for Primary Id",
"U1140","U","base-only","SCP (J1850) Неверный or Missing Data for Gateway","SCP (J1850) Неверный or Missing Data for Gateway",
"U1141","U","base-only","SCP (J1850) Неверный or Missing Data for Gateway","SCP (J1850) Неверный or Missing Data for Gateway",
"U1142","U","base-only","SCP (J1850) Неверный or Missing Data for Primary Id","SCP (J1850) Неверный or Missing Data for Primary Id",
"U1143","U","base-only","SCP (J1850) Неверный or Missing Data for Primary Id","SCP (J1850) Неверный or Missing Data for Primary Id",
"U1144","U","base-only","SCP (J1850) Неверный or Missing Data for Primary Id","SCP (J1850) Неверный or Missing Data for Primary Id",
"U1145","U","base-only","SCP (J1850) Неверный or Missing Data for Primary Id","SCP (J1850) Неверный or Missing Data for Primary Id",
"U1146","U","base-only","SCP (J1850) Неверный or Missing Data for Автомобиль Security","SCP (J1850) Неверный or Missing Data for Автомобиль Security",
"U1147","U","base-only","SCP (J1850) Неверный or Missing Data for Автомобиль Security","SCP (J1850) Неверный or Missing Data for Автомобиль Security",
"U1148","U","base-only","SCP (J1850) Неверный or Missing Data for Audio Управление","SCP (J1850) Неверный or Missing Data for Audio Управление",
"U1149","U","base-only","SCP (J1850) Неверный or Missing Data for Audio Управление","SCP (J1850) Неверный or Missing Data for Audio Управление",
"U1150","U","base-only","SCP (J1850) Неверный or Missing Data for Audible Warnings","SCP (J1850) Неверный or Missing Data for Audible Warnings",
"U1151","U","base-only","SCP (J1850) Неверный or Missing Data for Audible Warnings","SCP (J1850) Неверный or Missing Data for Audible Warnings",
"U1152","U","base-only","SCP (J1850) Неверный or Missing Data for Experimental #3","SCP (J1850) Неверный or Missing Data for Experimental #3",
"U1153","U","base-only","SCP (J1850) Неверный or Missing Data for Experimental #3","SCP (J1850) Неверный or Missing Data for Experimental #3",
"U1154","U","base-only","SCP (J1850) Неверный or Missing Data for Compact Disc","SCP (J1850) Неверный or Missing Data for Compact Disc",
"U1155","U","base-only","SCP (J1850) Неверный or Missing Data for Compact Disc","SCP (J1850) Неверный or Missing Data for Compact Disc",
"U1156","U","base-only","SCP (J1850) Неверный or Missing Data for Digital Сигнал Processing","SCP (J1850) Неверный or Missing Data for Digital Сигнал Processing",
"U1157","U","base-only","SCP (J1850) Неверный or Missing Data for Digital Сигнал Processing","SCP (J1850) Неверный or Missing Data for Digital Сигнал Processing",
"U1158","U","base-only","SCP (J1850) Неверный or Missing Data for Antenna","SCP (J1850) Неверный or Missing Data for Antenna",
"U1159","U","base-only","SCP (J1850) Неверный or Missing Data for Antenna","SCP (J1850) Неверный or Missing Data for Antenna",
"U1160","U","base-only","SCP (J1850) Неверный or Missing Data for Primary Id","SCP (J1850) Неверный or Missing Data for Primary Id",
"U1161","U","base-only","SCP (J1850) Неверный or Missing Data for Primary Id","SCP (J1850) Неверный or Missing Data for Primary Id",
"U1162","U","base-only","SCP (J1850) Неверный or Missing Data for Digital Audio Tape","SCP (J1850) Неверный or Missing Data for Digital Audio Tape",
"U1163","U","base-only","SCP (J1850) Неверный or Missing Data for Digital Audio Tape","SCP (J1850) Неверный or Missing Data for Digital Audio Tape",
"U1164","U","base-only","SCP (J1850) Неверный or Missing Data for Tuner / Receiver","SCP (J1850) Неверный or Missing Data for Tuner / Receiver",
"U1165","U","base-only","SCP (J1850) Неверный or Missing Data for Tuner / Receiver","SCP (J1850) Неверный or Missing Data for Tuner / Receiver",
"U1166","U","base-only","SCP (J1850) Неверный or Missing Data for Cassette Tape","SCP (J1850) Неверный or Missing Data for Cassette Tape",
"U1167","U","base-only","SCP (J1850) Неверный or Missing Data for Cassette Tape","SCP (J1850) Неверный or Missing Data for Cassette Tape",
"U1168","U","base-only","SCP (J1850) Неверный or Missing Data for Primary Id","SCP (J1850) Неверный or Missing Data for Primary Id",
"U1169","U","base-only","SCP (J1850) Неверный or Missing Data for Primary Id","SCP (J1850) Неверный or Missing Data for Primary Id",
"U1170","U","base-only","SCP (J1850) Неверный or Missing Data for Cellular Phone / Paging Система","SCP (J1850) Неверный or Missing Data for Cellular Phone / Paging Система",
"U1171","U","base-only","SCP (J1850) Неверный or Missing Data for Cellular Phone / Paging Система","SCP (J1850) Неверный or Missing Data for Cellular Phone / Paging Система",
"U1172","U","base-only","SCP (J1850) Неверный or Missing Data for Remote Button Управление","SCP (J1850) Неверный or Missing Data for Remote Button Управление",
"U1173","U","base-only","SCP (J1850) Неверный or Missing Data for Remote Button Управление","SCP (J1850) Неверный or Missing Data for Remote Button Управление",
"U1174","U","base-only","SCP (J1850) Неверный or Missing Data for Primary Id","SCP (J1850) Неверный or Missing Data for Primary Id",
"U1175","U","base-only","SCP (J1850) Неверный or Missing Data for Primary Id","SCP (J1850) Неверный or Missing Data for Primary Id",
"U1176","U","base-only","SCP (J1850) Неверный or Missing Data for Primary Id","SCP (J1850) Неверный or Missing Data for Primary Id",
"U1177","U","base-only","SCP (J1850) Неверный or Missing Data for Primary Id","SCP (J1850) Неверный or Missing Data for Primary Id",
"U1178","U","base-only","SCP (J1850) Неверный or Missing Data for Climate Управление (HVAC)","SCP (J1850) Неверный or Missing Data for Climate Управление (HVAC)",
"U1179","U","base-only","SCP (J1850) Неверный or Missing Data for Climate Управление (HVAC)","SCP (J1850) Неверный or Missing Data for Climate Управление (HVAC)",
"U1180","U","base-only","SCP (J1850) Неверный or Missing Data for Personalization (Memory) Features","SCP (J1850) Неверный or Missing Data for Personalization (Memory) Features",
"U1181","U","base-only","SCP (J1850) Неверный or Missing Data for Personalization (Memory) Features","SCP (J1850) Неверный or Missing Data for Personalization (Memory) Features",
"U1182","U","base-only","SCP (J1850) Неверный or Missing Data for Primary Id","SCP (J1850) Неверный or Missing Data for Primary Id",
"U1183","U","base-only","SCP (J1850) Неверный or Missing Data for Primary Id","SCP (J1850) Неверный or Missing Data for Primary Id",
"U1184","U","base-only","SCP (J1850) Неверный or Missing Data for Window Wiper / Washer","SCP (J1850) Неверный or Missing Data for Window Wiper / Washer",
"U1185","U","base-only","SCP (J1850) Неверный or Missing Data for Window Wiper / Washer","SCP (J1850) Неверный or Missing Data for Window Wiper / Washer",
"U1186","U","base-only","SCP (J1850) Неверный or Missing Data for Primary Id","SCP (J1850) Неверный or Missing Data for Primary Id",
"U1187","U","base-only","SCP (J1850) Неверный or Missing Data for Primary Id","SCP (J1850) Неверный or Missing Data for Primary Id",
"U1188","U","base-only","SCP (J1850) Неверный or Missing Data for Primary Id","SCP (J1850) Неверный or Missing Data for Primary Id",
"U1189","U","base-only","SCP (J1850) Неверный or Missing Data for Primary Id","SCP (J1850) Неверный or Missing Data for Primary Id",
"U1190","U","base-only","SCP (J1850) Неверный or Missing Data for Primary Id","SCP (J1850) Неверный or Missing Data for Primary Id",
"U1191","U","base-only","SCP (J1850) Неверный or Missing Data for Primary Id","SCP (J1850) Неверный or Missing Data for Primary Id",
"U1192","U","base-only","SCP (J1850) Неверный or Missing Data for Primary Id","SCP (J1850) Неверный or Missing Data for Primary Id",
"U1193","U","base-only","SCP (J1850) Неверный or Missing Data for Primary Id","SCP (J1850) Неверный or Missing Data for Primary Id",
"U1194","U","base-only","SCP (J1850) Неверный or Missing Data for Mirrors","SCP (J1850) Неверный or Missing Data for Mirrors",
"U1195","U","base-only","SCP (J1850) Неверный or Missing Data for Mirrors","SCP (J1850) Неверный or Missing Data for Mirrors",
"U1196","U","base-only","SCP (J1850) Неверный or Missing Data for Door Locks","SCP (J1850) Неверный or Missing Data for Door Locks",
"U1197","U","base-only","SCP (J1850) Неверный or Missing Data for Door Locks","SCP (J1850) Неверный or Missing Data for Door Locks",
"U1198","U","base-only","SCP (J1850) Неверный or Missing Data for External Access (Doors)","SCP (J1850) Неверный or Missing Data for External Access (Doors)",
"U1199","U","base-only","SCP (J1850) Неверный or Missing Data for External Access (Doors)","SCP (J1850) Неверный or Missing Data for External Access (Doors)",
"U1200","U","base-only","SCP (J1850) Неверный or Missing Data for Сиденье Motion / Управление","SCP (J1850) Неверный or Missing Data for Сиденье Motion / Управление",
"U1201","U","base-only","SCP (J1850) Неверный or Missing Data for Сиденье Motion / Управление","SCP (J1850) Неверный or Missing Data for Сиденье Motion / Управление",
"U1202","U","base-only","SCP (J1850) Неверный or Missing Data for Windows","SCP (J1850) Неверный or Missing Data for Windows",
"U1203","U","base-only","SCP (J1850) Неверный or Missing Data for Windows","SCP (J1850) Неверный or Missing Data for Windows",
"U1204","U","base-only","SCP (J1850) Неверный or Missing Data for Steering Column","SCP (J1850) Неверный or Missing Data for Steering Column",
"U1205","U","base-only","SCP (J1850) Неверный or Missing Data for Steering Column","SCP (J1850) Неверный or Missing Data for Steering Column",
"U1206","U","base-only","SCP (J1850) Неверный or Missing Data for Primary Id","SCP (J1850) Неверный or Missing Data for Primary Id",
"U1207","U","base-only","SCP (J1850) Неверный or Missing Data for Primary Id","SCP (J1850) Неверный or Missing Data for Primary Id",
"U1208","U","base-only","SCP (J1850) Неверный or Missing Data for Сиденье Switches","SCP (J1850) Неверный or Missing Data for Сиденье Switches",
"U1209","U","base-only","SCP (J1850) Неверный or Missing Data for Сиденье Switches","SCP (J1850) Неверный or Missing Data for Сиденье Switches",
"U1210","U","base-only","SCP (J1850) Неверный or Missing Data for Restraints","SCP (J1850) Неверный or Missing Data for Restraints",
"U1211","U","base-only","SCP (J1850) Неверный or Missing Data for Restraints","SCP (J1850) Неверный or Missing Data for Restraints",
"U1212","U","base-only","SCP (J1850) Неверный or Missing Data for Primary Id","SCP (J1850) Неверный or Missing Data for Primary Id",
"U1213","U","base-only","SCP (J1850) Неверный or Missing Data for Primary Id","SCP (J1850) Неверный or Missing Data for Primary Id",
"U1214","U","base-only","SCP (J1850) Неверный or Missing Data for Primary Id","SCP (J1850) Неверный or Missing Data for Primary Id",
"U1215","U","base-only","SCP (J1850) Неверный or Missing Data for Primary Id","SCP (J1850) Неверный or Missing Data for Primary Id",
"U1216","U","base-only","SCP (J1850) Неверный or Missing Data for External Лампа Outage","SCP (J1850) Неверный or Missing Data for External Лампа Outage",
"U1217","U","base-only","SCP (J1850) Неверный or Missing Data for External Лампа Outage","SCP (J1850) Неверный or Missing Data for External Лампа Outage",
"U1218","U","base-only","SCP (J1850) Неверный or Missing Data for External Lamps","SCP (J1850) Неверный or Missing Data for External Lamps",
"U1219","U","base-only","SCP (J1850) Неверный or Missing Data for External Lamps","SCP (J1850) Неверный or Missing Data for External Lamps",
"U1220","U","base-only","SCP (J1850) Неверный or Missing Data for Interior Лампа Outage","SCP (J1850) Неверный or Missing Data for Interior Лампа Outage",
"U1221","U","base-only","SCP (J1850) Неверный or Missing Data for Interior Лампа Outage","SCP (J1850) Неверный or Missing Data for Interior Лампа Outage",
"U1222","U","base-only","SCP (J1850) Неверный or Missing Data for Interior Lamps","SCP (J1850) Неверный or Missing Data for Interior Lamps",
"U1223","U","base-only","SCP (J1850) Неверный or Missing Data for Interior Lamps","SCP (J1850) Неверный or Missing Data for Interior Lamps",
"U1224","U","base-only","SCP (J1850) Неверный or Missing Data for Primary Id","SCP (J1850) Неверный or Missing Data for Primary Id",
"U1225","U","base-only","SCP (J1850) Неверный or Missing Data for Primary Id","SCP (J1850) Неверный or Missing Data for Primary Id",
"U1226","U","base-only","SCP (J1850) Неверный or Missing Data for Кузов Состояние Запрос","SCP (J1850) Неверный or Missing Data for Кузов Состояние Запрос",
"U1227","U","base-only","SCP (J1850) Неверный or Missing Data for Кузов Состояние Запрос","SCP (J1850) Неверный or Missing Data for Кузов Состояние Запрос",
"U1228","U","base-only","SCP (J1850) Неверный or Missing Data for Tires","SCP (J1850) Неверный or Missing Data for Tires",
"U1229","U","base-only","SCP (J1850) Неверный or Missing Data for Tires","SCP (J1850) Неверный or Missing Data for Tires",
"U1230","U","base-only","SCP (J1850) Неверный or Missing Data for Electric Defrost","SCP (J1850) Неверный or Missing Data for Electric Defrost",
"U1231","U","base-only","SCP (J1850) Неверный or Missing Data for Electric Defrost","SCP (J1850) Неверный or Missing Data for Electric Defrost",
"U1232","U","base-only","SCP (J1850) Неверный or Missing Data for Navigation","SCP (J1850) Неверный or Missing Data for Navigation",
"U1233","U","base-only","SCP (J1850) Неверный or Missing Data for Navigation","SCP (J1850) Неверный or Missing Data for Navigation",
"U1234","U","base-only","SCP (J1850) Неверный or Missing Data for Displays","SCP (J1850) Неверный or Missing Data for Displays",
"U1235","U","base-only","SCP (J1850) Неверный or Missing Data for Displays","SCP (J1850) Неверный or Missing Data for Displays",
"U1236","U","base-only","SCP (J1850) Неверный or Missing Data for Memory Storage","SCP (J1850) Неверный or Missing Data for Memory Storage",
"U1237","U","base-only","SCP (J1850) Неверный or Missing Data for Memory Storage","SCP (J1850) Неверный or Missing Data for Memory Storage",
"U1238","U","base-only","SCP (J1850) Неверный or Missing Data for Experimental #4","SCP (J1850) Неверный or Missing Data for Experimental #4",
"U1239","U","base-only","SCP (J1850) Неверный or Missing Data for Experimental #4","SCP (J1850) Неверный or Missing Data for Experimental #4",
"U1240","U","base-only","SCP (J1850) Неверный or Missing Data for Primary Id","SCP (J1850) Неверный or Missing Data for Primary Id",
"U1241","U","base-only","SCP (J1850) Неверный or Missing Data for Primary Id","SCP (J1850) Неверный or Missing Data for Primary Id",
"U1242","U","base-only","SCP (J1850) Неверный or Missing Data for Exterior Environment","SCP (J1850) Неверный or Missing Data for Exterior Environment",
"U1243","U","base-only","SCP (J1850) Неверный or Missing Data for Exterior Environment","SCP (J1850) Неверный or Missing Data for Exterior Environment",
"U1244","U","base-only","SCP (J1850) Неверный or Missing Data for Interior Environment","SCP (J1850) Неверный or Missing Data for Interior Environment",
"U1245","U","base-only","SCP (J1850) Неверный or Missing Data for Interior Environment","SCP (J1850) Неверный or Missing Data for Interior Environment",
"U1246","U","base-only","SCP (J1850) Неверный or Missing Data for Primary Id","SCP (J1850) Неверный or Missing Data for Primary Id",
"U1247","U","base-only","SCP (J1850) Неверный or Missing Data for Primary Id","SCP (J1850) Неверный or Missing Data for Primary Id",
"U1248","U","base-only","SCP (J1850) Неверный or Missing Data for Time / Date","SCP (J1850) Неверный or Missing Data for Time / Date",
"U1249","U","base-only","SCP (J1850) Неверный or Missing Data for Time / Date","SCP (J1850) Неверный or Missing Data for Time / Date",
"U1250","U","base-only","SCP (J1850) Неверный or Missing Data for Автомобиль Id (VIN)","SCP (J1850) Неверный or Missing Data for Автомобиль Id (VIN)",
"U1251","U","base-only","SCP (J1850) Неверный or Missing Data for Автомобиль Id (VIN)","SCP (J1850) Неверный or Missing Data for Автомобиль Id (VIN)",
"U1252","U","base-only","SCP (J1850) Неверный or Missing Data for Class A Functions","SCP (J1850) Неверный or Missing Data for Class A Functions",
"U1253","U","base-only","SCP (J1850) Неверный or Missing Data for Class A Functions","SCP (J1850) Неверный or Missing Data for Class A Functions",
"U1254","U","base-only","SCP (J1850) Неверный or Missing Data for Сеть Управление","SCP (J1850) Неверный or Missing Data for Сеть Управление",
"U1255","U","base-only","SCP (J1850) Неверный or Missing Data for Сеть Управление","SCP (J1850) Неверный or Missing Data for Сеть Управление",
"U1260","U","base-only","SCP (J1850) Single Ended (+) Цепь Failure","SCP (J1850) Single Ended (+) Цепь Failure",
"U1261","U","base-only","SCP (J1850) Single Ended (-) Цепь Failure","SCP (J1850) Single Ended (-) Цепь Failure",
"U1262","U","base-only","SCP (J1850) Связь Bus Fault","SCP (J1850) Связь Bus Fault",
"U1308","U","base-only","SCP (J1850) Неверный or Missing Data for Function Read Двигатель Torque","SCP (J1850) Неверный or Missing Data for Function Read Двигатель Torque",
"U1341","U","base-only","SCP (J1850) Неверный or Missing Data for Function Read Скорость автомобиля","SCP (J1850) Неверный or Missing Data for Function Read Скорость автомобиля",
"U1430","U","base-only","SCP (J1850) Неверный or Missing Data for Function Read Топливная система","SCP (J1850) Неверный or Missing Data for Function Read Топливная система",
"U1451","U","base-only","SCP (J1850) Неверный or Missing Data for Function Read Audible Warnings / Anti-Theft Модуль, Автомобиль Immobilized","SCP (J1850) Неверный or Missing Data for Function Read Audible Warnings / Anti-Theft Модуль, Автомобиль Immobilized",
"U1612","U","base-only","SCP (J1850) Lack of Acknowledgment for Primary Id","SCP (J1850) Lack of Acknowledgment for Primary Id",
"U1736","U","base-only","SCP (J1850) Lack of Acknowledgment for Telltales","SCP (J1850) Lack of Acknowledgment for Telltales",
"U1750","U","base-only","SCP (J1850) Lack of Acknowledgment for Audible Warnings","SCP (J1850) Lack of Acknowledgment for Audible Warnings",
"U1794","U","base-only","SCP (J1850) Lack of Acknowledgment for Mirrors","SCP (J1850) Lack of Acknowledgment for Mirrors",
"U1797","U","base-only","SCP (J1850) Lack of Acknowledgment for Door Locks","SCP (J1850) Lack of Acknowledgment for Door Locks",
"U1798","U","base-only","SCP (J1850) Lack of Acknowledgment for External Access (Doors)","SCP (J1850) Lack of Acknowledgment for External Access (Doors)",
"U1806","U","base-only","SCP (J1850) Lack of Acknowledgment for Primary Id","SCP (J1850) Lack of Acknowledgment for Primary Id",
"U1900","U","base-only","CAN Связь Bus Fault","CAN Связь Bus Fault",
"U1950","U","base-only","UPB Связь Bus Fault","UPB Связь Bus Fault",
"U2000","U","base-only","Audio Rear Управление Unit is Not Responding","Audio Rear Управление Unit is Not Responding",
"U2001","U","base-only","Audio Tape Deck Unit is Not Responding","Audio Tape Deck Unit is Not Responding",
"U2002","U","base-only","Audio Bezel is Not Responding","Audio Bezel is Not Responding",
"U2003","U","base-only","Audio Compact Disk / Disk Jockey Unit is Not Responding","Audio Compact Disk / Disk Jockey Unit is Not Responding",
"U2004","U","base-only","Audio Steering Wheel Управление Unit is Not Responding","Audio Steering Wheel Управление Unit is Not Responding",
"U2005","U","base-only","Audio Rear Integrated Управление Panel Unit is Not Responding","Audio Rear Integrated Управление Panel Unit is Not Responding",
"U2006","U","base-only","Audio Remote Climate Управление Unit is Not Responding","Audio Remote Climate Управление Unit is Not Responding",
"U2007","U","base-only","Audio Navigation Unit is Not Responding","Audio Navigation Unit is Not Responding",
"U2008","U","base-only","Audio Phone is Not Responding","Audio Phone is Not Responding",
"U2009","U","base-only","Audio Front Управление Модуль (ACM) is Not Responding","Audio Front Управление Модуль (ACM) is Not Responding",
"U2010","U","base-only","Модуль is Not Responding (Non SCP)","Модуль is Not Responding (Non SCP)",
"U2011","U","base-only","Модуль Transmitted Неверный Data (Non SCP)","Модуль Transmitted Неверный Data (Non SCP)",
"U2012","U","base-only","Связь Bus Error (Non SCP)","Связь Bus Error (Non SCP)",
"U2013","U","base-only","Compass Модуль is not Responding","Compass Модуль is not Responding",
"U2014","U","base-only","Audio Subwoofer Unit is Not Responding","Audio Subwoofer Unit is Not Responding",
"U2015","U","base-only","Сигнал Link Fault (Non SCP)","Сигнал Link Fault (Non SCP)",
"U2016","U","base-only","Сигнал Link Короткое замыкание на массу (Non SCP) / From NGV Модуль","Сигнал Link Короткое замыкание на массу (Non SCP) / From NGV Модуль",
"U2017","U","base-only","Водитель Side Crash Датчик Связь Fault (Non SCP)","Водитель Side Crash Датчик Связь Fault (Non SCP)",
"U2018","U","base-only","Пассажир Side Crash Датчик Связь Fault (Non SCP)","Пассажир Side Crash Датчик Связь Fault (Non SCP)",
"U2019","U","base-only","Audio Voice Модуль Not Responding","Audio Voice Модуль Not Responding",
"U2020","U","base-only","Audio Center Amp is not responding","Audio Center Amp is not responding",
"U2021","U","base-only","Неверный /fault data received (Non SCP)","Неверный /fault data received (Non SCP)",
"U2150","U","base-only","SCP (J1850) Неверный Data from REM","SCP (J1850) Неверный Data from REM",
"U2152","U","base-only","SCP (J1850) Неверный Data from GEM","SCP (J1850) Неверный Data from GEM",
"U2160","U","base-only","SCP (J1850) Неверный Data from IC","SCP (J1850) Неверный Data from IC",
"U2195","U","base-only","SCP (J1850) Неверный Data from SCLM","SCP (J1850) Неверный Data from SCLM",
"U2500","U","base-only","(CAN) Lack of Acknowledgement From Двигатель Management","(CAN) Lack of Acknowledgement From Двигатель Management",
